cusip,auctionDate,issueDate,securityType,securityTerm,tenor_years,offeringAmount,totalAccepted,totalTendered
912810QU5,2012-04-12,2012-04-16,Bond,29-Year 10-Month,20.0,13000000000.0,15365467900.0,38250188400.0
912810QW1,2012-07-12,2012-07-16,Bond,29-Year 10-Month,20.0,13000000000.0,13000030200.0,35062538200.0
912810QX9,2012-10-11,2012-10-15,Bond,29-Year 10-Month,20.0,13000000000.0,13000014200.0,32369563200.0
912810QY7,2013-01-10,2013-01-15,Bond,29-Year 10-Month,20.0,13000000000.0,13000000900.0,36048702900.0
912810QZ4,2013-04-11,2013-04-15,Bond,29-Year 10-Month,20.0,13000000000.0,13000012900.0,32400770900.0
912810RB6,2013-07-11,2013-07-15,Bond,29-Year 10-Month,20.0,13000000000.0,13000001900.0,29342823200.0
912810RC4,2013-10-10,2013-10-15,Bond,29-Year 10-Month,20.0,13000000000.0,13000040700.0,34337325000.0
912810RD2,2014-01-09,2014-01-15,Bond,29-Year 10-Month,20.0,13000000000.0,13000032100.0,33430279500.0
912810RE0,2014-04-10,2014-04-15,Bond,29-Year 10-Month,20.0,13000000000.0,13000006700.0,32733642400.0
912810RG5,2014-07-10,2014-07-15,Bond,29-Year 10-Month,20.0,13000000000.0,13000017100.0,31247245100.0
912810RH3,2014-10-09,2014-10-15,Bond,29-Year 10-Month,20.0,13000000000.0,13000000900.0,31254927900.0
912810RJ9,2015-01-14,2015-01-15,Bond,29-Year 10-Month,20.0,13000000000.0,13000011900.0,30224682900.0
912810RK6,2015-04-09,2015-04-15,Bond,29-Year 10-Month,20.0,13000000000.0,13000012600.0,28337932600.0
912810RM2,2015-07-09,2015-07-15,Bond,29-Year 10-Month,20.0,13000000000.0,13000001200.0,29003166200.0
912810RN0,2015-10-08,2015-10-15,Bond,29-Year 10-Month,20.0,13000000000.0,13000005300.0,31981623000.0
912810RP5,2016-01-14,2016-01-15,Bond,29-Year 10-Month,20.0,13000000000.0,13000002300.0,29748370300.0
912810RQ3,2016-04-14,2016-04-15,Bond,29-Year 10-Month,20.0,12000000000.0,12084451100.0,28910785100.0
912810RS9,2016-07-13,2016-07-15,Bond,29-Year 10-Month,20.0,12000000000.0,12781587000.0,30598150600.0
912810RT7,2016-10-13,2016-10-17,Bond,29-Year 10-Month,20.0,12000000000.0,12000031000.0,29268487800.0
912810RU4,2017-01-12,2017-01-17,Bond,29-Year 10-Month,20.0,12000000000.0,12664929300.0,28451323300.0
912810RV2,2017-04-12,2017-04-17,Bond,29-Year 10-Month,20.0,12000000000.0,12098641600.0,26811570100.0
912810RX8,2017-07-13,2017-07-17,Bond,29-Year 10-Month,20.0,12000000000.0,12273921200.0,27949941200.0
912810RY6,2017-10-12,2017-10-16,Bond,29-Year 10-Month,20.0,12000000000.0,12000002900.0,30360091400.0
912810RZ3,2018-01-11,2018-01-16,Bond,29-Year 10-Month,20.0,12000000000.0,12406398400.0,33292485200.0
912810SA7,2018-04-12,2018-04-16,Bond,29-Year 10-Month,20.0,13000000000.0,13022289700.0,31409479700.0
912810SC3,2018-07-12,2018-07-16,Bond,29-Year 10-Month,20.0,14000000000.0,14054415600.0,32772713600.0
912810SD1,2018-10-11,2018-10-15,Bond,29-Year 10-Month,20.0,15000000000.0,15000000400.0,36292138200.0
912810SE9,2019-01-10,2019-01-15,Bond,29-Year 10-Month,20.0,16000000000.0,16000003500.0,35059319200.0
912810SF6,2019-04-11,2019-04-15,Bond,29-Year 10-Month,20.0,16000000000.0,16002247400.0,36020719900.0
912810SH2,2019-07-11,2019-07-15,Bond,29-Year 10-Month,20.0,16000000000.0,16136224700.0,34203462700.0
912810SJ8,2019-10-10,2019-10-15,Bond,29-Year 10-Month,20.0,16000000000.0,16000019200.0,35926506300.0
912810SK5,2020-01-09,2020-01-15,Bond,29-Year 10-Month,20.0,16000000000.0,16511946200.0,41182084200.0
912810SL3,2020-04-08,2020-04-15,Bond,29-Year 10-Month,20.0,17000000000.0,17055977200.0,40038822200.0
912810SN9,2020-07-09,2020-07-15,Bond,29-Year 10-Month,20.0,19000000000.0,20666899600.0,49165646600.0
912810SR0,2020-07-22,2020-07-31,Bond,19-Year 10-Month,20.0,17000000000.0,18931875600.0,43275746400.0
912810SP4,2020-10-08,2020-10-15,Bond,29-Year 10-Month,20.0,23000000000.0,23643373500.0,53262282500.0
912810SQ2,2020-10-21,2020-11-02,Bond,19-Year 10-Month,20.0,22000000000.0,24334075500.0,55767221000.0
912810SS8,2021-01-13,2021-01-15,Bond,29-Year 10-Month,20.0,24000000000.0,26412625300.0,61740735700.0
912810ST6,2021-01-20,2021-02-01,Bond,19-Year 10-Month,20.0,24000000000.0,27243816900.0,57942290900.0
912810SU3,2021-04-13,2021-04-15,Bond,29-Year 10-Month,20.0,24000000000.0,27684435400.0,62863089400.0
912810SW9,2021-04-21,2021-04-30,Bond,19-Year 10-Month,20.0,24000000000.0,28583344600.0,62562725600.0
912810SX7,2021-07-13,2021-07-15,Bond,29-Year 10-Month,20.0,24000000000.0,27950950000.0,56584152700.0
912810SY5,2021-07-21,2021-08-02,Bond,19-Year 10-Month,20.0,24000000000.0,26298329200.0,58193295600.0
912810SZ2,2021-10-13,2021-10-15,Bond,29-Year 10-Month,20.0,24000000000.0,25805823000.0,58433943600.0
912810TA6,2021-10-20,2021-11-01,Bond,19-Year 10-Month,20.0,24000000000.0,26439990100.0,56531059700.0
912810TB4,2022-01-13,2022-01-18,Bond,29-Year 10-Month,20.0,22000000000.0,25529881900.0,55327474400.0
912810TC2,2022-01-19,2022-01-31,Bond,19-Year 10-Month,20.0,20000000000.0,22989260500.0,52612313300.0
912810TD0,2022-04-13,2022-04-18,Bond,29-Year 10-Month,20.0,20000000000.0,24770919400.0,50773558800.0
912810TF5,2022-04-20,2022-05-02,Bond,19-Year 10-Month,20.0,16000000000.0,18218454400.0,47033756700.0
91282CEU1,2022-06-07,2022-06-15,Note,3-Year,3.0,44000000000.0,46587278700.0,110521080900.0
91282CEW7,2022-06-27,2022-06-30,Note,5-Year,5.0,47000000000.0,50592129800.0,110854529800.0
91282CEX5,2022-06-27,2022-06-30,Note,2-Year,2.0,46000000000.0,49515934000.0,118912071500.0
91282CEV9,2022-06-28,2022-06-30,Note,7-Year,7.0,40000000000.0,43057150400.0,102302136400.0
91282CEY3,2022-07-11,2022-07-15,Note,3-Year,3.0,43000000000.0,48480681900.0,109875234500.0
91282CEP2,2022-07-12,2022-07-15,Note,9-Year 10-Month,5.0,33000000000.0,37206110400.0,81564065400.0
912810TG3,2022-07-13,2022-07-15,Bond,29-Year 10-Month,20.0,19000000000.0,21421698300.0,48701153200.0
912810TH1,2022-07-20,2022-08-01,Bond,19-Year 10-Month,20.0,14000000000.0,15214669000.0,38370997300.0
91282CFA4,2022-07-25,2022-08-01,Note,2-Year,2.0,45000000000.0,48904336300.0,120135163900.0
91282CFB2,2022-07-26,2022-08-01,Note,5-Year,5.0,46000000000.0,49991086600.0,117310251600.0
91282CFC0,2022-07-28,2022-08-01,Note,7-Year,7.0,38000000000.0,41297000800.0,102246542800.0
91282CFE6,2022-08-09,2022-08-15,Note,3-Year,3.0,42000000000.0,68564317600.0,131590042600.0
91282CFG1,2022-08-23,2022-08-31,Note,2-Year,2.0,44000000000.0,49728465100.0,115188805100.0
91282CFH9,2022-08-24,2022-08-31,Note,5-Year,5.0,45000000000.0,50858640200.0,109237000200.0
91282CFJ5,2022-08-25,2022-08-31,Note,7-Year,7.0,37000000000.0,41817126000.0,103041378900.0
91282CFK2,2022-09-12,2022-09-15,Note,3-Year,3.0,41000000000.0,41000013000.0,102244035000.0
91282CFN6,2022-09-26,2022-09-30,Note,2-Year,2.0,43000000000.0,43000123700.0,107908880200.0
91282CFM8,2022-09-27,2022-09-30,Note,5-Year,5.0,44000000000.0,44000107900.0,99930677900.0
91282CFL0,2022-09-28,2022-09-30,Note,7-Year,7.0,36000000000.0,36000003600.0,92485179600.0
91282CFP1,2022-10-11,2022-10-17,Note,3-Year,3.0,40000000000.0,40000009700.0,102686839700.0
91282CFF3,2022-10-12,2022-10-17,Note,9-Year 10-Month,5.0,32000000000.0,32000029600.0,74894397100.0
912810TJ7,2022-10-13,2022-10-17,Bond,29-Year 10-Month,20.0,18000000000.0,18000001400.0,42950711400.0
912810TK4,2022-10-19,2022-10-31,Bond,19-Year 10-Month,20.0,12000000000.0,12000010800.0,30027737800.0
91282CFQ9,2022-10-25,2022-10-31,Note,2-Year,2.0,42000000000.0,42000045400.0,108656339400.0
91282CFU0,2022-10-26,2022-10-31,Note,5-Year,5.0,43000000000.0,43000006400.0,106618676400.0
91282CFT3,2022-10-27,2022-10-31,Note,7-Year,7.0,35000000000.0,35000027000.0,85063878200.0
91282CFW6,2022-11-08,2022-11-15,Note,3-Year,3.0,40000000000.0,54027076300.0,116752966300.0
91282CFX4,2022-11-21,2022-11-30,Note,2-Year,2.0,42000000000.0,46566125200.0,115563037700.0
91282CFZ9,2022-11-21,2022-11-30,Note,5-Year,5.0,43000000000.0,47674762400.0,107439473800.0
91282CFY2,2022-11-22,2022-11-30,Note,7-Year,7.0,35000000000.0,38805040100.0,85357214100.0
91282CGA3,2022-12-12,2022-12-15,Note,3-Year,3.0,40000000000.0,40000047800.0,102056647800.0
91282CGD7,2022-12-27,2023-01-03,Note,2-Year,2.0,42000000000.0,42000043000.0,113955627000.0
91282CGC9,2022-12-28,2023-01-03,Note,5-Year,5.0,43000000000.0,43000018900.0,105587972000.0
91282CGB1,2022-12-29,2023-01-03,Note,7-Year,7.0,35000000000.0,35000010200.0,85874350200.0
91282CGE5,2023-01-10,2023-01-17,Note,3-Year,3.0,40000000000.0,40000009200.0,113578584200.0
91282CFV8,2023-01-11,2023-01-17,Note,9-Year 10-Month,5.0,32000000000.0,32000033900.0,80941653900.0
912810TL2,2023-01-12,2023-01-17,Bond,29-Year 10-Month,20.0,18000000000.0,18000040700.0,44109278700.0
912810TM0,2023-01-18,2023-01-31,Bond,19-Year 10-Month,20.0,12000000000.0,12000004700.0,33956802400.0
91282CGG0,2023-01-24,2023-01-31,Note,2-Year,2.0,42000000000.0,42000002800.0,123650302800.0
91282CGJ4,2023-01-26,2023-01-31,Note,7-Year,7.0,35000000000.0,35000009400.0,94174359400.0
91282CGL9,2023-02-07,2023-02-15,Note,3-Year,3.0,40000000000.0,55631649500.0,108942024500.0
91282CGN5,2023-02-21,2023-02-28,Note,2-Year,2.0,42000000000.0,51542599200.0,119308597200.0
91282CGP0,2023-02-22,2023-02-28,Note,5-Year,5.0,43000000000.0,52769839400.0,116516487900.0
91282CGR6,2023-03-07,2023-03-15,Note,3-Year,3.0,40000000000.0,40000003600.0,109064539600.0
91282CGU9,2023-03-27,2023-03-31,Note,2-Year,2.0,42000000000.0,42000018600.0,102406568600.0
91282CGT2,2023-03-28,2023-03-31,Note,5-Year,5.0,43000000000.0,43000054200.0,106634082700.0
91282CGS4,2023-03-29,2023-03-31,Note,7-Year,7.0,35000000000.0,35000010400.0,83785864100.0
91282CGV7,2023-04-11,2023-04-17,Note,3-Year,3.0,40000000000.0,42557489100.0,106354743100.0
91282CGM7,2023-04-12,2023-04-17,Note,9-Year 10-Month,5.0,32000000000.0,34046008600.0,77468793600.0
912810TN8,2023-04-13,2023-04-17,Bond,29-Year 10-Month,20.0,18000000000.0,19150871600.0,43609012000.0
912810TQ1,2023-04-19,2023-05-01,Bond,19-Year 10-Month,20.0,12000000000.0,13171112900.0,33125754900.0
91282CGX3,2023-04-25,2023-05-01,Note,2-Year,2.0,42000000000.0,46098902200.0,116646352200.0
91282CHA2,2023-04-26,2023-05-01,Note,5-Year,5.0,43000000000.0,47196460700.0,113346060700.0
91282CGZ8,2023-04-27,2023-05-01,Note,7-Year,7.0,35000000000.0,38415712700.0,87940030200.0
91282CHB0,2023-05-09,2023-05-15,Note,3-Year,3.0,40000000000.0,50897713300.0,128065108800.0
91282CHD6,2023-05-23,2023-05-31,Note,2-Year,2.0,42000000000.0,49887600600.0,129665477300.0
91282CHE4,2023-05-24,2023-05-31,Note,5-Year,5.0,43000000000.0,51075301400.0,119032625100.0
91282CHF1,2023-05-25,2023-05-31,Note,7-Year,7.0,35000000000.0,41573013500.0,97892008900.0
91282CHH7,2023-06-12,2023-06-15,Note,3-Year,3.0,40000000000.0,40000073800.0,107831969600.0
91282CHL8,2023-06-26,2023-06-30,Note,2-Year,2.0,42000000000.0,42000044500.0,120126760500.0
91282CHK0,2023-06-27,2023-06-30,Note,5-Year,5.0,43000000000.0,43000072100.0,108201132200.0
91282CHJ3,2023-06-28,2023-06-30,Note,7-Year,7.0,35000000000.0,35000007900.0,92871807100.0
91282CHM6,2023-07-11,2023-07-17,Note,3-Year,3.0,40000000000.0,40000012600.0,115286447500.0
91282CHC8,2023-07-12,2023-07-17,Note,9-Year 10-Month,5.0,32000000000.0,32000010200.0,81020970600.0
912810TR9,2023-07-13,2023-07-17,Bond,29-Year 10-Month,20.0,18000000000.0,18000002300.0,43784382300.0
912810TS7,2023-07-19,2023-07-31,Bond,19-Year 10-Month,20.0,12000000000.0,12000005400.0,32198742400.0
91282CHN4,2023-07-24,2023-07-31,Note,2-Year,2.0,42000000000.0,42000109600.0,116839219600.0
91282CHQ7,2023-07-25,2023-07-31,Note,5-Year,5.0,43000000000.0,43000047900.0,111896244100.0
91282CHR5,2023-07-27,2023-07-31,Note,7-Year,7.0,35000000000.0,35000002700.0,86765302700.0
91282CHU8,2023-08-08,2023-08-15,Note,3-Year,3.0,42000000000.0,57712800900.0,137539296800.0
91282CHV6,2023-08-28,2023-08-31,Note,2-Year,2.0,45000000000.0,49675357100.0,137117785800.0
91282CHX2,2023-08-28,2023-08-31,Note,5-Year,5.0,46000000000.0,50779277000.0,121402759900.0
91282CHW4,2023-08-29,2023-08-31,Note,7-Year,7.0,36000000000.0,39740231100.0,99593723600.0
91282CHY0,2023-09-11,2023-09-15,Note,3-Year,3.0,44000000000.0,44000032600.0,121026908100.0
91282CJB8,2023-09-26,2023-10-02,Note,2-Year,2.0,48000000000.0,48000137800.0,130923315800.0
91282CJA0,2023-09-27,2023-10-02,Note,5-Year,5.0,49000000000.0,49000049600.0,123585241100.0
91282CHZ7,2023-09-28,2023-10-02,Note,7-Year,7.0,37000000000.0,37000026500.0,91219272100.0
91282CJC6,2023-10-10,2023-10-16,Note,3-Year,3.0,46000000000.0,46000008300.0,117850808300.0
91282CHT1,2023-10-11,2023-10-16,Note,9-Year 10-Month,5.0,35000000000.0,35000052400.0,87507724600.0
912810TT5,2023-10-12,2023-10-16,Bond,29-Year 10-Month,20.0,20000000000.0,20000002800.0,46974932800.0
912810TU2,2023-10-18,2023-10-31,Bond,19-Year 10-Month,20.0,13000000000.0,13000016300.0,33617891300.0
91282CJE2,2023-10-24,2023-10-31,Note,2-Year,2.0,51000000000.0,51000026900.0,134413900100.0
91282CJF9,2023-10-25,2023-10-31,Note,5-Year,5.0,52000000000.0,52000027800.0,122956296800.0
91282CJG7,2023-10-26,2023-10-31,Note,7-Year,7.0,38000000000.0,38000032300.0,102749692300.0
91282CJK8,2023-11-07,2023-11-15,Note,3-Year,3.0,48000000000.0,48913468500.0,128971178100.0
91282CJL6,2023-11-27,2023-11-30,Note,2-Year,2.0,54000000000.0,54622032900.0,137569670400.0
91282CJN2,2023-11-27,2023-11-30,Note,5-Year,5.0,55000000000.0,55633518500.0,136086878200.0
91282CJM4,2023-11-28,2023-11-30,Note,7-Year,7.0,39000000000.0,39449232700.0,95704757700.0
91282CJP7,2023-12-11,2023-12-15,Note,3-Year,3.0,50000000000.0,50000068500.0,120796778500.0
91282CJS1,2023-12-26,2024-01-02,Note,2-Year,2.0,57000000000.0,57000058100.0,152676029000.0
91282CJR3,2023-12-27,2024-01-02,Note,5-Year,5.0,58000000000.0,58000021100.0,145035462700.0
91282CJQ5,2023-12-28,2024-01-02,Note,7-Year,7.0,40000000000.0,40000020000.0,99915248200.0
91282CJT9,2024-01-09,2024-01-16,Note,3-Year,3.0,52000000000.0,52000056800.0,138967271900.0
91282CJJ1,2024-01-10,2024-01-16,Note,9-Year 10-Month,5.0,37000000000.0,37000011200.0,94874853700.0
912810TV0,2024-01-11,2024-01-16,Bond,29-Year 10-Month,20.0,21000000000.0,21000006300.0,49716151100.0
912810TW8,2024-01-17,2024-01-31,Bond,19-Year 10-Month,20.0,13000000000.0,13000010700.0,32901510400.0
91282CJV4,2024-01-23,2024-01-31,Note,2-Year,2.0,60000000000.0,60000062600.0,154232738200.0
91282CJW2,2024-01-24,2024-01-31,Note,5-Year,5.0,61000000000.0,61000063600.0,141168501100.0
91282CJX0,2024-01-25,2024-01-31,Note,7-Year,7.0,41000000000.0,41000041100.0,105543904100.0
91282CKA8,2024-02-06,2024-02-15,Note,3-Year,3.0,54000000000.0,57993720900.0,143344994900.0
91282CKB6,2024-02-26,2024-02-29,Note,2-Year,2.0,63000000000.0,65725715600.0,159709649500.0
91282CKD2,2024-02-26,2024-02-29,Note,5-Year,5.0,64000000000.0,66768916600.0,157232464100.0
91282CKC4,2024-02-27,2024-02-29,Note,7-Year,7.0,42000000000.0,43817110700.0,110048696800.0
91282CKE0,2024-03-11,2024-03-15,Note,3-Year,3.0,56000000000.0,56000018600.0,145816422300.0
91282CKH3,2024-03-25,2024-04-01,Note,2-Year,2.0,66000000000.0,66000028700.0,172885569100.0
91282CKG5,2024-03-26,2024-04-01,Note,5-Year,5.0,67000000000.0,67000049700.0,161526139600.0
91282CKF7,2024-03-27,2024-04-01,Note,7-Year,7.0,43000000000.0,43000000600.0,112406413600.0
91282CKJ9,2024-04-09,2024-04-15,Note,3-Year,3.0,58000000000.0,58956538700.0,145805811200.0
91282CJZ5,2024-04-10,2024-04-15,Note,9-Year 10-Month,5.0,39000000000.0,39643278400.0,91748378400.0
912810TX6,2024-04-11,2024-04-15,Bond,29-Year 10-Month,20.0,22000000000.0,22362826900.0,52434584500.0
912810TZ1,2024-04-17,2024-04-30,Bond,19-Year 10-Month,20.0,13000000000.0,13061977000.0,36716398400.0
91282CKK6,2024-04-23,2024-04-30,Note,2-Year,2.0,69000000000.0,69328870200.0,183777750200.0
91282CKP5,2024-04-24,2024-04-30,Note,5-Year,5.0,70000000000.0,70333647700.0,167390398200.0
91282CKN0,2024-04-25,2024-04-30,Note,7-Year,7.0,44000000000.0,44209715500.0,109368420500.0
91282CKR1,2024-05-07,2024-05-15,Note,3-Year,3.0,58000000000.0,65290209800.0,159930388000.0
91282CKS9,2024-05-28,2024-05-31,Note,2-Year,2.0,69000000000.0,73096387700.0,170105487700.0
91282CKT7,2024-05-28,2024-05-31,Note,5-Year,5.0,70000000000.0,74155764000.0,164834676800.0
91282CKU4,2024-05-29,2024-05-31,Note,7-Year,7.0,44000000000.0,46612240400.0,109416353400.0
91282CKV2,2024-06-10,2024-06-17,Note,3-Year,3.0,58000000000.0,59876059100.0,142991557100.0
91282CKY6,2024-06-25,2024-07-01,Note,2-Year,2.0,69000000000.0,71402712600.0,192191805500.0
91282CKX8,2024-06-26,2024-07-01,Note,5-Year,5.0,70000000000.0,72437531400.0,167267516700.0
91282CKW0,2024-06-27,2024-07-01,Note,7-Year,7.0,44000000000.0,45532190200.0,115108672600.0
91282CKZ3,2024-07-09,2024-07-15,Note,3-Year,3.0,58000000000.0,67423503800.0,164119003800.0
91282CKQ3,2024-07-10,2024-07-15,Note,9-Year 10-Month,5.0,39000000000.0,45336567200.0,106761715400.0
912810UA4,2024-07-11,2024-07-15,Bond,29-Year 10-Month,20.0,22000000000.0,25574432800.0,54158192800.0
912810UB2,2024-07-17,2024-07-31,Bond,19-Year 10-Month,20.0,13000000000.0,13716789100.0,35616003500.0
91282CLB5,2024-07-23,2024-07-31,Note,2-Year,2.0,69000000000.0,72804526100.0,197960920100.0
91282CLC3,2024-07-24,2024-07-31,Note,5-Year,5.0,70000000000.0,73859602700.0,171829552700.0
91282CLD1,2024-07-25,2024-07-31,Note,7-Year,7.0,44000000000.0,46426114700.0,118469714700.0
91282CLG4,2024-08-06,2024-08-15,Note,3-Year,3.0,58000000000.0,69030182700.0,159002762700.0
91282CLH2,2024-08-27,2024-09-03,Note,2-Year,2.0,69000000000.0,74486516100.0,190276718800.0
91282CLK5,2024-08-28,2024-09-03,Note,5-Year,5.0,70000000000.0,75566080600.0,174338755400.0
91282CLJ8,2024-08-29,2024-09-03,Note,7-Year,7.0,44000000000.0,47498677700.0,113503043700.0
91282CLL3,2024-09-10,2024-09-16,Note,3-Year,3.0,58000000000.0,58554417200.0,154967032700.0
91282CLP4,2024-09-24,2024-09-30,Note,2-Year,2.0,69000000000.0,70424647300.0,179988391200.0
91282CLN9,2024-09-25,2024-09-30,Note,5-Year,5.0,70000000000.0,71445154300.0,168383886600.0
91282CLM1,2024-09-26,2024-09-30,Note,7-Year,7.0,44000000000.0,44908314000.0,116558354000.0
91282CLQ2,2024-10-08,2024-10-15,Note,3-Year,3.0,58000000000.0,58796091400.0,143021848200.0
91282CLF6,2024-10-09,2024-10-15,Note,9-Year 10-Month,5.0,39000000000.0,39535267300.0,97309077800.0
912810UC0,2024-10-10,2024-10-15,Bond,29-Year 10-Month,20.0,22000000000.0,22301948200.0,55201874700.0
912810UD8,2024-10-23,2024-10-31,Bond,19-Year 10-Month,20.0,13000000000.0,13219300000.0,33903724000.0
91282CLR0,2024-10-28,2024-10-31,Note,5-Year,5.0,70000000000.0,71180811500.0,168521656500.0
91282CLS8,2024-10-28,2024-10-31,Note,2-Year,2.0,69000000000.0,70164113400.0,173909709400.0
91282CLU3,2024-10-29,2024-10-31,Note,7-Year,7.0,44000000000.0,44742219600.0,121176492300.0
91282CLX7,2024-11-04,2024-11-15,Note,3-Year,3.0,58000000000.0,72095620100.0,165049168600.0
91282CLY5,2024-11-25,2024-12-02,Note,2-Year,2.0,69000000000.0,73693402000.0,196153787000.0
91282CMA6,2024-11-26,2024-12-02,Note,5-Year,5.0,70000000000.0,74761379400.0,174953315900.0
91282CLZ2,2024-11-27,2024-12-02,Note,7-Year,7.0,44000000000.0,46992807400.0,122176981400.0
91282CMB4,2024-12-10,2024-12-16,Note,3-Year,3.0,58000000000.0,58415483800.0,149906083800.0
91282CME8,2024-12-23,2024-12-31,Note,2-Year,2.0,69000000000.0,69678721900.0,189004166500.0
91282CMD0,2024-12-24,2024-12-31,Note,5-Year,5.0,70000000000.0,70688599900.0,168560836400.0
91282CMC2,2024-12-26,2024-12-31,Note,7-Year,7.0,44000000000.0,44433012100.0,121807340800.0
