cusip,issueDate,securityType,securityTerm,auctionDate,auctionDateYear,originalDatedDate,highYield,highDiscountRate,highInvestmentRate,highPrice,averageMedianYield,averageMedianDiscountRate,averageMedianInvestmentRate,averageMedianPrice,lowYield,lowDiscountRate,lowInvestmentRate,lowPrice,bidToCoverRatio,allocationPercentage,allocationPercentageDecimals,competitiveTendered,competitiveAccepted,noncompetitiveTendered,noncompetitiveAccepted,directBidderTendered,directBidderAccepted,indirectBidderTendered,indirectBidderAccepted,primaryDealerTendered,primaryDealerAccepted,fimaNoncompetitiveTendered,fimaNoncompetitiveAccepted,offeringAmount,totalAccepted,totalTendered,term,tintCusip,tips,frn
912810QU5,2012-04-16,Bond,29-Year 10-Month,2012-04-12,2012,2012-02-15T00:00:00,3.23,,,97.993453,3.171,,,,3.1,,,,2.76,23.17,2,35879700000.0,12994979500.0,,5030300.0,4450250000.0,1739567000.0,6667450000.0,3986035000.0,24762000000.0,7269377500.0,0.0,0.0,13000000000.0,15365467900.0,38250188400.0,30-Year,,No,
912810QW1,2012-07-16,Bond,29-Year 10-Month,2012-07-12,2012,2012-05-15T00:00:00,2.58,,,108.697683,2.549,,,,2.436,,,,2.7,40.64,2,35052700000.0,12990192000.0,,9838200.0,5179000000.0,2614160000.0,7591700000.0,4774360000.0,22282000000.0,5601672000.0,0.0,0.0,13000000000.0,13000030200.0,35062538200.0,30-Year,,No,
912810QX9,2012-10-15,Bond,29-Year 10-Month,2012-10-11,2012,2012-08-15T00:00:00,2.904,,,96.936227,2.844,,,,2.797,,,,2.49,96.46,2,32364250000.0,12994701000.0,,5313200.0,4912000000.0,1840000000.0,4368250000.0,3447250000.0,23084000000.0,7707451000.0,0.0,0.0,13000000000.0,13000014200.0,32369563200.0,30-Year,,No,
912810QY7,2013-01-15,Bond,29-Year 10-Month,2013-01-10,2013,2012-11-15T00:00:00,3.07,,,93.77221,3.032,,,,2.98,,,,2.77,5.45,2,36038417500.0,12989715500.0,,10285400.0,5033000000.0,2163163500.0,6936417500.0,4916389500.0,24069000000.0,5910162500.0,0.0,0.0,13000000000.0,13000000900.0,36048702900.0,30-Year,,No,
912810QZ4,2013-04-15,Bond,29-Year 10-Month,2013-04-11,2013,2013-02-15T00:00:00,2.998,,,102.487803,2.95,,,,2.9,,,,2.49,33.48,2,32395250000.0,12994492000.0,,5520900.0,4781500000.0,2499522000.0,5412750000.0,4085578000.0,22201000000.0,6409392000.0,0.0,0.0,13000000000.0,13000012900.0,32400770900.0,30-Year,,No,
912810RB6,2013-07-15,Bond,29-Year 10-Month,2013-07-11,2013,2013-05-15T00:00:00,3.66,,,85.814558,3.619,,,,3.5,,,,2.26,81.51,2,29334100000.0,12991278700.0,,8723200.0,3513000000.0,2122630200.0,6367600000.0,5224310300.0,19453500000.0,5644338200.0,0.0,0.0,13000000000.0,13000001900.0,29342823200.0,30-Year,,No,
912810RC4,2013-10-15,Bond,29-Year 10-Month,2013-10-10,2013,2013-08-15T00:00:00,3.758,,,97.618838,3.74,,,,3.68,,,,2.64,78.39,2,34324950000.0,12987665700.0,,2375000.0,5478000000.0,2941390000.0,7856950000.0,5438275700.0,20990000000.0,4608000000.0,10000000.0,10000000.0,13000000000.0,13000040700.0,34337325000.0,30-Year,,No,
912810RD2,2014-01-15,Bond,29-Year 10-Month,2014-01-09,2014,2013-11-15T00:00:00,3.899,,,97.378077,3.86,,,,3.8,,,,2.57,69.13,2,33424300000.0,12994052600.0,,5979500.0,4408000000.0,2272826000.0,7436700000.0,5772531600.0,21579600000.0,4948695000.0,0.0,0.0,13000000000.0,13000032100.0,33430279500.0,30-Year,,No,
912810RE0,2014-04-15,Bond,29-Year 10-Month,2014-04-10,2014,2014-02-15T00:00:00,3.525,,,101.829866,3.486,,,,3.43,,,,2.52,27.57,2,32728450000.0,12994814300.0,,5192400.0,3453000000.0,2326275700.0,7462750000.0,5631376100.0,21812700000.0,5037162500.0,0.0,0.0,13000000000.0,13000006700.0,32733642400.0,30-Year,,No,
912810RG5,2014-07-15,Bond,29-Year 10-Month,2014-07-10,2014,2014-05-15T00:00:00,3.369,,,100.106136,3.322,,,,3.25,,,,2.4,91.54,2,31239500000.0,12992272000.0,,7745100.0,2518000000.0,1440577000.0,8351500000.0,6916500000.0,20370000000.0,4635195000.0,0.0,0.0,13000000000.0,13000017100.0,31247245100.0,30-Year,,No,
912810RH3,2014-10-15,Bond,29-Year 10-Month,2014-10-09,2014,2014-08-15T00:00:00,3.074,,,100.986092,3.04,,,,2.97,,,,2.4,94.39,2,31247900000.0,12992973000.0,,2027900.0,4707000000.0,2799000000.0,7042900000.0,6004900000.0,19498000000.0,4189073000.0,5000000.0,5000000.0,13000000000.0,13000000900.0,31254927900.0,30-Year,,No,
912810RJ9,2015-01-15,Bond,29-Year 10-Month,2015-01-14,2015,2014-11-15T00:00:00,2.43,,,112.041418,2.374,,,,2.28,,,,2.32,29.89,2,30221360000.0,12996689000.0,,3322900.0,2585000000.0,1779454800.0,7603360000.0,6356689500.0,20033000000.0,4860544700.0,0.0,0.0,13000000000.0,13000011900.0,30224682900.0,30-Year,,No,
912810RK6,2015-04-15,Bond,29-Year 10-Month,2015-04-09,2015,2015-02-15T00:00:00,2.597,,,97.990952,2.529,,,,2.45,,,,2.18,40.72,2,28329707000.0,12991787000.0,,8225600.0,1477000000.0,906000000.0,6906707000.0,6659427000.0,19946000000.0,5426360000.0,0.0,0.0,13000000000.0,13000012600.0,28337932600.0,30-Year,,No,
912810RM2,2015-07-15,Bond,29-Year 10-Month,2015-07-09,2015,2015-05-15T00:00:00,3.084,,,98.364175,3.023,,,,2.934,,,,2.23,49.67,2,28993300000.0,12990135000.0,,9866200.0,2209000000.0,1055000000.0,7154300000.0,6635135000.0,19630000000.0,5300000000.0,0.0,0.0,13000000000.0,13000001200.0,29003166200.0,30-Year,,No,
912810RN0,2015-10-15,Bond,29-Year 10-Month,2015-10-08,2015,2015-08-15T00:00:00,2.914,,,99.221618,2.874,,,,2.795,,,,2.46,91.87,2,31979971000.0,12998353300.0,,1652000.0,3571000000.0,2017000000.0,7693471000.0,7328983300.0,20715500000.0,3652370000.0,0.0,0.0,13000000000.0,13000005300.0,31981623000.0,30-Year,,No,
912810RP5,2016-01-15,Bond,29-Year 10-Month,2016-01-14,2016,2015-11-15T00:00:00,2.905,,,101.882164,2.842,,,,2.715,,,,2.29,62.27,2,29735630000.0,12987262000.0,,12740300.0,2437000000.0,1409000000.0,7702130000.0,7340243500.0,19596500000.0,4238018500.0,0.0,0.0,13000000000.0,13000002300.0,29748370300.0,30-Year,,No,
912810RQ3,2016-04-15,Bond,29-Year 10-Month,2016-04-14,2016,2016-02-15T00:00:00,2.596,,,98.01143,2.56,,,,2.388,,,,2.4,81.3,2,28813850000.0,11987516000.0,,12487500.0,2333500000.0,1296500000.0,9241850000.0,7804671000.0,17238500000.0,2886345000.0,0.0,0.0,12000000000.0,12084451100.0,28910785100.0,30-Year,,No,
912810RS9,2016-07-15,Bond,29-Year 10-Month,2016-07-13,2016,2016-05-15T00:00:00,2.172,,,107.171412,2.13,,,,2.0,,,,2.48,93.96,2,29813473000.0,11996909400.0,,3090800.0,1518500000.0,1009500000.0,10208973000.0,8217221400.0,18086000000.0,2770188000.0,0.0,0.0,12000000000.0,12781587000.0,30598150600.0,30-Year,,No,
912810RT7,2016-10-17,Bond,29-Year 10-Month,2016-10-13,2016,2016-08-15T00:00:00,2.47,,,95.372563,2.425,,,,2.3,,,,2.44,48.9,2,29261599000.0,11993142200.0,,6888800.0,1367000000.0,735000000.0,9527099000.0,7842737200.0,18367500000.0,3415405000.0,0.0,0.0,12000000000.0,12000031000.0,29268487800.0,30-Year,,No,
912810RU4,2017-01-17,Bond,29-Year 10-Month,2017-01-12,2017,2016-11-15T00:00:00,2.914,,,99.221642,2.85,,,,2.75,,,,2.32,47.34,2,27781329000.0,11994935000.0,,5068600.0,1119000000.0,544000000.0,9199829000.0,7995435000.0,17462500000.0,3455500000.0,0.0,0.0,12000000000.0,12664929300.0,28451323300.0,30-Year,,No,
912810RV2,2017-04-17,Bond,29-Year 10-Month,2017-04-12,2017,2017-02-15T00:00:00,2.938,,,101.221385,2.861,,,,2.8,,,,2.23,27.01,2,26705679000.0,11992750500.0,,7259000.0,1248000000.0,698000000.0,8729679000.0,7731235500.0,16728000000.0,3563515000.0,0.0,0.0,12000000000.0,12098641600.0,26811570100.0,30-Year,,No,
912810RX8,2017-07-17,Bond,29-Year 10-Month,2017-07-13,2017,2017-05-15T00:00:00,2.936,,,101.261161,2.87,,,,2.5,,,,2.31,30.56,2,27671990000.0,11995970000.0,,4044300.0,1295000000.0,765000000.0,8260990000.0,7399330000.0,18116000000.0,3831640000.0,0.0,0.0,12000000000.0,12273921200.0,27949941200.0,30-Year,,No,
912810RY6,2017-10-16,Bond,29-Year 10-Month,2017-10-12,2017,2017-08-15T00:00:00,2.87,,,97.601366,2.824,,,,2.5,,,,2.53,23.37,2,30355186000.0,11995097500.0,,4905400.0,1902000000.0,1272000000.0,10066126000.0,7533526000.0,18387060000.0,3189571500.0,0.0,0.0,12000000000.0,12000002900.0,30360091400.0,30-Year,,No,
912810RZ3,2018-01-16,Bond,29-Year 10-Month,2018-01-11,2018,2017-11-15T00:00:00,2.867,,,97.660428,2.834,,,,2.288,,,,2.74,41.08,2,32883440000.0,11997353200.0,,2656200.0,1420000000.0,873000000.0,13260740000.0,8576790000.0,18202700000.0,2547563200.0,0.0,0.0,12000000000.0,12406398400.0,33292485200.0,30-Year,,No,
912810SA7,2018-04-16,Bond,29-Year 10-Month,2018-04-12,2018,2018-02-15T00:00:00,3.044,,,99.136422,2.999,,,,2.188,,,,2.41,41.8,2,31385387000.0,12998197000.0,,1805600.0,2546000000.0,1896000000.0,10064387000.0,7931197000.0,18775000000.0,3171000000.0,0.0,0.0,13000000000.0,13022289700.0,31409479700.0,30-Year,,No,
912810SC3,2018-07-16,Bond,29-Year 10-Month,2018-07-12,2018,2018-05-15T00:00:00,2.958,,,103.289415,2.914,,,,2.688,,,,2.34,46.9,2,32713362000.0,13995064000.0,,4936500.0,2095000000.0,1445000000.0,10453362000.0,8660064000.0,20165000000.0,3890000000.0,0.0,0.0,14000000000.0,14054415600.0,32772713600.0,30-Year,,No,
912810SD1,2018-10-15,Bond,29-Year 10-Month,2018-10-11,2018,2018-08-15T00:00:00,3.344,,,93.532007,3.309,,,,3.23,,,,2.42,5.26,2,36290104000.0,14997966200.0,,2034200.0,2566000000.0,1916000000.0,11860104000.0,9660865200.0,21864000000.0,3421101000.0,0.0,0.0,15000000000.0,15000000400.0,36292138200.0,30-Year,,No,
912810SE9,2019-01-15,Bond,29-Year 10-Month,2019-01-10,2019,2018-11-15T00:00:00,3.035,,,106.635985,2.99,,,,2.588,,,,2.19,73.89,2,35052100000.0,15992784300.0,,7219200.0,3185100000.0,2550100000.0,10110000000.0,9167181300.0,21757000000.0,4275503000.0,0.0,0.0,16000000000.0,16000003500.0,35059319200.0,30-Year,,No,
912810SF6,2019-04-15,Bond,29-Year 10-Month,2019-04-11,2019,2019-02-15T00:00:00,2.93,,,101.381292,2.87,,,,2.488,,,,2.25,59.85,2,36015690000.0,15997217500.0,,2806800.0,2988400000.0,2303362500.0,10424290000.0,9672215000.0,22603000000.0,4021640000.0,0.0,0.0,16000000000.0,16002247400.0,36020719900.0,30-Year,,No,
912810SH2,2019-07-15,Bond,29-Year 10-Month,2019-07-11,2019,2019-05-15T00:00:00,2.644,,,104.742265,2.57,,,,1.888,,,,2.13,19.72,2,34059995000.0,15992757000.0,,7247000.0,2683300000.0,2683300000.0,8503695000.0,7994695000.0,22873000000.0,5314762000.0,0.0,0.0,16000000000.0,16136224700.0,34203462700.0,30-Year,,No,
912810SJ8,2019-10-15,Bond,29-Year 10-Month,2019-10-10,2019,2019-08-15T00:00:00,2.17,,,101.747638,2.119,,,,1.8,,,,2.25,75.61,2,35923790000.0,15997302900.0,,2716300.0,2980600000.0,2965600000.0,10695190000.0,9361946400.0,22248000000.0,3669756500.0,0.0,0.0,16000000000.0,16000019200.0,35926506300.0,30-Year,,No,
912810SK5,2020-01-15,Bond,29-Year 10-Month,2020-01-09,2020,2019-11-15T00:00:00,2.341,,,100.723975,2.31,,,,0.88,,,,2.54,9.9,2,40653470000.0,15983332000.0,,16673100.0,3574700000.0,2858734300.0,13771770000.0,10074122700.0,23307000000.0,3050475000.0,0.0,0.0,16000000000.0,16511946200.0,41182084200.0,30-Year,,No,
912810SL3,2020-04-15,Bond,29-Year 10-Month,2020-04-08,2020,2020-02-15T00:00:00,1.325,,,116.588638,1.27,,,,0.08,,,,2.35,18.15,2,39979345700.0,16996500700.0,,3523500.0,2552000000.0,1862000000.0,14058845700.0,11292295700.0,23368500000.0,3842205000.0,0.0,0.0,17000000000.0,17055977200.0,40038822200.0,30-Year,,No,
912810SN9,2020-07-15,Bond,29-Year 10-Month,2020-07-09,2020,2020-05-15T00:00:00,1.33,,,98.034284,1.294,,,,0.88,,,,2.5,63.47,2,47495820000.0,18997073000.0,,941300.0,5143500000.0,1995000000.0,16664320000.0,13687096400.0,25688000000.0,3314976600.0,2000000.0,2000000.0,19000000000.0,20666899600.0,49165646600.0,30-Year,,No,
912810SR0,2020-07-31,Bond,19-Year 10-Month,2020-07-22,2020,2020-05-15T00:00:00,1.059,,,101.174893,1.0,,,,0.88,,,,2.43,33.47,2,41343450000.0,16999579200.0,,442300.0,3705000000.0,1999000000.0,13044450000.0,11391799100.0,24594000000.0,3608780100.0,0.0,0.0,17000000000.0,18931875600.0,43275746400.0,20-Year,,No,
912810SP4,2020-10-15,Bond,29-Year 10-Month,2020-10-08,2020,2020-08-15T00:00:00,1.578,,,95.183187,1.513,,,,1.45,,,,2.29,18.34,2,52615060800.0,22996151800.0,,3849000.0,5957400000.0,3443400000.0,14922660800.0,14260830800.0,31735000000.0,5291921000.0,0.0,0.0,23000000000.0,23643373500.0,53262282500.0,30-Year,,No,
912810SQ2,2020-11-02,Bond,19-Year 10-Month,2020-10-21,2020,2020-08-15T00:00:00,1.37,,,95.765607,1.325,,,,0.08,,,,2.43,96.29,2,53431640000.0,21998494500.0,,1520600.0,5431000000.0,3431000000.0,16410640000.0,13847349500.0,31590000000.0,4720145000.0,0.0,0.0,22000000000.0,24334075500.0,55767221000.0,20-Year,,No,
912810SS8,2021-01-15,Bond,29-Year 10-Month,2021-01-13,2021,2020-11-15T00:00:00,1.825,,,95.413195,1.79,,,,0.08,,,,2.47,79.27,2,59324623000.0,23996512600.0,,3489200.0,6338200000.0,4128017500.0,20691423000.0,16471750600.0,32295000000.0,3396744500.0,0.0,0.0,24000000000.0,26412625300.0,61740735700.0,30-Year,,No,
912810ST6,2021-02-01,Bond,19-Year 10-Month,2021-01-20,2021,2020-11-15T00:00:00,1.657,,,95.258107,1.6,,,,0.08,,,,2.28,82.12,2,54695950000.0,23997476000.0,,2547400.0,5727000000.0,3482530000.0,15527950000.0,14336130000.0,33441000000.0,6178816000.0,0.0,0.0,24000000000.0,27243816900.0,57942290900.0,20-Year,,No,
912810SU3,2021-04-15,Bond,29-Year 10-Month,2021-04-13,2021,2021-02-15T00:00:00,2.32,,,90.4542,2.27,,,,2.19,,,,2.47,54.85,2,59171672000.0,23993018000.0,,7015000.0,7810000000.0,5265970000.0,19005672000.0,14625648000.0,32356000000.0,4101400000.0,0.0,0.0,24000000000.0,27684435400.0,62863089400.0,30-Year,,No,
912810SW9,2021-04-30,Bond,19-Year 10-Month,2021-04-21,2021,2021-02-15T00:00:00,2.144,,,95.676788,2.092,,,,0.08,,,,2.42,17.74,2,57975000000.0,23995619000.0,,4385800.0,7888000000.0,4843000000.0,16482000000.0,14092071000.0,33605000000.0,5060548000.0,0.0,0.0,24000000000.0,28583344600.0,62562725600.0,20-Year,,No,
912810SX7,2021-07-15,Bond,29-Year 10-Month,2021-07-13,2021,2021-05-15T00:00:00,2.0,,,108.392467,1.9,,,,1.87,,,,2.19,62.83,2,52631750000.0,23998547300.0,,1484700.0,6141700000.0,3989841500.0,14882050000.0,14661125000.0,31608000000.0,5347580800.0,0.0,0.0,24000000000.0,27950950000.0,56584152700.0,30-Year,,No,
912810SY5,2021-08-02,Bond,19-Year 10-Month,2021-07-21,2021,2021-05-15T00:00:00,1.89,,,105.917067,1.8,,,,0.88,,,,2.33,22.24,2,55893630000.0,23998663600.0,,1354200.0,6720000000.0,4545000000.0,16385630000.0,14436534000.0,32788000000.0,5017129600.0,0.0,0.0,24000000000.0,26298329200.0,58193295600.0,20-Year,,No,
912810SZ2,2021-10-15,Bond,29-Year 10-Month,2021-10-13,2021,2021-08-15T00:00:00,2.049,,,98.908044,1.97,,,,1.9,,,,2.36,64.54,2,56624335000.0,23996214400.0,,3808600.0,6633000000.0,4120000000.0,18246335000.0,16928214400.0,31745000000.0,2948000000.0,0.0,0.0,24000000000.0,25805823000.0,58433943600.0,30-Year,,No,
912810TA6,2021-11-01,Bond,19-Year 10-Month,2021-10-20,2021,2021-08-15T00:00:00,2.1,,,94.354444,2.007,,,,1.88,,,,2.25,97.19,2,54084840000.0,23993770400.0,,6241700.0,6069000000.0,3744000000.0,16155840000.0,15555390400.0,31860000000.0,4694380000.0,0.0,0.0,24000000000.0,26439990100.0,56531059700.0,20-Year,,No,
912810TB4,2022-01-18,Bond,29-Year 10-Month,2022-01-13,2022,2021-11-15T00:00:00,2.075,,,95.566819,2.0,,,,1.94,,,,2.35,71.09,2,51795250000.0,21997657500.0,,2352200.0,6184400000.0,3756281500.0,15707850000.0,14293276500.0,29903000000.0,3948099500.0,0.0,0.0,22000000000.0,25529881900.0,55327474400.0,30-Year,,No,
912810TC2,2022-01-31,Bond,19-Year 10-Month,2022-01-19,2022,2021-11-15T00:00:00,2.21,,,96.646052,2.15,,,,2.12,,,,2.48,82.43,2,49621300000.0,19998247200.0,,1759200.0,5873000000.0,3404864500.0,15974300000.0,13243186200.0,27774000000.0,3350196500.0,0.0,0.0,20000000000.0,22989260500.0,52612313300.0,20-Year,,No,
912810TD0,2022-04-18,Bond,29-Year 10-Month,2022-04-13,2022,2022-02-15T00:00:00,2.815,,,88.643787,2.725,,,,2.67,,,,2.3,67.71,2,45998040000.0,19995400600.0,,4635600.0,4630900000.0,3780900000.0,14371140000.0,13042019600.0,26996000000.0,3172481000.0,0.0,0.0,20000000000.0,24770919400.0,50773558800.0,30-Year,,No,
912810TF5,2022-05-02,Bond,19-Year 10-Month,2022-04-20,2022,2022-02-15T00:00:00,3.095,,,89.399717,3.03,,,,2.88,,,,2.8,65.88,2,44807020000.0,15991717700.0,,8340600.0,3819000000.0,2450372100.0,17435020000.0,12143347600.0,23553000000.0,1397998000.0,0.0,0.0,16000000000.0,18218454400.0,47033756700.0,20-Year,,No,
91282CEU1,2022-06-15,Note,3-Year,2022-06-07,2022,,2.927,,,99.851689,2.87,,,,2.78,,,,2.45,63.87,2,107559550000.0,43625747800.0,,174362800.0,10773000000.0,10284652800.0,29622550000.0,22473550000.0,67164000000.0,10867545000.0,200000000.0,200000000.0,44000000000.0,46587278700.0,110521080900.0,3-Year,,No,
91282CEW7,2022-06-30,Note,5-Year,2022-06-27,2022,,3.271,,,99.903859,3.18,,,,3.12,,,,2.28,21.9,2,107150435000.0,46888035000.0,,111967900.0,11237000000.0,9237000000.0,29777435000.0,26477435000.0,66136000000.0,11173600000.0,0.0,0.0,47000000000.0,50592129800.0,110854529800.0,5-Year,,No,
91282CEX5,2022-06-30,Note,2-Year,2022-06-27,2022,,3.084,,,99.838282,3.0,,,,2.94,,,,2.51,1.29,2,114511436000.0,45115298500.0,,784936800.0,13406300000.0,11406300000.0,36414136000.0,23222676000.0,64691000000.0,10486322500.0,100000000.0,100000000.0,46000000000.0,49515934000.0,118912071500.0,2-Year,,No,
91282CEV9,2022-06-30,Note,7-Year,2022-06-28,2022,,3.28,,,99.813719,3.199,,,,3.13,,,,2.48,17.1,2,99218190000.0,39973204000.0,,26817200.0,9910500000.0,8160500000.0,28710690000.0,24725939000.0,60597000000.0,7086765000.0,0.0,0.0,40000000000.0,43057150400.0,102302136400.0,7-Year,,No,
91282CEY3,2022-07-15,Note,3-Year,2022-07-11,2022,,3.093,,,99.7355,3.038,,,,2.9,,,,2.43,62.48,2,104134900000.0,42740347400.0,,159662100.0,8592000000.0,8271207400.0,33315900000.0,25800900000.0,62227000000.0,8668240000.0,100000000.0,100000000.0,43000000000.0,48480681900.0,109875234500.0,3-Year,,No,
91282CEP2,2022-07-15,Note,9-Year 10-Month,2022-07-12,2022,2022-05-15T00:00:00,2.96,,,99.274623,2.85,,,,2.81,,,,2.34,4.7,2,77346345000.0,32988390000.0,,11623000.0,5929000000.0,5929000000.0,22619345000.0,20231520000.0,48798000000.0,6827870000.0,0.0,0.0,33000000000.0,37206110400.0,81564065400.0,10-Year,,No,
912810TG3,2022-07-15,Bond,29-Year 10-Month,2022-07-13,2022,2022-05-15T00:00:00,3.115,,,95.354138,3.05,,,,2.99,,,,2.44,84.69,2,46277320000.0,18997865100.0,,2140800.0,3562200000.0,3103450000.0,16604120000.0,13906415100.0,26111000000.0,1988000000.0,0.0,0.0,19000000000.0,21421698300.0,48701153200.0,30-Year,,No,
912810TH1,2022-08-01,Bond,19-Year 10-Month,2022-07-20,2022,2022-05-15T00:00:00,3.42,,,97.563393,3.33,,,,2.88,,,,2.65,4.47,2,37136990000.0,13980661700.0,,19340100.0,2697000000.0,1970000000.0,13539990000.0,10900420300.0,20900000000.0,1110241400.0,0.0,0.0,14000000000.0,15214669000.0,38370997300.0,20-Year,,No,
91282CFA4,2022-08-01,Note,2-Year,2022-07-25,2022,,3.015,,,99.971015,2.95,,,,2.85,,,,2.58,6.49,2,115484485000.0,44253657400.0,,643391200.0,11307000000.0,8855682400.0,39662485000.0,27456485000.0,64515000000.0,7941490000.0,103000000.0,103000000.0,45000000000.0,48904336300.0,120135163900.0,2-Year,,No,
91282CFB2,2022-08-01,Note,5-Year,2022-07-26,2022,,2.86,,,99.491044,2.8,,,,2.72,,,,2.46,21.1,2,113252120000.0,45932955000.0,,64082100.0,9088000000.0,7723500000.0,37764120000.0,30487120000.0,66400000000.0,7722335000.0,3000000.0,3000000.0,46000000000.0,49991086600.0,117310251600.0,5-Year,,No,
91282CFC0,2022-08-01,Note,7-Year,2022-07-28,2022,,2.73,,,99.335208,2.65,,,,2.592,,,,2.6,53.12,2,98935690000.0,37986148000.0,,13898900.0,7977500000.0,7003480000.0,32659190000.0,26945388000.0,58299000000.0,4037280000.0,0.0,0.0,38000000000.0,41297000800.0,102246542800.0,7-Year,,No,
91282CFE6,2022-08-15,Note,3-Year,2022-08-09,2022,,3.202,,,99.781411,3.14,,,,3.075,,,,2.5,25.45,2,104730405000.0,41704680000.0,,195323600.0,8940000000.0,7207500000.0,36157405000.0,26305555000.0,59633000000.0,8191625000.0,100000000.0,100000000.0,42000000000.0,68564317600.0,131590042600.0,3-Year,,No,
91282CFG1,2022-08-31,Note,2-Year,2022-08-23,2022,,3.307,,,99.890561,3.25,,,,3.15,,,,2.49,17.58,2,108500187000.0,43039847000.0,,755211300.0,7452000000.0,7452000000.0,38902187000.0,25709267000.0,62146000000.0,9878580000.0,205000000.0,205000000.0,44000000000.0,49728465100.0,115188805100.0,2-Year,,No,
91282CFH9,2022-08-31,Note,5-Year,2022-08-24,2022,,3.23,,,99.518772,3.15,,,,3.05,,,,2.3,74.56,2,103277450000.0,44899090000.0,,97952400.0,8329000000.0,8179000000.0,32242450000.0,27468130000.0,62706000000.0,9251960000.0,3000000.0,3000000.0,45000000000.0,50858640200.0,109237000200.0,5-Year,,No,
91282CFJ5,2022-08-31,Note,7-Year,2022-08-25,2022,,3.13,,,99.968787,3.09,,,,3.05,,,,2.65,73.37,2,98204705000.0,36980452100.0,,19604600.0,8124500000.0,5805500000.0,35874205000.0,28000549100.0,54206000000.0,3174403000.0,0.0,0.0,37000000000.0,41817126000.0,103041378900.0,7-Year,,No,
91282CFK2,2022-09-15,Note,3-Year,2022-09-12,2022,,3.564,,,99.819428,3.5,,,,3.39,,,,2.49,82.62,2,102035600000.0,40791578000.0,,208435000.0,10913000000.0,8913000000.0,31604600000.0,22250993000.0,59518000000.0,9627585000.0,0.0,0.0,41000000000.0,41000013000.0,102244035000.0,3-Year,,No,
91282CFN6,2022-09-30,Note,2-Year,2022-09-26,2022,,4.29,,,99.924113,4.22,,,,4.1,,,,2.51,7.03,2,106044797000.0,41136040500.0,,1644083200.0,10219000000.0,10219000000.0,35082797000.0,21783389000.0,60743000000.0,9133651500.0,220000000.0,220000000.0,43000000000.0,43000123700.0,107908880200.0,2-Year,,No,
91282CFM8,2022-09-30,Note,5-Year,2022-09-27,2022,,4.228,,,99.540144,4.13,,,,4.05,,,,2.27,79.0,2,99736080000.0,43805510000.0,,192397900.0,8442000000.0,8192000000.0,29810080000.0,26099510000.0,61484000000.0,9514000000.0,2200000.0,2200000.0,44000000000.0,44000107900.0,99930677900.0,5-Year,,No,
91282CFL0,2022-09-30,Note,7-Year,2022-09-28,2022,,3.898,,,99.860277,3.85,,,,3.797,,,,2.57,55.6,2,92432265000.0,35947089000.0,,52914600.0,9878400000.0,8865400000.0,29350865000.0,22463689000.0,53203000000.0,4618000000.0,0.0,0.0,36000000000.0,36000003600.0,92485179600.0,7-Year,,No,
91282CFP1,2022-10-17,Note,3-Year,2022-10-11,2022,,4.318,,,99.810402,4.24,,,,4.18,,,,2.57,3.17,2,102188870000.0,39502040000.0,,397969700.0,7774000000.0,7724000000.0,29252870000.0,21092870000.0,65162000000.0,10685170000.0,100000000.0,100000000.0,40000000000.0,40000009700.0,102686839700.0,3-Year,,No,
91282CFF3,2022-10-17,Note,9-Year 10-Month,2022-10-12,2022,2022-08-15T00:00:00,3.93,,,90.449122,3.85,,,,3.8,,,,2.34,41.09,2,74879434000.0,31985066500.0,,14963100.0,7595600000.0,7520600000.0,20877834000.0,18163834000.0,46406000000.0,6300632500.0,0.0,0.0,32000000000.0,32000029600.0,74894397100.0,10-Year,,No,
912810TJ7,2022-10-17,Bond,29-Year 10-Month,2022-10-13,2022,2022-08-15T00:00:00,3.93,,,83.740689,3.85,,,,3.79,,,,2.39,33.5,2,42941679000.0,17990969000.0,,9032400.0,3395600000.0,3355600000.0,14866079000.0,12436419000.0,24680000000.0,2198950000.0,0.0,0.0,18000000000.0,18000001400.0,42950711400.0,30-Year,,No,
912810TK4,2022-10-31,Bond,19-Year 10-Month,2022-10-19,2022,2022-08-15T00:00:00,4.395,,,86.599384,4.319,,,,4.22,,,,2.5,28.43,2,29993020000.0,11965293000.0,,34717800.0,2384000000.0,2376843000.0,9571020000.0,7622020000.0,18038000000.0,1966430000.0,0.0,0.0,12000000000.0,12000010800.0,30027737800.0,20-Year,,No,
91282CFQ9,2022-10-31,Note,2-Year,2022-10-25,2022,,4.46,,,99.839071,4.388,,,,4.25,,,,2.59,56.82,2,107184080000.0,40527786000.0,,1372259400.0,10244600000.0,10244600000.0,31728480000.0,20470245000.0,65211000000.0,9812941000.0,100000000.0,100000000.0,42000000000.0,42000045400.0,108656339400.0,2-Year,,No,
91282CFU0,2022-10-31,Note,5-Year,2022-10-26,2022,,4.192,,,99.700589,4.119,,,,4.05,,,,2.48,12.83,2,106396052000.0,42777382000.0,,222624400.0,8206000000.0,6655500000.0,36005052000.0,29079052000.0,62185000000.0,7042830000.0,0.0,0.0,43000000000.0,43000006400.0,106618676400.0,5-Year,,No,
91282CFT3,2022-10-31,Note,7-Year,2022-10-27,2022,,4.027,,,99.836721,3.95,,,,3.85,,,,2.43,25.97,2,85020084000.0,34956232800.0,,43794200.0,8172700000.0,7941356300.0,26690384000.0,22081384000.0,50157000000.0,4933492500.0,0.0,0.0,35000000000.0,35000027000.0,85063878200.0,7-Year,,No,
91282CFW6,2022-11-15,Note,3-Year,2022-11-08,2022,,4.605,,,99.708904,4.54,,,,4.0,,,,2.57,4.85,2,102137600000.0,39411710000.0,,388314100.0,9887000000.0,6716100000.0,35970600000.0,24506635000.0,56280000000.0,8188975000.0,200000000.0,200000000.0,40000000000.0,54027076300.0,116752966300.0,3-Year,,No,
91282CFX4,2022-11-30,Note,2-Year,2022-11-21,2022,,4.505,,,99.990539,4.46,,,,4.35,,,,2.64,98.05,2,109923555000.0,40926642500.0,,973450300.0,10235000000.0,9164525000.0,37510555000.0,23321067500.0,62178000000.0,8441050000.0,100000000.0,100000000.0,42000000000.0,46566125200.0,115563037700.0,2-Year,,No,
91282CFZ9,2022-11-30,Note,5-Year,2022-11-21,2022,,3.974,,,99.555059,3.899,,,,3.8,,,,2.39,81.79,2,102619225000.0,42854513600.0,,145501300.0,8576000000.0,8016895000.0,34888225000.0,28380365600.0,59155000000.0,6457253000.0,0.0,0.0,43000000000.0,47674762400.0,107439473800.0,5-Year,,No,
91282CFY2,2022-11-30,Note,7-Year,2022-11-22,2022,,3.89,,,99.908851,3.819,,,,3.75,,,,2.33,64.18,2,81513270000.0,34961096000.0,,38917200.0,6274900000.0,5856990000.0,24926370000.0,21638370000.0,50312000000.0,7465736000.0,0.0,0.0,35000000000.0,38805040100.0,85357214100.0,7-Year,,No,
91282CGA3,2022-12-15,Note,3-Year,2022-12-12,2022,,4.093,,,99.739942,4.03,,,,3.94,,,,2.55,7.68,2,101602400000.0,39545800000.0,,254247800.0,8183000000.0,8083000000.0,35104400000.0,24402800000.0,58315000000.0,7060000000.0,200000000.0,200000000.0,40000000000.0,40000047800.0,102056647800.0,3-Year,,No,
91282CGD7,2023-01-03,Note,2-Year,2022-12-27,2022,,4.373,,,99.767054,4.317,,,,4.22,,,,2.71,83.88,2,113099710000.0,41144126000.0,,855917000.0,10090000000.0,7697666000.0,42103710000.0,25600460000.0,60906000000.0,7846000000.0,0.0,0.0,42000000000.0,42000043000.0,113955627000.0,2-Year,,No,
91282CGC9,2023-01-03,Note,5-Year,2022-12-28,2022,,3.973,,,99.559582,3.905,,,,3.83,,,,2.46,37.18,2,105449120000.0,42861166900.0,,138852000.0,8540000000.0,7957034900.0,36233120000.0,27650952000.0,60676000000.0,7253180000.0,0.0,0.0,43000000000.0,43000018900.0,105587972000.0,5-Year,,No,
91282CGB1,2023-01-03,Note,7-Year,2022-12-29,2022,,3.921,,,99.720458,3.859,,,,3.8,,,,2.45,16.12,2,85821065000.0,34946725000.0,,53285200.0,5883100000.0,5650100000.0,27955965000.0,23791565000.0,51982000000.0,5505060000.0,0.0,0.0,35000000000.0,35000010200.0,85874350200.0,7-Year,,No,
91282CGE5,2023-01-17,Note,3-Year,2023-01-10,2023,,3.977,,,99.714294,3.93,,,,3.86,,,,2.84,93.81,2,113374415000.0,39795840000.0,,204169200.0,9445000000.0,5244000000.0,41952415000.0,27674840000.0,61977000000.0,6877000000.0,0.0,0.0,40000000000.0,40000009200.0,113578584200.0,3-Year,,No,
91282CFV8,2023-01-17,Note,9-Year 10-Month,2023-01-11,2023,2022-11-15T00:00:00,3.575,,,104.51558,3.499,,,,3.45,,,,2.53,71.8,2,80913151000.0,31971531000.0,,28502900.0,6504000000.0,5728380000.0,26679151000.0,21427151000.0,47730000000.0,4816000000.0,0.0,0.0,32000000000.0,32000033900.0,80941653900.0,10-Year,,No,
912810TL2,2023-01-17,Bond,29-Year 10-Month,2023-01-12,2023,2022-11-15T00:00:00,3.585,,,107.556697,3.535,,,,3.5,,,,2.45,50.66,2,44095910000.0,17986672000.0,,13368700.0,3497600000.0,2937600000.0,16705310000.0,13422940000.0,23893000000.0,1626132000.0,0.0,0.0,18000000000.0,18000040700.0,44109278700.0,30-Year,,No,
912810TM0,2023-01-31,Bond,19-Year 10-Month,2023-01-18,2023,2022-11-15T00:00:00,3.678,,,104.4896,3.62,,,,3.58,,,,2.83,84.93,2,33937020000.0,11980222300.0,,19782400.0,2512000000.0,1870000000.0,13212020000.0,9135222300.0,18213000000.0,975000000.0,0.0,0.0,12000000000.0,12000004700.0,33956802400.0,20-Year,,No,
91282CGG0,2023-01-31,Note,2-Year,2023-01-24,2023,,4.139,,,99.973391,4.1,,,,4.07,,,,2.94,88.25,2,123030665000.0,41380365000.0,,619637800.0,10115000000.0,7750000000.0,45233665000.0,26893365000.0,67682000000.0,6737000000.0,0.0,0.0,42000000000.0,42000002800.0,123650302800.0,2-Year,,No,
91282CGJ4,2023-01-31,Note,7-Year,2023-01-26,2023,,3.517,,,99.895326,3.457,,,,3.41,,,,2.69,77.5,2,94136550000.0,34962200000.0,,37809400.0,7688300000.0,5879300000.0,34408250000.0,26944650000.0,52040000000.0,2138250000.0,0.0,0.0,35000000000.0,35000009400.0,94174359400.0,7-Year,,No,
91282CGL9,2023-02-15,Note,3-Year,2023-02-07,2023,,4.073,,,99.795799,3.989,,,,3.96,,,,2.33,92.21,2,93028366000.0,39717991000.0,,182132300.0,8415000000.0,8365000000.0,23933366000.0,23454941000.0,60680000000.0,7898050000.0,100000000.0,100000000.0,40000000000.0,55631649500.0,108942024500.0,3-Year,,No,
91282CGN5,2023-02-28,Note,2-Year,2023-02-21,2023,,4.673,,,99.909356,4.61,,,,4.54,,,,2.61,72.04,2,109089936100.0,41323938100.0,,676087700.0,9865000000.0,9500778000.0,40209936100.0,25638160100.0,59015000000.0,6185000000.0,0.0,0.0,42000000000.0,51542599200.0,119308597200.0,2-Year,,No,
91282CGP0,2023-02-28,Note,5-Year,2023-02-22,2023,,4.109,,,99.511842,4.03,,,,4.0,,,,2.48,57.66,2,106594930000.0,42848281500.0,,145580500.0,8835000000.0,8154901500.0,38147930000.0,29971380000.0,59612000000.0,4722000000.0,6200000.0,6200000.0,43000000000.0,52769839400.0,116516487900.0,5-Year,,No,
91282CGR6,2023-03-15,Note,3-Year,2023-03-07,2023,,4.635,,,99.97229,4.58,,,,4.5,,,,2.73,67.04,2,108839247000.0,39774711000.0,,225292600.0,8640000000.0,8223024000.0,36353247000.0,24854847000.0,63846000000.0,6696840000.0,0.0,0.0,40000000000.0,40000003600.0,109064539600.0,3-Year,,No,
91282CGU9,2023-03-31,Note,2-Year,2023-03-27,2023,,3.954,,,99.849511,3.87,,,,3.8,,,,2.44,13.09,2,101844275000.0,41437725000.0,,462293600.0,10665000000.0,10015000000.0,32379275000.0,21879275000.0,58800000000.0,9543450000.0,100000000.0,100000000.0,42000000000.0,42000018600.0,102406568600.0,2-Year,,No,
91282CGT2,2023-03-31,Note,5-Year,2023-03-28,2023,,3.665,,,99.818764,3.589,,,,3.53,,,,2.48,55.29,2,106534920000.0,42900891500.0,,99162700.0,9884000000.0,7810463500.0,35868920000.0,29371841000.0,60782000000.0,5718587000.0,0.0,0.0,43000000000.0,43000054200.0,106634082700.0,5-Year,,No,
91282CGS4,2023-03-31,Note,7-Year,2023-03-29,2023,,3.626,,,99.993866,3.55,,,,3.5,,,,2.39,49.91,2,83738500000.0,34952646300.0,,47364100.0,8218600000.0,7468600000.0,26082900000.0,22102316300.0,49437000000.0,5381730000.0,0.0,0.0,35000000000.0,35000010400.0,83785864100.0,7-Year,,No,
91282CGV7,2023-04-17,Note,3-Year,2023-04-11,2023,,3.81,,,99.831325,3.757,,,,3.65,,,,2.59,71.32,2,103644860000.0,39847606000.0,,152397000.0,10871000000.0,8373032000.0,33842860000.0,24426860000.0,58931000000.0,7047714000.0,0.0,0.0,40000000000.0,42557489100.0,106354743100.0,3-Year,,No,
91282CGM7,2023-04-17,Note,9-Year 10-Month,2023-04-12,2023,2023-02-15T00:00:00,3.455,,,100.365768,3.364,,,,3.3,,,,2.36,66.26,2,75372280000.0,31949495000.0,,50524800.0,6970000000.0,6360000000.0,23272280000.0,20112280000.0,45130000000.0,5477215000.0,0.0,0.0,32000000000.0,34046008600.0,77468793600.0,10-Year,,No,
912810TN8,2023-04-17,Bond,29-Year 10-Month,2023-04-13,2023,2023-02-15T00:00:00,3.661,,,99.34251,3.589,,,,3.527,,,,2.36,32.38,2,42437533600.0,17979393200.0,,20609700.0,3799400000.0,3559400000.0,14434133600.0,12426898200.0,24204000000.0,1993095000.0,0.0,0.0,18000000000.0,19150871600.0,43609012000.0,30-Year,,No,
912810TQ1,2023-05-01,Bond,19-Year 10-Month,2023-04-19,2023,2023-02-15T00:00:00,3.92,,,99.375292,3.85,,,,3.82,,,,2.66,30.81,2,31914810000.0,11960168000.0,,39845100.0,3545000000.0,2300783500.0,11185810000.0,8218574500.0,17184000000.0,1440810000.0,0.0,0.0,12000000000.0,13171112900.0,33125754900.0,20-Year,,No,
91282CGX3,2023-05-01,Note,2-Year,2023-04-25,2023,,3.969,,,99.820997,3.92,,,,3.85,,,,2.68,54.6,2,112157560000.0,41610110000.0,,389942700.0,11506000000.0,8265970000.0,39001560000.0,25465560000.0,61650000000.0,7878580000.0,0.0,0.0,42000000000.0,46098902200.0,116646352200.0,2-Year,,No,
91282CHA2,2023-05-01,Note,5-Year,2023-04-26,2023,,3.5,,,99.999837,3.427,,,,3.35,,,,2.54,65.0,2,109065560000.0,42915960000.0,,84059700.0,11009600000.0,7419000000.0,37317960000.0,29643960000.0,60738000000.0,5853000000.0,0.0,0.0,43000000000.0,47196460700.0,113346060700.0,5-Year,,No,
91282CGZ8,2023-05-01,Note,7-Year,2023-04-27,2023,,3.563,,,99.612688,3.489,,,,3.4,,,,2.41,16.39,2,84487680000.0,34963362500.0,,36642400.0,8248800000.0,7368800000.0,27333880000.0,22415880000.0,48905000000.0,5178682500.0,0.0,0.0,35000000000.0,38415712700.0,87940030200.0,7-Year,,No,
91282CHB0,2023-05-15,Note,3-Year,2023-05-09,2023,,3.695,,,99.802937,3.655,,,,3.5,,,,2.93,67.23,2,117057950000.0,39890554500.0,,109460000.0,11242000000.0,5450000000.0,44342950000.0,29259662500.0,61473000000.0,5180892000.0,0.0,0.0,40000000000.0,50897713300.0,128065108800.0,3-Year,,No,
91282CHD6,2023-05-31,Note,2-Year,2023-05-23,2023,,4.3,,,99.905152,4.255,,,,4.15,,,,2.9,6.83,2,121443720000.0,41665843300.0,,323572200.0,14490000000.0,6501373500.0,44725720000.0,28420515800.0,62228000000.0,6743954000.0,10700000.0,10700000.0,42000000000.0,49887600600.0,129665477300.0,2-Year,,No,
91282CHE4,2023-05-31,Note,5-Year,2023-05-24,2023,,3.749,,,99.439405,3.687,,,,3.55,,,,2.58,60.5,2,110878120000.0,42920796300.0,,75222700.0,10881000000.0,7707051300.0,39707120000.0,31206620000.0,60290000000.0,4007125000.0,4000000.0,4000000.0,43000000000.0,51075301400.0,119032625100.0,5-Year,,No,
91282CHF1,2023-05-31,Note,7-Year,2023-05-25,2023,,3.827,,,99.531059,3.769,,,,3.68,,,,2.61,41.99,2,91286515000.0,34967519600.0,,32589600.0,9210000000.0,6044500000.0,31768515000.0,25281029600.0,50308000000.0,3641990000.0,0.0,0.0,35000000000.0,41573013500.0,97892008900.0,7-Year,,No,
91282CHH7,2023-06-15,Note,3-Year,2023-06-12,2023,,4.202,,,99.785078,4.129,,,,3.88,,,,2.7,93.98,2,107716460000.0,39884564200.0,,110509600.0,11301000000.0,8669104200.0,36254460000.0,24539460000.0,60161000000.0,6676000000.0,5000000.0,5000000.0,40000000000.0,40000073800.0,107831969600.0,3-Year,,No,
91282CHL8,2023-06-30,Note,2-Year,2023-06-26,2023,,4.67,,,99.915018,4.625,,,,4.5,,,,2.86,86.2,2,119663285000.0,41536569000.0,,460475500.0,14415000000.0,7548350000.0,45100285000.0,28447281000.0,60148000000.0,5540938000.0,3000000.0,3000000.0,42000000000.0,42000044500.0,120126760500.0,2-Year,,No,
91282CHK0,2023-06-30,Note,5-Year,2023-06-27,2023,,4.019,,,99.914708,3.95,,,,3.88,,,,2.52,42.63,2,108099385000.0,42898324900.0,,96747200.0,11748000000.0,8447000000.0,36171385000.0,29213064900.0,60180000000.0,5238260000.0,5000000.0,5000000.0,43000000000.0,43000072100.0,108201132200.0,5-Year,,No,
91282CHJ3,2023-06-30,Note,7-Year,2023-06-28,2023,,3.839,,,99.458207,3.77,,,,3.6,,,,2.65,53.68,2,92840985000.0,34969185800.0,,30822100.0,11098300000.0,5788500800.0,33615685000.0,26334685000.0,48127000000.0,2846000000.0,0.0,0.0,35000000000.0,35000007900.0,92871807100.0,7-Year,,No,
91282CHM6,2023-07-17,Note,3-Year,2023-07-11,2023,,4.534,,,99.905249,4.475,,,,4.25,,,,2.88,20.19,2,114919440000.0,39633005100.0,,162007500.0,12016000000.0,7844280100.0,40256440000.0,27516725000.0,62647000000.0,4272000000.0,205000000.0,205000000.0,40000000000.0,40000012600.0,115286447500.0,3-Year,,No,
91282CHC8,2023-07-17,Note,9-Year 10-Month,2023-07-12,2023,2023-05-15T00:00:00,3.857,,,96.080353,3.775,,,,3.73,,,,2.53,29.62,2,80984320000.0,31963359600.0,,36650600.0,10976000000.0,6351000000.0,26097320000.0,21651094600.0,43911000000.0,3961265000.0,0.0,0.0,32000000000.0,32000010200.0,81020970600.0,10-Year,,No,
912810TR9,2023-07-17,Bond,29-Year 10-Month,2023-07-13,2023,2023-05-15T00:00:00,3.91,,,94.99936,3.83,,,,3.78,,,,2.43,5.24,2,43768325000.0,17983945000.0,,16057300.0,5570700000.0,3620700000.0,14018625000.0,12411625000.0,24179000000.0,1951620000.0,0.0,0.0,18000000000.0,18000002300.0,43784382300.0,30-Year,,No,
912810TS7,2023-07-31,Bond,19-Year 10-Month,2023-07-19,2023,2023-05-15T00:00:00,4.036,,,97.810388,3.965,,,,3.92,,,,2.68,5.38,2,32026530000.0,11827793000.0,,172212400.0,4689000000.0,2564000000.0,10201530000.0,8132068000.0,17136000000.0,1131725000.0,0.0,0.0,12000000000.0,12000005400.0,32198742400.0,20-Year,,No,
91282CHN4,2023-07-31,Note,2-Year,2023-07-24,2023,,4.823,,,99.862395,4.76,,,,4.7,,,,2.78,54.24,2,116092220000.0,41253110000.0,,641999600.0,16085000000.0,8566250000.0,41923220000.0,26998220000.0,58084000000.0,5688640000.0,105000000.0,105000000.0,42000000000.0,42000109600.0,116839219600.0,2-Year,,No,
91282CHQ7,2023-07-31,Note,5-Year,2023-07-25,2023,,4.17,,,99.798788,4.1,,,,4.06,,,,2.6,81.95,2,111785920000.0,42889723800.0,,105324100.0,17110000000.0,9489516300.0,34622920000.0,27613307500.0,60053000000.0,5786900000.0,5000000.0,5000000.0,43000000000.0,43000047900.0,111896244100.0,5-Year,,No,
91282CHR5,2023-07-31,Note,7-Year,2023-07-27,2023,,4.087,,,99.474987,4.02,,,,3.92,,,,2.48,86.54,2,86716825100.0,34951525100.0,,48477600.0,10859600000.0,5559600000.0,28240225000.0,24380115000.0,47617000100.0,5011810100.0,0.0,0.0,35000000000.0,35000002700.0,86765302700.0,7-Year,,No,
91282CHU8,2023-08-15,Note,3-Year,2023-08-08,2023,,4.398,,,99.936014,4.355,,,,4.2,,,,2.9,95.89,2,121326130000.0,41499634100.0,,250425700.0,15012000000.0,6514000000.0,43721130000.0,30699074100.0,62593000000.0,4286560000.0,250000000.0,250000000.0,42000000000.0,57712800900.0,137539296800.0,3-Year,,No,
91282CHV6,2023-08-31,Note,2-Year,2023-08-28,2023,,5.024,,,99.954869,4.98,,,,4.9,,,,2.94,92.38,2,131589450000.0,44147021300.0,,748055000.0,17175000000.0,8832431300.0,44689450000.0,28700450000.0,69725000000.0,6614140000.0,105000000.0,105000000.0,45000000000.0,49675357100.0,137117785800.0,2-Year,,No,
91282CHX2,2023-08-31,Note,5-Year,2023-08-28,2023,,4.4,,,99.888884,4.33,,,,4.3,,,,2.54,32.63,2,116417995000.0,45794512100.0,,200589000.0,15293000000.0,8359429600.0,38783995000.0,31103042500.0,62341000000.0,6332040000.0,5000000.0,5000000.0,46000000000.0,50779277000.0,121402759900.0,5-Year,,No,
91282CHW4,2023-08-31,Note,7-Year,2023-08-29,2023,,4.212,,,99.477286,4.155,,,,4.1,,,,2.66,95.53,2,95785320000.0,35931827500.0,,68179000.0,11410400000.0,5380400000.0,33316920000.0,27039427500.0,51058000000.0,3512000000.0,0.0,0.0,36000000000.0,39740231100.0,99593723600.0,7-Year,,No,
91282CHY0,2023-09-15,Note,3-Year,2023-09-11,2023,,4.66,,,99.903057,4.597,,,,4.548,,,,2.75,33.71,2,120699915000.0,43673039500.0,,226993100.0,16293000000.0,9643000000.0,34604915000.0,25184915000.0,69802000000.0,8845124500.0,100000000.0,100000000.0,44000000000.0,44000032600.0,121026908100.0,3-Year,,No,
91282CJB8,2023-10-02,Note,2-Year,2023-09-26,2023,,5.085,,,99.84002,5.03,,,,4.95,,,,2.73,60.59,2,130093786500.0,47170608500.0,,829529300.0,18210000000.0,9903340000.0,46019786500.0,30669684000.0,65864000000.0,6597584500.0,0.0,0.0,48000000000.0,48000137800.0,130923315800.0,2-Year,,No,
91282CJA0,2023-10-02,Note,5-Year,2023-09-27,2023,,4.659,,,99.849471,4.599,,,,4.53,,,,2.52,72.31,2,123408752000.0,48823560500.0,,176489100.0,16445000000.0,8602808500.0,41497752000.0,34737752000.0,65466000000.0,5483000000.0,0.0,0.0,49000000000.0,49000049600.0,123585241100.0,5-Year,,No,
91282CHZ7,2023-10-02,Note,7-Year,2023-09-28,2023,,4.673,,,99.715829,4.6,,,,4.54,,,,2.47,92.57,2,91127970000.0,36908724400.0,,91302100.0,12043000000.0,7357413400.0,28247970000.0,24163598500.0,50837000000.0,5387712500.0,0.0,0.0,37000000000.0,37000026500.0,91219272100.0,7-Year,,No,
91282CJC6,2023-10-16,Note,3-Year,2023-10-10,2023,,4.74,,,99.681877,4.67,,,,4.63,,,,2.56,94.4,2,117637740000.0,45786940000.0,,213068300.0,17053000000.0,10047400000.0,32843740000.0,25625740000.0,67741000000.0,10113800000.0,0.0,0.0,46000000000.0,46000008300.0,117850808300.0,3-Year,,No,
91282CHT1,2023-10-16,Note,9-Year 10-Month,2023-10-11,2023,2023-08-15T00:00:00,4.61,,,94.231522,4.53,,,,4.47,,,,2.5,92.26,2,87423610000.0,34915937800.0,,84114600.0,12363000000.0,7300390000.0,24166610000.0,21068870000.0,50894000000.0,6546677800.0,0.0,0.0,35000000000.0,35000052400.0,87507724600.0,10-Year,,No,
912810TT5,2023-10-16,Bond,29-Year 10-Month,2023-10-12,2023,2023-08-15T00:00:00,4.837,,,88.806438,4.74,,,,4.65,,,,2.35,22.14,2,46942950000.0,19968020000.0,,31982800.0,6390700000.0,3335700000.0,14376250000.0,13004250000.0,26176000000.0,3628070000.0,0.0,0.0,20000000000.0,20000002800.0,46974932800.0,30-Year,,No,
912810TU2,2023-10-31,Bond,19-Year 10-Month,2023-10-18,2023,2023-08-15T00:00:00,5.245,,,89.352074,5.186,,,,5.1,,,,2.59,79.65,2,33530762000.0,12912887000.0,,87129300.0,3778000000.0,1962912500.0,12229762000.0,9409062000.0,17523000000.0,1540912500.0,0.0,0.0,13000000000.0,13000016300.0,33617891300.0,20-Year,,No,
91282CJE2,2023-10-31,Note,2-Year,2023-10-24,2023,,5.055,,,99.896614,5.01,,,,4.95,,,,2.64,63.46,2,133748750300.0,50334877100.0,,665149800.0,18151000000.0,10231750000.0,46709750300.0,31230612100.0,68888000000.0,8872515000.0,0.0,0.0,51000000000.0,51000026900.0,134413900100.0,2-Year,,No,
91282CJF9,2023-10-31,Note,5-Year,2023-10-25,2023,,4.899,,,99.894701,4.819,,,,4.73,,,,2.36,48.22,2,122746500000.0,51790231000.0,,209796800.0,16785000000.0,9884000000.0,36941500000.0,31856231000.0,69020000000.0,10050000000.0,0.0,0.0,52000000000.0,52000027800.0,122956296800.0,5-Year,,No,
91282CJG7,2023-10-31,Note,7-Year,2023-10-26,2023,,4.908,,,99.806484,4.849,,,,4.78,,,,2.7,92.44,2,102496510000.0,37746850000.0,,253182300.0,13790100000.0,6944820000.0,33146410000.0,26657030000.0,55560000000.0,4145000000.0,0.0,0.0,38000000000.0,38000032300.0,102749692300.0,7-Year,,No,
91282CJK8,2023-11-15,Note,3-Year,2023-11-07,2023,,4.701,,,99.789641,4.649,,,,4.55,,,,2.67,4.28,2,127563600800.0,47505891200.0,,294146500.0,16273000000.0,9090010400.0,40493600800.0,30689600800.0,70797000000.0,7726280000.0,200000000.0,200000000.0,48000000000.0,48913468500.0,128971178100.0,3-Year,,No,
91282CJL6,2023-11-30,Note,2-Year,2023-11-27,2023,,4.887,,,99.977397,4.83,,,,4.788,,,,2.54,70.15,2,136241380000.0,53293742500.0,,706295900.0,19564000000.0,12714000000.0,43855380000.0,30581380000.0,72822000000.0,9998362500.0,0.0,0.0,54000000000.0,54622032900.0,137569670400.0,2-Year,,No,
91282CJN2,2023-11-30,Note,5-Year,2023-11-27,2023,,4.42,,,99.800095,4.365,,,,4.31,,,,2.46,96.29,2,135253890000.0,54800530300.0,,199475300.0,17703000000.0,9663000000.0,42208890000.0,35904265800.0,75342000000.0,9233264500.0,0.0,0.0,55000000000.0,55633518500.0,136086878200.0,5-Year,,No,
91282CJM4,2023-11-30,Note,7-Year,2023-11-28,2023,,4.399,,,99.856744,4.319,,,,4.26,,,,2.44,68.99,2,94903850000.0,38648325000.0,,351689600.0,11200300000.0,6125300000.0,28038550000.0,24680550000.0,55665000000.0,7842475000.0,0.0,0.0,39000000000.0,39449232700.0,95704757700.0,7-Year,,No,
91282CJP7,2023-12-15,Note,3-Year,2023-12-11,2023,,4.49,,,99.680564,4.43,,,,4.36,,,,2.42,73.47,2,120351910000.0,49555200000.0,,244868500.0,17222000000.0,10747000000.0,33621910000.0,25805910000.0,69508000000.0,13002290000.0,200000000.0,200000000.0,50000000000.0,50000068500.0,120796778500.0,3-Year,,No,
91282CJS1,2024-01-02,Note,2-Year,2023-12-26,2023,,4.314,,,99.878444,4.27,,,,4.2,,,,2.68,96.98,2,151955740000.0,56279769100.0,,570289000.0,19329000000.0,10981029100.0,53598740000.0,34811740000.0,79028000000.0,10487000000.0,150000000.0,150000000.0,57000000000.0,57000058100.0,152676029000.0,2-Year,,No,
91282CJR3,2024-01-02,Note,5-Year,2023-12-27,2023,,3.801,,,99.769595,3.75,,,,3.415,,,,2.5,53.18,2,144857438600.0,57821997000.0,,178024100.0,18089000000.0,8880942000.0,50127438600.0,40820055000.0,76641000000.0,8121000000.0,0.0,0.0,58000000000.0,58000021100.0,145035462700.0,5-Year,,No,
91282CJQ5,2024-01-02,Note,7-Year,2023-12-28,2023,,3.859,,,99.336988,3.783,,,,3.5,,,,2.5,76.85,2,99659275000.0,39744046800.0,,255973200.0,12608000000.0,7700236800.0,29532275000.0,25320597500.0,57519000000.0,6723212500.0,0.0,0.0,40000000000.0,40000020000.0,99915248200.0,7-Year,,No,
91282CJT9,2024-01-16,Note,3-Year,2024-01-09,2024,,4.105,,,99.706476,4.065,,,,3.95,,,,2.67,14.89,2,138580060000.0,51612844900.0,,267211900.0,17807000000.0,8692800200.0,43316060000.0,33707542200.0,77457000000.0,9212502500.0,120000000.0,120000000.0,52000000000.0,52000056800.0,138967271900.0,3-Year,,No,
91282CJJ1,2024-01-16,Note,9-Year 10-Month,2024-01-10,2024,2023-11-15T00:00:00,4.024,,,103.823381,3.957,,,,3.9,,,,2.56,44.07,2,94794058000.0,36919215500.0,,80795700.0,11793000000.0,6918000000.0,28315058000.0,24408058000.0,54686000000.0,5593157500.0,0.0,0.0,37000000000.0,37000011200.0,94874853700.0,10-Year,,No,
912810TV0,2024-01-16,Bond,29-Year 10-Month,2024-01-11,2024,2023-11-15T00:00:00,4.229,,,108.773246,4.16,,,,3.88,,,,2.37,25.59,2,49682325000.0,20966180200.0,,33826100.0,6777200000.0,3712937200.0,16007125000.0,14209125000.0,26898000000.0,3044118000.0,0.0,0.0,21000000000.0,21000006300.0,49716151100.0,30-Year,,No,
912810TW8,2024-01-31,Bond,19-Year 10-Month,2024-01-17,2024,2023-11-15T00:00:00,4.423,,,104.269985,4.36,,,,4.3,,,,2.53,5.31,2,32837821000.0,12936321300.0,,63689400.0,4563000000.0,2653000000.0,9927821000.0,8041321000.0,18347000000.0,2242000300.0,0.0,0.0,13000000000.0,13000010700.0,32901510400.0,20-Year,,No,
91282CJV4,2024-01-31,Note,2-Year,2024-01-23,2024,,4.365,,,99.782022,4.31,,,,4.25,,,,2.57,62.75,2,153693045000.0,59460369400.0,,539693200.0,20199000000.0,11815074400.0,52780045000.0,38828045000.0,80714000000.0,8817250000.0,0.0,0.0,60000000000.0,60000062600.0,154232738200.0,2-Year,,No,
91282CJW2,2024-01-31,Note,5-Year,2024-01-24,2024,,4.055,,,99.753334,3.979,,,,3.9,,,,2.31,49.75,2,141001090000.0,60832652500.0,,167411100.0,18519000000.0,11368500000.0,42316090000.0,37070090000.0,80166000000.0,12394062500.0,0.0,0.0,61000000000.0,61000063600.0,141168501100.0,5-Year,,No,
91282CJX0,2024-01-31,Note,7-Year,2024-01-25,2024,,4.109,,,99.342733,4.053,,,,3.99,,,,2.57,44.45,2,105383685000.0,40839822000.0,,160219100.0,13380100000.0,6944100000.0,34838585000.0,28203372000.0,57165000000.0,5692350000.0,0.0,0.0,41000000000.0,41000041100.0,105543904100.0,7-Year,,No,
91282CKA8,2024-02-15,Note,3-Year,2024-02-06,2024,,4.169,,,99.877119,4.13,,,,4.088,,,,2.58,15.7,2,138995920000.0,53644646000.0,,280376200.0,18723000000.0,9836976000.0,45629920000.0,35379670000.0,74643000000.0,8428000000.0,75000000.0,75000000.0,54000000000.0,57993720900.0,143344994900.0,3-Year,,No,
91282CKB6,2024-02-29,Note,2-Year,2024-02-26,2024,,4.691,,,99.875391,4.64,,,,4.55,,,,2.49,72.98,2,156343820000.0,62359886100.0,,640224300.0,21220000000.0,12538119100.0,53429820000.0,40633767000.0,81694000000.0,9188000000.0,0.0,0.0,63000000000.0,65725715600.0,159709649500.0,2-Year,,No,
91282CKD2,2024-02-29,Note,5-Year,2024-02-26,2024,,4.32,,,99.688225,4.248,,,,4.16,,,,2.41,89.61,2,154266555000.0,63803007500.0,,197040300.0,21031000000.0,12541000000.0,47501555000.0,40532555000.0,85734000000.0,10729452500.0,0.0,0.0,64000000000.0,66768916600.0,157232464100.0,5-Year,,No,
91282CKC4,2024-02-29,Note,7-Year,2024-02-27,2024,,4.327,,,99.539228,4.27,,,,4.217,,,,2.58,59.81,2,108077285000.0,41845698900.0,,154341700.0,13306400000.0,6206400000.0,34634485000.0,29112088900.0,60136400000.0,6527210000.0,0.0,0.0,42000000000.0,43817110700.0,110048696800.0,7-Year,,No,
91282CKE0,2024-03-15,Note,3-Year,2024-03-11,2024,,4.256,,,99.983268,4.207,,,,4.15,,,,2.6,30.57,2,145601615000.0,55785211300.0,,214807300.0,19842000000.0,8677596300.0,48992615000.0,39075615000.0,76767000000.0,8032000000.0,0.0,0.0,56000000000.0,56000018600.0,145816422300.0,3-Year,,No,
91282CKH3,2024-04-01,Note,2-Year,2024-03-25,2024,,4.595,,,99.820388,4.54,,,,4.47,,,,2.62,49.16,2,172161335000.0,65275794600.0,,624234100.0,22577000000.0,13627000000.0,58194335000.0,42926831000.0,91390000000.0,8721963600.0,100000000.0,100000000.0,66000000000.0,66000028700.0,172885569100.0,2-Year,,No,
91282CKG5,2024-04-01,Note,5-Year,2024-03-26,2024,,4.235,,,99.508988,4.188,,,,4.11,,,,2.41,81.56,2,161351345000.0,66825255100.0,,174794600.0,21665000000.0,11236606100.0,55066345000.0,47080593000.0,84620000000.0,8508056000.0,0.0,0.0,67000000000.0,67000049700.0,161526139600.0,5-Year,,No,
91282CKF7,2024-04-01,Note,7-Year,2024-03-27,2024,,4.185,,,99.639057,4.135,,,,4.07,,,,2.61,63.66,2,112285445000.0,42879032000.0,,120968600.0,15290300000.0,7465300000.0,37529745000.0,29899535000.0,59465400000.0,5514197000.0,0.0,0.0,43000000000.0,43000000600.0,112406413600.0,7-Year,,No,
91282CKJ9,2024-04-15,Note,3-Year,2024-04-09,2024,,4.548,,,99.8668,4.489,,,,4.43,,,,2.5,34.81,2,144583805000.0,57734532500.0,,260480700.0,19793000000.0,11793000000.0,42532805000.0,34792805000.0,82258000000.0,11148727500.0,5000000.0,5000000.0,58000000000.0,58956538700.0,145805811200.0,3-Year,,No,
91282CJZ5,2024-04-15,Note,9-Year 10-Month,2024-04-10,2024,2024-02-15T00:00:00,4.56,,,95.590932,4.465,,,,4.4,,,,2.34,54.1,2,91022068000.0,38916968000.0,,83129500.0,11290000000.0,5540000000.0,26802668000.0,24054318000.0,52929400000.0,9322650000.0,0.0,0.0,39000000000.0,39643278400.0,91748378400.0,10-Year,,No,
912810TX6,2024-04-15,Bond,29-Year 10-Month,2024-04-11,2024,2024-02-15T00:00:00,4.671,,,93.249005,4.608,,,,4.56,,,,2.37,58.23,2,52049250000.0,21977492400.0,,22514600.0,7106900000.0,4016900000.0,16309950000.0,14149684500.0,28632400000.0,3810907900.0,0.0,0.0,22000000000.0,22362826900.0,52434584500.0,30-Year,,No,
912810TZ1,2024-04-30,Bond,19-Year 10-Month,2024-04-17,2024,2024-02-15T00:00:00,4.818,,,95.958772,4.77,,,,4.73,,,,2.82,79.31,2,36575960000.0,12921538600.0,,78479200.0,5042000000.0,2094344100.0,13615460000.0,9653246500.0,17918500000.0,1173948000.0,0.0,0.0,13000000000.0,13061977000.0,36716398400.0,20-Year,,No,
91282CKK6,2024-04-30,Note,2-Year,2024-04-23,2024,,4.898,,,99.956684,4.85,,,,4.8,,,,2.66,77.9,2,182416791000.0,67967911000.0,,1032098300.0,22906000000.0,12709500000.0,64983791000.0,45005791000.0,94527000000.0,10252620000.0,0.0,0.0,69000000000.0,69328870200.0,183777750200.0,2-Year,,No,
91282CKP5,2024-04-30,Note,5-Year,2024-04-24,2024,,4.659,,,99.849895,4.591,,,,4.55,,,,2.39,1.93,2,166830270000.0,69773519500.0,,223501200.0,22876000000.0,13426000000.0,54134670000.0,45870989500.0,89819600000.0,10476530000.0,3000000.0,3000000.0,70000000000.0,70333647700.0,167390398200.0,5-Year,,No,
91282CKN0,2024-04-30,Note,7-Year,2024-04-25,2024,,4.716,,,99.462794,4.661,,,,4.61,,,,2.48,35.06,2,109052308000.0,43893603000.0,,106404200.0,15688500000.0,9212500000.0,34255008000.0,28579008000.0,59108800000.0,6102095000.0,0.0,0.0,44000000000.0,44209715500.0,109368420500.0,7-Year,,No,
91282CKR1,2024-05-15,Note,3-Year,2024-05-07,2024,,4.605,,,99.708904,4.55,,,,4.5,,,,2.63,87.59,2,152336134000.0,57695955800.0,,299235900.0,19893000000.0,11311061800.0,48466134000.0,37804224000.0,83977000000.0,8580670000.0,5000000.0,5000000.0,58000000000.0,65290209800.0,159930388000.0,3-Year,,No,
91282CKS9,2024-05-31,Note,2-Year,2024-05-28,2024,,4.917,,,99.92092,4.85,,,,4.74,,,,2.41,78.98,2,165295145000.0,68286045000.0,,710972800.0,26651000000.0,17426000000.0,50446145000.0,39542145000.0,88198000000.0,11317900000.0,3000000.0,3000000.0,69000000000.0,73096387700.0,170105487700.0,2-Year,,No,
91282CKT7,2024-05-31,Note,5-Year,2024-05-28,2024,,4.553,,,99.765369,4.48,,,,4.38,,,,2.3,96.34,2,160504455000.0,69825542200.0,,174484200.0,20233000000.0,10783000000.0,50413255000.0,45411962200.0,89858200000.0,13630580000.0,0.0,0.0,70000000000.0,74155764000.0,164834676800.0,5-Year,,No,
91282CKU4,2024-05-31,Note,7-Year,2024-05-29,2024,,4.65,,,99.852076,4.59,,,,4.52,,,,2.43,65.55,2,106686840000.0,43882727000.0,,117335600.0,13527000000.0,7077000000.0,34260840000.0,29346752000.0,58899000000.0,7458975000.0,0.0,0.0,44000000000.0,46612240400.0,109416353400.0,7-Year,,No,
91282CKV2,2024-06-17,Note,3-Year,2024-06-10,2024,,4.659,,,99.905415,4.59,,,,4.5,,,,2.43,53.41,2,140762030000.0,57646532000.0,,203488400.0,17291000000.0,9166000000.0,45601030000.0,36973827000.0,77870000000.0,11506705000.0,150000000.0,150000000.0,58000000000.0,59876059100.0,142991557100.0,3-Year,,No,
91282CKY6,2024-07-01,Note,2-Year,2024-06-25,2024,,4.706,,,99.847007,4.658,,,,4.5,,,,2.75,53.94,2,188859460000.0,68070367100.0,,629647400.0,24232000000.0,14250437100.0,63415460000.0,44640960000.0,101212000000.0,9178970000.0,300000000.0,300000000.0,69000000000.0,71402712600.0,192191805500.0,2-Year,,No,
91282CKX8,2024-07-01,Note,5-Year,2024-06-26,2024,,4.331,,,99.639266,4.271,,,,4.2,,,,2.35,5.63,2,164565275000.0,69735289700.0,,164722000.0,19769000000.0,12343250000.0,55493275000.0,48059039700.0,89303000000.0,9333000000.0,100000000.0,100000000.0,70000000000.0,72437531400.0,167267516700.0,5-Year,,No,
91282CKW0,2024-07-01,Note,7-Year,2024-06-27,2024,,4.276,,,99.843947,4.219,,,,4.1,,,,2.58,87.68,2,113502710000.0,43926227600.0,,73807400.0,15409000000.0,8115517600.0,37291710000.0,30595710000.0,60802000000.0,5215000000.0,0.0,0.0,44000000000.0,45532190200.0,115108672600.0,7-Year,,No,
91282CKZ3,2024-07-15,Note,3-Year,2024-07-09,2024,,4.399,,,99.933233,4.35,,,,4.3,,,,2.67,78.35,2,154185380000.0,57489880000.0,,260128600.0,22148000000.0,12220717000.0,49248380000.0,36774163000.0,82789000000.0,8495000000.0,250000000.0,250000000.0,58000000000.0,67423503800.0,164119003800.0,3-Year,,No,
91282CKQ3,2024-07-15,Note,9-Year 10-Month,2024-07-10,2024,2024-05-15T00:00:00,4.276,,,100.777903,4.218,,,,4.177,,,,2.58,1.16,2,100357965000.0,38932816800.0,,67262400.0,14595000000.0,8122643400.0,32613365000.0,26320573400.0,53149600000.0,4489600000.0,0.0,0.0,39000000000.0,45336567200.0,106761715400.0,10-Year,,No,
912810UA4,2024-07-15,Bond,29-Year 10-Month,2024-07-11,2024,2024-05-15T00:00:00,4.405,,,103.622071,4.327,,,,4.25,,,,2.3,88.8,2,50550710000.0,21966950000.0,,33053700.0,8402500000.0,5132500000.0,14624210000.0,13347186000.0,27524000000.0,3487264000.0,0.0,0.0,22000000000.0,25574432800.0,54158192800.0,30-Year,,No,
912810UB2,2024-07-31,Bond,19-Year 10-Month,2024-07-17,2024,2024-05-15T00:00:00,4.466,,,102.0625,4.406,,,,3.88,,,,2.68,92.56,2,34850660000.0,12951445600.0,,48564300.0,3880000000.0,1855000000.0,12360660000.0,9998885600.0,18610000000.0,1097560000.0,0.0,0.0,13000000000.0,13716789100.0,35616003500.0,20-Year,,No,
91282CLB5,2024-07-31,Note,2-Year,2024-07-23,2024,,4.434,,,99.888261,4.393,,,,4.0,,,,2.81,37.33,2,193383375000.0,68226981000.0,,673101300.0,23356000000.0,9838656000.0,75002375000.0,52239325000.0,95025000000.0,6149000000.0,100000000.0,100000000.0,69000000000.0,72804526100.0,197960920100.0,2-Year,,No,
91282CLC3,2024-07-31,Note,5-Year,2024-07-24,2024,,4.121,,,99.45827,4.05,,,,3.98,,,,2.4,96.28,2,167766191000.0,69796241000.0,,199781000.0,22667000000.0,13108280000.0,55948191000.0,46937191000.0,89151000000.0,9750770000.0,4000000.0,4000000.0,70000000000.0,73859602700.0,171829552700.0,5-Year,,No,
91282CLD1,2024-07-31,Note,7-Year,2024-07-25,2024,,4.162,,,99.777306,4.111,,,,4.04,,,,2.64,68.69,2,115963095000.0,43919495000.0,,80597700.0,15467500000.0,7359000000.0,40671595000.0,32665495000.0,59824000000.0,3895000000.0,0.0,0.0,44000000000.0,46426114700.0,118469714700.0,7-Year,,No,
91282CLG4,2024-08-15,Note,3-Year,2024-08-06,2024,,3.81,,,99.831417,3.75,,,,2.88,,,,2.55,92.12,2,147718145000.0,57745565000.0,,254449200.0,20279000000.0,11696120000.0,44913145000.0,37183145000.0,82526000000.0,8866300000.0,0.0,0.0,58000000000.0,69030182700.0,159002762700.0,3-Year,,No,
91282CLH2,2024-09-03,Note,2-Year,2024-08-27,2024,,3.874,,,99.763913,3.83,,,,3.5,,,,2.68,51.01,2,183910782000.0,68120579300.0,,624429400.0,23263000000.0,13016500000.0,66125782000.0,46975079300.0,94522000000.0,8129000000.0,255000000.0,255000000.0,69000000000.0,74486516100.0,190276718800.0,2-Year,,No,
91282CLK5,2024-09-03,Note,5-Year,2024-08-28,2024,,3.645,,,99.908942,3.59,,,,2.618,,,,2.41,21.29,2,168501125000.0,69728450200.0,,166608400.0,21145000000.0,11356213700.0,57684125000.0,49187336500.0,89672000000.0,9184900000.0,105000000.0,105000000.0,70000000000.0,75566080600.0,174338755400.0,5-Year,,No,
91282CLJ8,2024-09-03,Note,7-Year,2024-08-29,2024,,3.77,,,99.877512,3.71,,,,3.65,,,,2.5,89.55,2,109823735000.0,43819369000.0,,80666300.0,11000400000.0,4903085000.0,39260335000.0,32903696500.0,59563000000.0,6012587500.0,100000000.0,100000000.0,44000000000.0,47498677700.0,113503043700.0,7-Year,,No,
91282CLL3,2024-09-16,Note,3-Year,2024-09-10,2024,,3.44,,,99.816223,3.403,,,,2.88,,,,2.66,41.38,2,154123830000.0,57711214500.0,,188964200.0,16953000000.0,6524000000.0,58535330000.0,45155539500.0,78635500000.0,6031675000.0,100000000.0,100000000.0,58000000000.0,58554417200.0,154967032700.0,3-Year,,No,
91282CLP4,2024-09-30,Note,2-Year,2024-09-24,2024,,3.52,,,99.9617,3.47,,,,3.4,,,,2.59,94.51,2,177843970000.0,68280226100.0,,365020200.0,22711000000.0,13393939700.0,64002970000.0,46150401400.0,91130000000.0,8735885000.0,355000000.0,355000000.0,69000000000.0,70424647300.0,179988391200.0,2-Year,,No,
91282CLN9,2024-09-30,Note,5-Year,2024-09-25,2024,,3.519,,,99.913582,3.463,,,,3.408,,,,2.38,17.56,2,166733140000.0,69794407700.0,,100702100.0,22716000000.0,12723837700.0,55987140000.0,49072700000.0,88030000000.0,7997870000.0,105000000.0,105000000.0,70000000000.0,71445154300.0,168383886600.0,5-Year,,No,
91282CLM1,2024-09-30,Note,7-Year,2024-09-26,2024,,3.668,,,99.736649,3.608,,,,3.5,,,,2.63,30.8,2,115491565000.0,43841525000.0,,58475300.0,16247300000.0,8880300000.0,39588265000.0,31039905000.0,59656000000.0,3921320000.0,100000000.0,100000000.0,44000000000.0,44908314000.0,116558354000.0,7-Year,,No,
91282CLQ2,2024-10-15,Note,3-Year,2024-10-08,2024,,3.878,,,99.991581,3.82,,,,3.7,,,,2.45,87.39,2,142028100000.0,57802343200.0,,192713200.0,21959000000.0,13852695000.0,40574100000.0,32869545700.0,79495000000.0,11080102500.0,5000000.0,5000000.0,58000000000.0,58796091400.0,143021848200.0,3-Year,,No,
91282CLF6,2024-10-15,Note,9-Year 10-Month,2024-10-09,2024,2024-08-15T00:00:00,4.066,,,98.455673,4.008,,,,2.88,,,,2.48,99.31,2,96702265000.0,38928454500.0,,71548000.0,9197000000.0,3285500000.0,34576265000.0,30221954500.0,52929000000.0,5421000000.0,0.0,0.0,39000000000.0,39535267300.0,97309077800.0,10-Year,,No,
912810UC0,2024-10-15,Bond,29-Year 10-Month,2024-10-10,2024,2024-08-15T00:00:00,4.389,,,97.689969,4.32,,,,2.88,,,,2.5,14.83,2,54873730000.0,21973803500.0,,26200500.0,5780100000.0,1619100000.0,21072630000.0,17683030000.0,28021000000.0,2671673500.0,0.0,0.0,22000000000.0,22301948200.0,55201874700.0,30-Year,,No,
912810UD8,2024-10-31,Bond,19-Year 10-Month,2024-10-23,2024,2024-08-15T00:00:00,4.59,,,93.984213,4.53,,,,3.88,,,,2.59,61.6,2,33618815000.0,12934391000.0,,65617100.0,4632000000.0,2282000000.0,11401815000.0,8779095000.0,17585000000.0,1873296000.0,0.0,0.0,13000000000.0,13219300000.0,33903724000.0,20-Year,,No,
91282CLR0,2024-10-31,Note,5-Year,2024-10-28,2024,,4.138,,,99.941823,4.07,,,,4.0,,,,2.39,25.49,2,167190444000.0,69849599000.0,,150409800.0,16397000000.0,6617000000.0,62178444000.0,53333384000.0,88615000000.0,9899215000.0,0.0,0.0,70000000000.0,71180811500.0,168521656500.0,5-Year,,No,
91282CLS8,2024-10-31,Note,2-Year,2024-10-28,2024,,4.13,,,99.990496,4.07,,,,4.0,,,,2.5,74.07,2,172214220000.0,68468624000.0,,531555300.0,25382000000.0,16322000000.0,54514220000.0,39872239000.0,92318000000.0,12274385000.0,0.0,0.0,69000000000.0,70164113400.0,173909709400.0,2-Year,,No,
91282CLU3,2024-10-31,Note,7-Year,2024-10-29,2024,,4.215,,,99.459318,4.17,,,,4.1,,,,2.74,89.69,2,120358515000.0,43924242300.0,,75758500.0,18162100000.0,9036867500.0,42471415000.0,31608374800.0,59725000000.0,3279000000.0,0.0,0.0,44000000000.0,44742219600.0,121176492300.0,7-Year,,No,
91282CLX7,2024-11-15,Note,3-Year,2024-11-04,2024,,4.152,,,99.924574,4.09,,,,4.0,,,,2.6,26.45,2,150732440000.0,57778891500.0,,221149800.0,13931000000.0,5561000000.0,52947440000.0,40805641500.0,83854000000.0,11412250000.0,0.0,0.0,58000000000.0,72095620100.0,165049168600.0,3-Year,,No,
91282CLY5,2024-12-02,Note,2-Year,2024-11-25,2024,,4.274,,,99.954094,4.235,,,,4.18,,,,2.77,34.7,2,190739377700.0,68278992700.0,,616155900.0,27496000000.0,13089750000.0,67159377700.0,48906242700.0,96084000000.0,6283000000.0,105000000.0,105000000.0,69000000000.0,73693402000.0,196153787000.0,2-Year,,No,
91282CMA6,2024-12-02,Note,5-Year,2024-11-26,2024,,4.197,,,99.678141,4.13,,,,4.04,,,,2.43,58.07,2,169996375000.0,69804438500.0,,190669400.0,27496000000.0,17159250000.0,53334375000.0,44758601000.0,89166000000.0,7886587500.0,5000000.0,5000000.0,70000000000.0,74761379400.0,174953315900.0,5-Year,,No,
91282CLZ2,2024-12-02,Note,7-Year,2024-11-27,2024,,4.183,,,99.650943,4.138,,,,3.88,,,,2.71,70.78,2,119084629000.0,43900455000.0,,99553200.0,18433400000.0,11386300000.0,37257229000.0,28130460000.0,63394000000.0,4383695000.0,0.0,0.0,44000000000.0,46992807400.0,122176981400.0,7-Year,,No,
91282CMB4,2024-12-16,Note,3-Year,2024-12-10,2024,,4.117,,,99.673021,4.068,,,,4.0,,,,2.58,92.0,2,149042770000.0,57552170000.0,,247925300.0,20849000000.0,11919000000.0,47826770000.0,36935370000.0,80367000000.0,8697800000.0,200000000.0,200000000.0,58000000000.0,58415483800.0,149906083800.0,3-Year,,No,
91282CME8,2024-12-31,Note,2-Year,2024-12-23,2024,,4.335,,,99.838827,4.285,,,,4.0,,,,2.73,21.89,2,187706830000.0,68381385400.0,,613634800.0,14630000000.0,4546317900.0,79309830000.0,56132947500.0,93767000000.0,7702120000.0,5000000.0,5000000.0,69000000000.0,69678721900.0,189004166500.0,2-Year,,No,
91282CMD0,2024-12-31,Note,5-Year,2024-12-24,2024,,4.478,,,99.543129,4.425,,,,4.3,,,,2.4,46.89,2,167610170000.0,69737933500.0,,182128600.0,24657000000.0,14125500000.0,54327170000.0,46916098500.0,88626000000.0,8696335000.0,80000000.0,80000000.0,70000000000.0,70688599900.0,168560836400.0,5-Year,,No,
91282CMC2,2024-12-31,Note,7-Year,2024-12-26,2024,,4.532,,,99.809877,4.49,,,,2.888,,,,2.76,90.35,2,121264490000.0,43890161300.0,,110055600.0,11000600000.0,1251151800.0,50510890000.0,38569609500.0,59753000000.0,4069400000.0,0.0,0.0,44000000000.0,44433012100.0,121807340800.0,7-Year,,No,
