cik,sic,sic2
0000001800,2834,28
0000002098,3420,34
0000002488,3674,36
0000002969,2810,28
0000003197,3564,35
0000003453,4400,44
0000003545,0100,01
0000003570,4924,49
0000004127,3674,36
0000004281,3350,33
0000004904,4911,49
0000005981,2870,28
0000006176,3561,35
0000006201,4512,45
0000006281,3674,36
0000006951,3674,36
0000006955,3590,35
0000007431,3089,30
0000007536,5065,50
0000007623,3523,35
0000008063,3728,37
0000008146,3577,35
0000008858,5065,50
0000009092,3824,38
0000009326,2800,28
0000010048,1311,13
0000010329,2511,25
0000010456,3841,38
0000010795,3841,38
0000012040,5812,58
0000012208,3826,38
0000012239,6211,62
0000012927,3721,37
0000013156,7900,79
0000014177,2013,20
0000014846,6798,67
0000014930,3510,35
0000015357,2060,20
0000015615,1623,16
0000016040,2890,28
0000016058,7373,73
0000016160,0200,02
0000016732,2000,20
0000017843,3312,33
0000018230,3531,35
0000018255,5621,56
0000018498,5661,56
0000018926,4813,48
0000019584,8082,80
0000019745,4923,49
0000019871,3540,35
0000020212,7948,79
0000021344,2080,20
0000021665,2844,28
0000022701,1700,17
0000023194,1311,13
0000023197,3663,36
0000023217,2000,20
0000023795,6798,67
0000024741,3357,33
0000025232,6798,67
0000025445,3490,34
0000025743,2834,28
0000026058,3672,36
0000026172,3510,35
0000026324,3590,35
0000026780,3714,37
0000027419,5331,53
0000027430,4931,49
0000027904,4512,45
0000027996,2780,27
0000028823,3578,35
0000029002,3674,36
0000029332,2273,22
0000029534,5331,53
0000029905,3530,35
0000029989,7311,73
0000030305,3728,37
0000030697,5810,58
0000031107,3420,34
0000031235,3861,38
0000031462,2840,28
0000031791,3826,38
0000033185,7320,73
0000033213,1311,13
0000033488,3949,39
0000033533,3679,36
0000034067,3390,33
0000034285,7363,73
0000034903,6798,67
0000036840,6798,67
0000037472,2510,25
0000037785,2800,28
0000037996,3711,37
0000038264,6199,61
0000038725,3621,36
0000038777,6282,62
0000039911,5651,56
0000040533,3730,37
0000040570,7361,73
0000040704,2040,20
0000041719,2621,26
0000042888,3561,35
0000043196,4833,48
0000045876,8900,89
0000045919,7331,73
0000046080,3944,39
0000046129,3825,38
0000046619,3724,37
0000046765,1381,13
0000047111,2060,20
0000047217,3570,35
0000048287,2522,25
0000048898,3670,36
0000049071,6324,63
0000049826,3560,35
0000050493,5411,54
0000050725,3442,34
0000050863,3674,36
0000051253,2860,28
0000052827,6798,67
0000053456,4911,49
0000054187,6512,65
0000055135,7363,73
0000055242,3541,35
0000055785,2670,26
0000056047,4400,44
0000056978,3674,36
0000057515,2030,20
0000059255,2810,28
0000059527,3540,35
0000060519,2400,24
0000060667,5211,52
0000060714,2810,28
0000061004,3679,36
0000061986,3531,35
0000062234,7830,78
0000062709,6411,64
0000062996,3430,34
0000063276,3942,39
0000063330,6500,65
0000063754,2090,20
0000063908,5812,58
0000064040,7320,73
0000064463,6199,61
0000064803,5912,59
0000065596,6211,62
0000065770,3679,36
0000065984,4911,49
0000066004,4941,49
0000066382,2520,25
0000066570,3842,38
0000066740,3841,38
0000067716,1400,14
0000067887,3590,35
0000068505,3663,36
0000068622,4813,48
0000069422,6513,65
0000069488,3089,30
0000069633,3669,36
0000070145,4924,49
0000070318,8062,80
0000070487,8731,87
0000070866,3578,35
0000071557,4813,48
0000071691,2711,27
0000071829,7350,73
0000072162,2810,28
0000072205,2451,24
0000072331,3569,35
0000072444,2836,28
0000072573,3873,38
0000072741,4911,49
0000073290,2835,28
0000073756,1389,13
0000074046,3990,39
0000074208,6798,67
0000074303,2800,28
0000075252,5047,50
0000075288,2320,23
0000075677,2650,26
0000076282,3460,34
0000076334,3490,34
0000076605,3714,37
0000077360,3550,35
0000077476,2080,20
0000077543,1540,15
0000078128,4941,49
0000078239,2320,23
0000078890,4731,47
0000079661,6552,65
0000079879,2851,28
0000080035,1623,16
0000080172,3480,34
0000080420,3613,36
0000080424,2840,28
0000081061,5411,54
0000081362,2990,29
0000082020,1400,14
0000082473,6798,67
0000083246,6021,60
0000084748,2821,28
0000084839,7340,73
0000085535,6795,67
0000087802,3826,38
0000088000,6282,62
0000088121,5150,51
0000088205,3540,35
0000088941,3674,36
0000089089,7200,72
0000089439,3350,33
0000090168,3724,37
0000091142,3630,36
0000091388,2011,20
0000091440,3420,34
0000091767,2650,26
0000092122,4911,49
0000092380,4512,45
0000093314,2835,28
0000093389,3714,37
0000094049,2840,28
0000094845,2300,23
0000095029,3480,34
0000095953,2800,28
0000096021,5140,51
0000096271,4911,49
0000096536,3569,35
0000096869,6500,65
0000096943,3841,38
0000097134,3580,35
0000097210,3825,38
0000097216,3537,35
0000097476,3674,36
0000097745,3829,38
0000098222,4400,44
0000098362,3562,35
0000098677,2060,20
0000099780,3743,37
0000100122,4911,49
0000100378,3560,35
0000100493,2015,20
0000100517,4512,45
0000100591,1700,17
0000100726,2200,22
0000100885,4011,40
0000101538,3330,33
0000101594,1311,13
0000101829,3724,37
0000101984,3651,36
0000102729,3440,34
0000102752,8711,87
0000103595,5411,54
0000103730,3670,36
0000104169,5331,53
0000104918,4931,49
0000105016,5070,50
0000105132,2890,28
0000105319,7200,72
0000105418,5411,54
0000105634,1731,17
0000105744,1311,13
0000105770,3841,38
0000106040,3572,35
0000106532,5130,51
0000106535,6798,67
0000106640,3630,36
0000107263,4922,49
0000107687,3716,37
0000107815,4911,49
0000107833,4931,49
0000108516,3310,33
0000108985,4941,49
0000109177,3690,36
0000109563,5080,50
0000110471,3140,31
0000202058,3812,38
0000205402,5063,50
0000215466,1040,10
0000216228,3561,35
0000216877,7000,70
0000275053,2834,28
0000275880,7373,73
0000276720,4941,49
0000277135,5000,50
0000277509,3711,37
0000277638,0700,07
0000277948,4011,40
0000278165,7373,73
0000310142,2860,28
0000310764,3841,38
0000312257,5141,51
0000313616,3823,38
0000313927,2840,28
0000314203,1040,10
0000314227,2860,28
0000314808,1381,13
0000315213,7363,73
0000315293,6411,64
0000315374,3823,38
0000315958,7320,73
0000317540,2086,20
0000318154,2836,28
0000318300,6022,60
0000318833,7600,76
0000320121,7373,73
0000320193,3571,35
0000350698,5500,55
0000350894,6211,62
0000351998,3825,38
0000352541,4931,49
0000352915,8062,80
0000352955,1311,13
0000352991,6500,65
0000354707,4911,49
0000354950,5211,52
0000354963,4813,48
0000355811,3714,37
0000355948,5065,50
0000356037,7373,73
0000356309,4924,49
0000700923,1623,16
0000701719,5944,59
0000701985,5990,59
0000702165,4011,40
0000703351,5812,58
0000703604,5080,50
0000704440,3841,38
0000704532,3829,38
0000706698,3841,38
0000707549,3559,35
0000708821,3578,35
0000709005,5812,58
0000711377,2835,28
0000711404,3851,38
0000712034,2780,27
0000714256,3842,38
0000715787,2273,22
0000715957,4911,49
0000716133,4813,48
0000716634,7830,78
0000716643,7200,72
0000717423,1311,13
0000717605,2821,28
0000717954,7200,72
0000718332,5140,51
0000718937,3851,38
0000719135,3841,38
0000719733,3672,36
0000719955,5700,57
0000720154,8731,87
0000720515,4911,49
0000721693,7389,73
0000722313,3679,36
0000722572,3661,36
0000723125,3674,36
0000723254,2320,23
0000723531,8700,87
0000725394,7363,73
0000727273,4941,49
0000727346,6798,67
0000727510,2836,28
0000728385,3829,38
0000728391,4911,49
0000729580,3677,36
0000730349,2024,20
0000730464,8200,82
0000731766,6324,63
0000731802,4924,49
0000732712,4813,48
0000732717,4813,48
0000732834,1311,13
0000733590,6798,67
0000737758,3524,35
0000744218,2835,28
0000744825,8071,80
0000745308,6552,65
0000745732,5651,56
0000746514,6513,65
0000746515,4731,47
0000746598,3990,39
0000746838,7373,73
0000747540,5065,50
0000748268,7372,73
0000749251,8741,87
0000750004,7373,73
0000751365,2531,25
0000751978,3679,36
0000752714,7359,73
0000755001,4931,49
0000761648,6798,67
0000763744,3714,37
0000764065,1000,10
0000764180,2111,21
0000764622,4911,49
0000764630,3690,36
0000766421,4512,45
0000766792,3559,35
0000766829,4941,49
0000769397,7372,73
0000769520,3580,35
0000771266,3674,36
0000771497,7340,73
0000771999,2650,26
0000773840,3724,37
0000775158,3711,37
0000778164,2860,28
0000779152,7373,73
0000779544,5812,58
0000780571,3825,38
0000783325,4931,49
0000784199,3841,38
0000784539,5065,50
0000784977,4911,49
0000785786,3672,36
0000787250,4931,49
0000788329,3949,39
0000788784,4931,49
0000788816,4911,49
0000788920,3841,38
0000788965,4911,49
0000789019,7372,73
0000789460,5172,51
0000789570,7011,70
0000789933,1221,12
0000790051,3060,30
0000790526,8071,80
0000790816,6798,67
0000791908,2834,28
0000791963,6211,62
0000792987,3531,35
0000793074,4213,42
0000793171,2836,28
0000793306,1311,13
0000793524,6794,67
0000793952,3751,37
0000794367,5311,53
0000795403,3490,34
0000796343,7372,73
0000796505,3661,36
0000798081,3842,38
0000798354,7389,73
0000798359,6798,67
0000798783,6798,67
0000799233,4213,42
0000799288,5651,56
0000799292,1531,15
0000801337,6021,60
0000802481,2015,20
0000803578,7372,73
0000804328,3663,36
0000805928,3845,38
0000807863,3577,35
0000807882,5812,58
0000810136,3674,36
0000810332,4512,45
0000811156,4931,49
0000811222,8011,80
0000811596,3350,33
0000811641,2835,28
0000812011,7990,79
0000812074,3221,32
0000813298,5651,56
0000813672,7372,73
0000813716,2080,20
0000814453,3089,30
0000814547,7389,73
0000814586,2020,20
0000814676,3260,32
0000815097,4400,44
0000815556,5200,52
0000816761,7372,73
0000817720,3674,36
0000818479,3843,38
0000818686,2834,28
0000819793,2221,22
0000820313,3678,36
0000821130,4812,48
0000821189,1311,13
0000821483,1311,13
0000822370,2834,28
0000822818,4955,49
0000823277,5150,51
0000823768,4953,49
0000825542,2870,28
0000827052,4911,49
0000827099,4931,49
0000827187,2510,25
0000828146,3577,35
0000829224,5810,58
0000829323,7310,73
0000831259,1000,10
0000831641,8711,87
0000832101,3561,35
0000832428,4833,48
0000832988,5944,59
0000833640,3674,36
0000835011,5180,51
0000836157,3523,35
0000837465,3949,39
0000838875,2080,20
0000839087,3845,38
0000842023,2836,28
0000842162,3714,37
0000842633,3460,34
0000843006,8742,87
0000844059,6500,65
0000844985,3845,38
0000845819,4899,48
0000846913,3564,35
0000849145,7389,73
0000849146,2834,28
0000849395,3241,32
0000851205,3823,38
0000851310,3663,36
0000851520,8742,87
0000851968,2273,22
0000853816,4213,42
0000854775,3576,35
0000855658,3674,36
0000856982,3841,38
0000856984,3841,38
0000857005,7372,73
0000858470,1311,13
0000858877,3576,35
0000860731,7372,73
0000861459,1600,16
0000861884,5051,50
0000862651,7389,73
0000862861,6221,62
0000863110,4941,49
0000863436,3672,36
0000864749,3829,38
0000865752,2086,20
0000866273,1700,17
0000866729,2731,27
0000866787,5531,55
0000866829,1389,13
0000867038,1311,13
0000867840,3845,38
0000868278,2834,28
0000868780,3714,37
0000868857,8711,87
0000871763,7363,73
0000872589,2834,28
0000872912,3841,38
0000873303,2834,28
0000874015,2834,28
0000874238,1600,16
0000874396,3420,34
0000874499,1311,13
0000874716,2835,28
0000875320,2834,28
0000875355,0100,01
0000875582,3470,34
0000875657,3690,36
0000876167,7372,73
0000876343,2836,28
0000876523,5900,59
0000876883,7311,73
0000877212,3560,35
0000879101,6798,67
0000879169,8731,87
0000879407,2834,28
0000879526,3715,37
0000879585,4813,48
0000880117,2060,20
0000880266,3523,35
0000880631,6211,62
0000880984,8711,87
0000882095,2836,28
0000882508,3674,36
0000882835,3823,38
0000883107,2844,28
0000883237,6282,62
0000883241,7372,73
0000883569,3873,38
0000883902,3448,34
0000883984,3841,38
0000884144,7373,73
0000884614,4932,49
0000884624,3841,38
0000884887,4400,44
0000885245,5651,56
0000885307,5211,52
0000885508,6552,65
0000885568,4911,49
0000885590,2834,28
0000885639,5311,53
0000885725,3841,38
0000885978,8000,80
0000886128,3620,36
0000886163,2834,28
0000886206,8741,87
0000886346,3550,35
0000886744,2834,28
0000887359,2836,28
0000887396,1311,13
0000887596,5812,58
0000887733,5190,51
0000887905,6798,67
0000887936,8742,87
0000888981,3944,39
0000889348,3728,37
0000889900,1381,13
0000890564,7363,73
0000891014,2810,28
0000891103,7370,73
0000891482,7011,70
0000891532,4955,49
0000892553,3443,34
0000893538,1311,13
0000894405,4213,42
0000894556,2800,28
0000894627,1311,13
0000894871,4841,48
0000895126,1311,13
0000895417,6798,67
0000895419,3674,36
0000895447,5661,56
0000896156,2511,25
0000896264,2833,28
0000896429,3578,35
0000896622,3089,30
0000896878,7372,73
0000897077,3523,35
0000897448,2834,28
0000897723,3672,36
0000898173,5531,55
0000898293,3672,36
0000898437,3841,38
0000899460,2834,28
0000899629,6798,67
0000899751,3312,33
0000899923,2835,28
0000901491,5812,58
0000903129,3714,37
0000906553,7011,70
0000906709,2834,28
0000907254,6798,67
0000908255,3714,37
0000908315,5900,59
0000908937,4832,48
0000909724,3100,31
0000909832,5331,53
0000910329,2090,20
0000910406,2000,20
0000910606,6798,67
0000910638,7372,73
0000911147,7011,70
0000911177,4953,49
0000912061,5190,51
0000912093,3674,36
0000912562,3310,33
0000912615,5651,56
0000912728,4731,47
0000912766,8200,82
0000913142,3357,33
0000913241,3140,31
0000913277,3949,39
0000914156,3841,38
0000914208,6282,62
0000914475,2836,28
0000915840,1531,15
0000915912,6798,67
0000915913,2821,28
0000916076,1400,14
0000916365,5200,52
0000916540,2070,20
0000917251,6798,67
0000917520,3841,38
0000918541,3540,35
0000918965,5045,50
0000919012,5651,56
0000920148,8071,80
0000920371,3420,34
0000920522,6798,67
0000921082,6798,67
0000921299,2834,28
0000921582,3861,38
0000921638,6795,67
0000922224,4911,49
0000922358,5900,59
0000922621,6411,64
0000923120,3743,37
0000923601,7373,73
0000923796,1520,15
0000924168,3640,36
0000924719,3272,32
0000926282,3661,36
0000926326,3571,35
0000926423,3812,38
0000927003,3679,36
0000927066,8090,80
0000928054,2890,28
0000928340,4941,49
0000929008,5063,50
0000929351,7812,78
0000930420,7363,73
0000931015,3790,37
0000931148,3620,36
0000932021,3663,36
0000932696,5961,59
0000933034,3714,37
0000933036,7359,73
0000933972,3621,36
0000933974,3559,35
0000934549,6794,67
0000934612,4011,40
0000935036,7372,73
0000935419,5812,58
0000935703,5331,53
0000936395,3661,36
0000936468,3760,37
0000937556,3845,38
0000939767,2836,28
0000940944,5812,58
0000943452,3743,37
0000943819,3841,38
0000944075,3571,35
0000944695,6331,63
0000944809,2834,28
0000945114,5084,50
0000945841,5090,50
0000945983,5045,50
0000946563,3841,38
0000946644,2836,28
0000948320,8011,80
0000948708,7372,73
0000949157,3334,33
0000949870,2082,20
0001000228,5047,50
0001000623,2621,26
0001000694,2836,28
0001000697,3826,38
0001000753,7363,73
0001001115,3829,38
0001001233,2836,28
0001001250,2844,28
0001001316,2834,28
0001001614,1311,13
0001001838,1000,10
0001002590,5990,59
0001002638,7373,73
0001002910,4931,49
0001003078,5084,50
0001004724,6519,65
0001004980,4931,49
0001005101,6199,61
0001005210,5900,59
0001005284,3670,36
0001005757,7374,73
0001006028,2890,28
0001006045,3845,38
0001006281,2836,28
0001006655,1311,13
0001006837,3440,34
0001007019,2090,20
0001007587,4899,48
0001009829,3944,39
0001009891,3728,37
0001010086,2834,28
0001012019,5500,55
0001013237,7370,73
0001013488,5812,58
0001013857,7374,73
0001013871,4911,49
0001013880,7363,73
0001013934,8200,82
0001014473,7371,73
0001014739,8082,80
0001014763,3577,35
0001016281,7200,72
0001017303,3577,35
0001017655,7389,73
0001018164,5080,50
0001018724,5961,59
0001018840,5651,56
0001018963,3317,33
0001019849,5500,55
0001020214,3841,38
0001020569,6798,67
0001020710,5084,50
0001020859,5141,51
0001021561,5122,51
0001021635,4911,49
0001021860,3533,35
0001021917,6512,65
0001022079,8071,80
0001022321,4610,46
0001022505,7374,73
0001022652,3669,36
0001022671,3312,33
0001023024,2834,28
0001023128,5500,55
0001023313,8700,87
0001023459,7373,73
0001023994,5030,50
0001024305,2844,28
0001024478,3829,38
0001024795,3490,34
0001026655,3089,30
0001027838,3841,38
0001029199,6099,60
0001030192,1040,10
0001030894,3672,36
0001031203,5500,55
0001031235,6798,67
0001031296,4911,49
0001031308,7372,73
0001032220,7389,73
0001034054,6798,67
0001034670,3714,37
0001034760,7373,73
0001034842,2834,28
0001035201,4941,49
0001035267,3842,38
0001035983,1731,17
0001036044,3577,35
0001037868,3823,38
0001037976,6531,65
0001038074,3674,36
0001038277,3823,38
0001039280,7372,73
0001039399,3674,36
0001039684,4923,49
0001040470,3825,38
0001040829,6798,67
0001040896,7372,73
0001040971,6798,67
0001041061,5812,58
0001041514,6099,60
0001041803,5331,53
0001041859,5651,56
0001041934,3845,38
0001042046,6331,63
0001042893,3533,35
0001043277,4731,47
0001043337,3714,37
0001043509,5500,55
0001043961,3826,38
0001044777,7373,73
0001045450,6798,67
0001045609,6798,67
0001045810,3674,36
0001046102,7389,73
0001046257,2040,20
0001046311,7011,70
0001046568,8200,82
0001047127,3674,36
0001047335,8051,80
0001047340,0100,01
0001047862,4931,49
0001048268,1731,17
0001048286,7011,70
0001048477,2834,28
0001048695,3576,35
0001048911,4513,45
0001049502,3823,38
0001049521,3670,36
0001049606,3420,34
0001050377,5045,50
0001050446,6199,61
0001050797,2300,23
0001050915,1731,17
0001051470,6798,67
0001051512,4813,48
0001051627,3674,36
0001052752,6500,65
0001053507,6798,67
0001053706,8111,81
0001054102,3841,38
0001054905,2800,28
0001056288,6282,62
0001056358,2833,28
0001056696,7372,73
0001056903,4941,49
0001057060,5531,55
0001057352,7389,73
0001057379,8742,87
0001058090,5812,58
0001058290,7371,73
0001058623,4832,48
0001059556,7320,73
0001060391,4953,49
0001060822,2300,23
0001060955,8731,87
0001061069,4953,49
0001061219,4922,49
0001061983,2834,28
0001062231,3714,37
0001062822,2834,28
0001063761,6798,67
0001064728,1221,12
0001065059,1400,14
0001065088,7389,73
0001065280,7841,78
0001065696,5010,50
0001066194,7372,73
0001066923,7389,73
0001067294,5812,58
0001067701,7359,73
0001068148,3460,34
0001068689,7372,73
0001069183,3480,34
0001069202,3585,35
0001069258,3760,37
0001069394,2890,28
0001069533,4923,49
0001069878,2400,24
0001069899,2834,28
0001070050,7372,73
0001070081,2834,28
0001070423,4610,46
0001070494,2834,28
0001070750,6798,67
0001071739,6324,63
0001072379,2834,28
0001072627,6331,63
0001075531,4700,47
0001075736,4813,48
0001076930,3690,36
0001078271,3576,35
0001080014,2834,28
0001080340,6798,67
0001080657,6798,67
0001081316,4900,49
0001081745,7372,73
0001081938,2834,28
0001082554,2834,28
0001083301,6199,61
0001083446,8742,87
0001083490,6513,65
0001083522,2080,20
0001084048,4822,48
0001084267,7310,73
0001084765,7389,73
0001084869,5990,59
0001084961,6153,61
0001084991,1389,13
0001085277,2834,28
0001085392,4911,49
0001086600,1221,12
0001087294,2834,28
0001088034,6099,60
0001088413,3559,35
0001088856,2834,28
0001089063,5940,59
0001089819,4911,49
0001089872,7812,78
0001090396,7990,79
0001090727,4210,42
0001090872,3826,38
0001091667,4841,48
0001092699,7372,73
0001093557,3841,38
0001093691,3620,36
0001094285,3812,38
0001095146,6199,61
0001095565,7370,73
0001095651,6798,67
0001095981,3841,38
0001096056,2810,28
0001096275,3714,37
0001096343,6331,63
0001096752,2844,28
0001097149,3842,38
0001097864,3674,36
0001098009,2834,28
0001098972,2836,28
0001099160,4832,48
0001099219,6311,63
0001099369,7372,73
0001099590,7389,73
0001099800,3842,38
0001100682,8731,87
0001101239,6798,67
0001101302,3089,30
0001101433,7389,73
0001102238,6510,65
0001102993,7372,73
0001103982,2000,20
0001104038,6199,61
0001104485,1311,13
0001104506,2834,28
0001104657,3460,34
0001106644,2834,28
0001107843,7372,73
0001108109,8062,80
0001108426,4911,49
0001108524,7372,73
0001109116,4833,48
0001109242,6021,60
0001109262,5960,59
0001109354,3826,38
0001109357,4931,49
0001109448,6282,62
0001110607,3533,35
0001110803,3826,38
0001111485,3851,38
0001111711,4931,49
0001111741,1000,10
0001111928,3674,36
0001113169,6282,62
0001113232,3559,35
0001114483,3845,38
0001114925,3576,35
0001114936,7372,73
0001114995,3679,36
0001116132,3100,31
0001116463,3841,38
0001116942,3672,36
0001117057,2030,20
0001117171,3690,36
0001117297,7389,73
0001119643,2833,28
0001120193,6200,62
0001120970,2860,28
0001121484,3533,35
0001121788,3812,38
0001122904,3576,35
0001122976,2821,28
0001123360,7389,73
0001123494,3826,38
0001124105,2834,28
0001124198,1600,16
0001124524,2834,28
0001124796,3674,36
0001125345,2834,28
0001125376,8051,80
0001127475,7389,73
0001127537,3841,38
0001128928,2000,20
0001130310,4911,49
0001130464,4911,49
0001130713,5961,59
0001132105,5940,59
0001133062,7389,73
0001133311,7310,73
0001133421,3812,38
0001136869,3842,38
0001136893,7389,73
0001137091,3510,35
0001137789,3572,35
0001138118,6500,65
0001138476,8090,80
0001138723,3841,38
0001139685,8734,87
0001140102,7363,73
0001140215,2086,20
0001140536,6411,64
0001140859,5122,51
0001141103,7363,73
0001141197,1311,13
0001141284,3669,36
0001141391,7389,73
0001142417,4833,48
0001142750,7363,73
0001144215,3640,36
0001144879,7374,73
0001144980,5500,55
0001145197,3841,38
0001145255,6282,62
0001145986,5030,50
0001156039,6324,63
0001156041,1311,13
0001156375,6200,62
0001157408,8200,82
0001157601,2834,28
0001158114,3674,36
0001158172,7389,73
0001158449,5531,55
0001158463,4512,45
0001158780,2836,28
0001159036,2836,28
0001160420,2833,28
0001160791,1040,10
0001162194,2834,28
0001163609,2070,20
0001163739,1381,13
0001165002,6282,62
0001166003,4700,47
0001166691,4841,48
0001166708,3949,39
0001167419,6199,61
0001169138,7389,73
0001169445,7371,73
0001171155,4731,47
0001171326,8742,87
0001171759,5812,58
0001173489,7370,73
0001173514,3537,35
0001175454,7389,73
0001176334,5171,51
0001177394,5045,50
0001177609,5331,53
0001177648,2834,28
0001177702,4213,42
0001179929,6324,63
0001180262,5122,51
0001185348,6153,61
0001190370,2390,23
0001192448,3841,38
0001193311,4911,49
0001196298,3841,38
0001200375,2860,28
0001201792,8200,82
0001206264,2510,25
0001210677,7374,73
0001210708,7363,73
0001211583,2836,28
0001211805,7372,73
0001213037,2836,28
0001213809,2836,28
0001217234,8071,80
0001218683,6199,61
0001219601,3411,34
0001224133,7372,73
0001224608,6321,63
0001227636,3841,38
0001227654,1400,14
0001228627,2834,28
0001230058,6552,65
0001230524,8742,87
0001232524,2834,28
0001232582,6798,67
0001235468,7389,73
0001235912,3841,38
0001236275,5030,50
0001237831,3841,38
0001254699,5961,59
0001257640,2810,28
0001260221,3728,37
0001261333,7372,73
0001261654,8200,82
0001262039,3577,35
0001262823,2860,28
0001262976,2750,27
0001265521,2834,28
0001267565,2834,28
0001269026,3841,38
0001270436,6211,62
0001271833,4841,48
0001272842,3663,36
0001274494,3674,36
0001274737,8071,80
0001275158,5812,58
0001275187,3841,38
0001276187,4922,49
0001278021,6211,62
0001278027,2000,20
0001280058,7372,73
0001280263,3674,36
0001280452,3674,36
0001282224,7200,72
0001282637,2860,28
0001282648,1311,13
0001283699,4812,48
0001285550,3841,38
0001285785,2870,28
0001286139,7374,73
0001286613,8200,82
0001286681,5140,51
0001287098,8731,87
0001287213,3531,35
0001288403,1311,13
0001288469,3674,36
0001288847,7374,73
0001289340,3845,38
0001289419,6282,62
0001289460,5812,58
0001289490,6798,67
0001289848,8742,87
0001289945,4812,48
0001290900,3714,37
0001294133,3842,38
0001295514,2080,20
0001297184,2834,28
0001297937,7990,79
0001297989,7389,73
0001297996,6798,67
0001299130,3826,38
0001299969,6500,65
0001300514,7011,70
0001301787,5031,50
0001304161,8742,87
0001306830,2820,28
0001307748,6798,67
0001307954,2800,28
0001308027,3060,30
0001308208,4213,42
0001308547,6794,67
0001309108,7389,73
0001309402,2860,28
0001310383,6798,67
0001310630,2833,28
0001311370,6282,62
0001314102,3826,38
0001314196,7389,73
0001314727,3651,36
0001315061,1382,13
0001315098,7372,73
0001315257,2400,24
0001316835,5211,52
0001317630,4911,49
0001317685,3580,35
0001317945,3430,34
0001318008,5600,56
0001318220,4953,49
0001318484,5600,56
0001318605,3711,37
0001319161,7900,79
0001319947,5661,56
0001320350,3841,38
0001320414,8060,80
0001320760,8742,87
0001320854,3743,37
0001321655,7372,73
0001321732,3841,38
0001323468,5171,51
0001323885,3841,38
0001324404,2870,28
0001324424,4700,47
0001324759,2821,28
0001325618,3841,38
0001325702,3674,36
0001325964,3080,30
0001326110,2836,28
0001326200,4412,44
0001326205,2834,28
0001326380,5734,57
0001326706,3842,38
0001326732,2834,28
0001326801,7370,73
0001327567,3577,35
0001327811,7374,73
0001327978,6798,67
0001328581,5030,50
0001329606,4924,49
0001332174,6221,62
0001332349,8050,80
0001333274,2611,26
0001333493,6411,64
0001333822,3674,36
0001334036,3021,30
0001334325,3812,38
0001334978,7310,73
0001335258,7900,79
0001336047,4922,49
0001336920,7373,73
0001337013,3841,38
0001337298,2860,28
0001337634,7990,79
0001338474,1382,13
0001339005,3841,38
0001340476,7372,73
0001341439,7372,73
0001341766,2086,20
0001342423,0100,01
0001342916,1000,10
0001342958,3663,36
0001345016,7200,72
0001345126,2510,25
0001347178,2834,28
0001348362,2834,28
0001349436,1311,13
0001349706,3690,36
0001350102,3674,36
0001350593,3490,34
0001351636,7372,73
0001352010,7371,73
0001352190,1382,13
0001352952,7389,73
0001354866,3690,36
0001355096,5961,59
0001355790,2834,28
0001355839,7370,73
0001355848,7812,78
0001356090,2834,28
0001356115,6798,67
0001356576,2834,28
0001357615,1600,16
0001357671,4522,45
0001357874,2836,28
0001360214,2834,28
0001360442,7200,72
0001360565,7372,73
0001361538,1623,16
0001361658,7011,70
0001362004,8742,87
0001362190,7372,73
0001362468,4512,45
0001364397,1382,13
0001364954,8200,82
0001365135,7389,73
0001366868,4899,48
0001367644,2834,28
0001367993,7380,73
0001368265,4932,49
0001368458,5990,59
0001368514,2836,28
0001368757,6798,67
0001369290,3842,38
0001369568,2834,28
0001370053,2834,28
0001370450,8711,87
0001370637,7389,73
0001370946,3290,32
0001371285,6324,63
0001371451,2860,28
0001371489,8742,87
0001372299,2836,28
0001372612,7372,73
0001373715,7372,73
0001374567,2510,25
0001374881,5090,50
0001375365,3571,35
0001376139,2911,29
0001376231,7372,73
0001376321,7370,73
0001376339,3841,38
0001376793,0700,07
0001377149,3663,36
0001377630,7310,73
0001378325,3845,38
0001378590,7372,73
0001378950,5531,55
0001380106,3826,38
0001381531,2621,26
0001382101,2836,28
0001382574,2834,28
0001383312,7389,73
0001383650,4924,49
0001384101,8071,80
0001384195,1311,13
0001384905,7374,73
0001385157,5065,50
0001385662,1382,13
0001385818,2834,28
0001385849,1400,14
0001386044,6163,61
0001386278,6199,61
0001386301,7389,73
0001386570,2833,28
0001387467,3674,36
0001388295,7374,73
0001388658,3841,38
0001389170,4922,49
0001391135,2834,28
0001392380,2860,28
0001392694,4813,48
0001393052,7372,73
0001393311,6798,67
0001393434,2834,28
0001393584,7389,73
0001393781,3590,35
0001393883,7389,73
0001394056,3571,35
0001394638,8200,82
0001395937,2834,28
0001395942,5500,55
0001396009,1400,14
0001396536,7372,73
0001396814,2834,28
0001397016,3827,38
0001397183,7372,73
0001397187,2300,23
0001398659,8742,87
0001398733,2834,28
0001398805,3690,36
0001399520,5812,58
0001400891,4832,48
0001401257,3533,35
0001401521,6331,63
0001401667,2834,28
0001401914,2834,28
0001402057,5961,59
0001402328,2834,28
0001402436,7372,73
0001402829,1600,16
0001403161,7389,73
0001403568,5990,59
0001404655,7372,73
0001404804,3714,37
0001405495,6794,67
0001406666,4899,48
0001407704,7900,79
0001408075,2650,26
0001408198,7389,73
0001408710,3661,36
0001409171,5990,59
0001409947,1382,13
0001410098,2834,28
0001410384,7372,73
0001410428,7200,72
0001410636,4941,49
0001411057,8731,87
0001411207,3714,37
0001411579,7830,78
0001411690,3826,38
0001412408,7389,73
0001412502,6798,67
0001413329,2111,21
0001413447,3674,36
0001414382,3590,35
0001414953,2080,20
0001415404,4899,48
0001417663,3841,38
0001417926,3841,38
0001418121,6798,67
0001418135,2080,20
0001418819,4899,48
0001419275,8742,87
0001419612,3674,36
0001419793,3559,35
0001419951,7374,73
0001420520,3674,36
0001420800,3842,38
0001421517,3559,35
0001422143,2834,28
0001422892,4731,47
0001422930,7370,73
0001423221,3350,33
0001423902,4922,49
0001424768,3841,38
0001424929,3751,37
0001425205,2836,28
0001425287,3711,37
0001425292,2870,28
0001425355,6199,61
0001425450,3841,38
0001425627,2721,27
0001427570,2834,28
0001428336,7389,73
0001428439,4841,48
0001429260,2834,28
0001429393,3630,36
0001429764,3690,36
0001430306,2834,28
0001432133,7372,73
0001433195,7372,73
0001433270,1311,13
0001433551,5090,50
0001433607,3841,38
0001433660,3550,35
0001434070,1382,13
0001434316,2836,28
0001434588,8200,82
0001434621,6163,61
0001434728,4941,49
0001434868,2834,28
0001435064,1700,17
0001436126,8711,87
0001436208,2451,24
0001437107,4841,48
0001437226,8742,87
0001437402,2834,28
0001437578,8351,83
0001437750,6199,61
0001437925,7372,73
0001438133,3841,38
0001438231,7373,73
0001438423,3674,36
0001438472,6211,62
0001438533,2834,28
0001438943,1600,16
0001439222,2834,28
0001439264,6199,61
0001439288,3560,35
0001439725,8071,80
0001441236,2631,26
0001441683,7372,73
0001441816,7372,73
0001442145,7374,73
0001442236,4953,49
0001443863,8093,80
0001445305,7372,73
0001446847,2834,28
0001447028,2834,28
0001447362,8071,80
0001447669,7372,73
0001448431,7389,73
0001449349,3841,38
0001449792,3690,36
0001450704,4953,49
0001451505,1381,13
0001451809,3674,36
0001453593,3841,38
0001453687,2834,28
0001454938,7370,73
0001455863,6798,67
0001456189,3751,37
0001457919,1382,13
0001459200,7372,73
0001459839,3841,38
0001460329,7310,73
0001462056,7372,73
0001462223,7371,73
0001462418,7380,73
0001463000,0100,01
0001463101,3674,36
0001463972,3663,36
0001464521,3841,38
0001464790,6282,62
0001466258,3822,38
0001466593,4911,49
0001467373,7389,73
0001467623,7372,73
0001467761,3661,36
0001467858,3711,37
0001468327,5990,59
0001468328,8082,80
0001468929,3841,38
0001469367,3690,36
0001469443,1311,13
0001471727,2080,20
0001473334,2510,25
0001473490,5960,59
0001474098,6798,67
0001474167,5122,51
0001474432,3572,35
0001474735,3621,36
0001474903,7363,73
0001476045,6798,67
0001476840,7372,73
0001477294,3823,38
0001477333,7372,73
0001477449,8011,80
0001477720,7372,73
0001477815,5812,58
0001478242,8731,87
0001478320,2836,28
0001479615,2834,28
0001479681,7389,73
0001481582,5051,50
0001481792,2750,27
0001482554,7374,73
0001484612,3845,38
0001484769,7812,78
0001484778,5961,59
0001486159,1311,13
0001486957,3510,35
0001487197,2030,20
0001487952,3670,36
0001488139,1700,17
0001488917,3845,38
0001489393,2860,28
0001489874,0700,07
0001489993,3841,38
0001490281,7311,73
0001490978,2834,28
0001492422,2834,28
0001492691,4213,42
0001493137,3826,38
0001493594,3674,36
0001493761,3669,36
0001494259,7374,73
0001494558,8200,82
0001494582,6510,65
0001494891,3841,38
0001495231,7310,73
0001495320,3100,31
0001495932,6531,65
0001496443,7389,73
0001497645,6798,67
0001498828,6798,67
0001499200,4924,49
0001499832,4832,48
0001500198,3841,38
0001500217,6798,67
0001500412,3674,36
0001500435,3861,38
0001500881,1090,10
0001501585,3730,37
0001501697,2836,28
0001501989,2834,28
0001502292,6331,63
0001502557,8200,82
0001503274,3826,38
0001503802,2834,28
0001504776,3851,38
0001505155,7372,73
0001505497,8090,80
0001505952,7372,73
0001506293,7370,73
0001506307,4922,49
0001506492,3845,38
0001506929,1040,10
0001507079,5211,52
0001507605,6199,61
0001510295,2911,29
0001510964,2834,28
0001511737,3663,36
0001511820,5122,51
0001512673,7372,73
0001514183,2834,28
0001514416,7372,73
0001514443,7381,73
0001514705,3312,33
0001514991,4841,48
0001515139,7389,73
0001515673,2834,28
0001517022,2834,28
0001517175,5141,51
0001517228,3663,36
0001517302,6282,62
0001517375,7372,73
0001518461,3669,36
0001519061,2821,28
0001519472,1700,17
0001519751,2430,24
0001520006,1311,13
0001520118,6199,61
0001520262,2834,28
0001520358,2013,20
0001521036,2835,28
0001521332,3714,37
0001522540,7372,73
0001522727,4922,49
0001522767,2833,28
0001524025,5600,56
0001524472,3561,35
0001525221,4522,45
0001525306,5065,50
0001525769,5812,58
0001526113,6798,67
0001526520,7370,73
0001527352,3845,38
0001527541,6798,67
0001527702,4813,48
0001527753,8071,80
0001527762,6199,61
0001528287,3841,38
0001528356,4931,49
0001528396,7372,73
0001529113,7371,73
0001529628,1400,14
0001529864,6141,61
0001530804,2810,28
0001530950,2040,20
0001530979,5961,59
0001531152,5331,53
0001531177,3841,38
0001532286,1389,13
0001533758,4899,48
0001533924,1311,13
0001534154,7372,73
0001534504,2911,29
0001534525,2834,28
0001534675,3211,32
0001534708,6162,61
0001534969,8071,80
0001535955,2834,28
0001537054,4899,48
0001537435,3585,35
0001538379,7310,73
0001539838,1311,13
0001540684,1400,14
0001541401,6798,67
0001542447,6798,67
0001543151,7389,73
0001544522,7372,73
0001546296,7370,73
0001546417,5812,58
0001546853,7372,73
0001547459,5411,54
0001549346,7374,73
0001549595,2834,28
0001549966,6282,62
0001550913,6798,67
0001551152,2834,28
0001551306,8090,80
0001552000,4610,46
0001552033,7320,73
0001552275,2911,29
0001552797,4610,46
0001553079,6798,67
0001553788,2080,20
0001555017,8741,87
0001555279,3826,38
0001556739,7310,73
0001557376,2836,28
0001557746,2834,28
0001557798,3576,35
0001558569,8731,87
0001559053,2834,28
0001559432,1311,13
0001559720,7340,73
0001559865,7374,73
0001560258,3845,38
0001560293,3841,38
0001560327,7372,73
0001560385,4833,48
0001561032,6798,67
0001561550,7372,73
0001561680,1531,15
0001561921,3841,38
0001562088,7372,73
0001562151,2080,20
0001562733,2833,28
0001563190,6531,65
0001563665,3841,38
0001563922,4911,49
0001564408,7370,73
0001564902,7990,79
0001565687,7372,73
0001566011,2911,29
0001566044,2834,28
0001566610,6199,61
0001566826,3842,38
0001567683,4911,49
0001568100,7372,73
0001568385,7371,73
0001568651,6324,63
0001569187,6500,65
0001569345,7372,73
0001570562,2834,28
0001570585,4841,48
0001570827,6282,62
0001570937,3841,38
0001571123,7373,73
0001571949,6200,62
0001571996,3571,35
0001573221,5900,59
0001574085,6798,67
0001574094,2834,28
0001575515,5411,54
0001575828,1389,13
0001575965,6798,67
0001576280,8071,80
0001576427,7311,73
0001576873,1400,14
0001576942,5961,59
0001577445,7373,73
0001578732,6531,65
0001579091,7389,73
0001579157,5600,56
0001579214,7389,73
0001579241,7381,73
0001579428,2834,28
0001579733,2000,20
0001579877,6798,67
0001579878,7372,73
0001580560,7389,73
0001580670,1531,15
0001580808,3576,35
0001580905,1520,15
0001581091,6531,65
0001581552,1311,13
0001581760,7374,73
0001581990,4610,46
0001582961,7370,73
0001582982,7372,73
0001583107,2834,28
0001583708,7372,73
0001584549,0100,01
0001585364,2834,28
0001585389,6798,67
0001585521,7370,73
0001585608,2834,28
0001585689,7011,70
0001587523,3651,36
0001588014,7310,73
0001588978,3841,38
0001589149,5051,50
0001589150,2834,28
0001589526,3713,37
0001590418,3823,38
0001590560,2834,28
0001590584,7000,70
0001590714,2890,28
0001590877,2836,28
0001590895,7011,70
0001590955,7372,73
0001590976,3730,37
0001591698,7372,73
0001591890,6199,61
0001591956,6199,61
0001593001,3590,35
0001593184,7370,73
0001593549,7372,73
0001594805,7372,73
0001595974,7370,73
0001596532,3576,35
0001596961,7371,73
0001596993,4412,44
0001597033,7370,73
0001597672,2611,26
0001597846,8742,87
0001598665,6331,63
0001598981,3640,36
0001599117,6799,67
0001599407,8742,87
0001599617,3533,35
0001600222,8200,82
0001600347,8742,87
0001600620,2834,28
0001600626,6798,67
0001600641,5961,59
0001600983,3669,36
0001601046,3823,38
0001601548,8744,87
0001601830,2836,28
0001603015,7372,73
0001603145,4911,49
0001604464,2836,28
0001604665,2860,28
0001604821,8071,80
0001604868,5200,52
0001605331,6794,67
0001605888,7363,73
0001606163,1700,17
0001606268,4931,49
0001606498,3842,38
0001606757,3672,36
0001606909,4412,44
0001607962,3842,38
0001609151,7372,73
0001609253,1311,13
0001609550,3841,38
0001609711,7373,73
0001609804,2890,28
0001610853,6199,61
0001611046,7000,70
0001611052,7372,73
0001611115,8000,80
0001611647,2040,20
0001613780,2836,28
0001614178,7374,73
0001615063,7372,73
0001615165,7374,73
0001616000,7011,70
0001616533,3674,36
0001616543,3823,38
0001616707,5961,59
0001616862,2851,28
0001617406,7011,70
0001617553,7370,73
0001617640,7389,73
0001618732,7372,73
0001618755,5812,58
0001618756,5812,58
0001618835,2834,28
0001619856,2836,28
0001620393,6798,67
0001620533,5810,58
0001621434,1311,13
0001621906,1090,10
0001622345,3690,36
0001622536,4911,49
0001623526,2834,28
0001623925,4922,49
0001624326,3841,38
0001624512,8200,82
0001625278,7374,73
0001625297,2834,28
0001625641,7372,73
0001625941,6798,67
0001626450,7372,73
0001627475,7374,73
0001628369,6500,65
0001628808,3841,38
0001628908,8741,87
0001630627,3841,38
0001630805,3433,34
0001631574,2834,28
0001632970,6798,67
0001633369,7374,73
0001633917,7389,73
0001633931,1700,17
0001635077,8071,80
0001636222,5812,58
0001636422,7370,73
0001636519,7990,79
0001637147,7372,73
0001637207,7997,79
0001637757,4911,49
0001637873,7389,73
0001637880,4911,49
0001638290,3730,37
0001638826,7372,73
0001639068,6510,65
0001639300,5331,53
0001639438,5812,58
0001639691,3845,38
0001639723,7372,73
0001639825,3949,39
0001640147,7372,73
0001640266,2836,28
0001640384,6199,61
0001640428,7370,73
0001640967,6798,67
0001641281,2834,28
0001641614,2750,27
0001642380,2835,28
0001642896,7373,73
0001643154,0100,01
0001643303,3672,36
0001643615,8742,87
0001643721,8742,87
0001643953,2510,25
0001644378,8742,87
0001644903,2844,28
0001645113,3841,38
0001645460,2834,28
0001645590,3570,35
0001645873,6798,67
0001646188,3663,36
0001647088,7350,73
0001647639,6199,61
0001648087,3490,34
0001648960,4822,48
0001649744,5600,56
0001649904,2834,28
0001650164,7374,73
0001650372,7372,73
0001650648,2836,28
0001650664,2836,28
0001650696,2000,20
0001650729,5040,50
0001651308,2834,28
0001651562,7372,73
0001651721,6798,67
0001652044,7370,73
0001652130,2835,28
0001652535,3674,36
0001653087,2836,28
0001653482,7372,73
0001653558,7389,73
0001653653,7011,70
0001655210,2000,20
0001655759,2834,28
0001655923,2836,28
0001656472,2833,28
0001657214,6552,65
0001657573,7389,73
0001657788,1311,13
0001658247,2834,28
0001658566,1311,13
0001659166,3823,38
0001660134,7372,73
0001660280,7372,73
0001660334,2834,28
0001660734,7359,73
0001661181,2834,28
0001661458,6798,67
0001661779,6199,61
0001662579,2836,28
0001662684,3670,36
0001662972,6798,67
0001662991,7389,73
0001664703,3620,36
0001664710,2834,28
0001665300,7374,73
0001665918,5140,51
0001665988,3841,38
0001666071,7370,73
0001666134,7372,73
0001666138,3690,36
0001667011,3674,36
0001667313,7372,73
0001668010,5600,56
0001668243,2834,28
0001668397,8731,87
0001669779,5500,55
0001669811,7380,73
0001670076,4512,45
0001670592,3949,39
0001671858,2834,28
0001671927,2836,28
0001671933,7370,73
0001672013,3949,39
0001673358,5812,58
0001673743,7374,73
0001674101,3679,36
0001674227,7374,73
0001674335,2430,24
0001674356,6798,67
0001674416,2836,28
0001674632,3841,38
0001674862,5160,51
0001674910,2990,29
0001674930,8071,80
0001676047,3842,38
0001676163,3841,38
0001676238,7372,73
0001677576,6500,65
0001679049,4400,44
0001679268,1389,13
0001679788,6199,61
0001680062,3559,35
0001680247,1389,13
0001680378,2870,28
0001680873,5140,51
0001681459,3533,35
0001681622,3679,36
0001682149,7389,73
0001682265,7310,73
0001682639,2834,28
0001682745,4700,47
0001682852,2836,28
0001683606,7374,73
0001684144,2834,28
0001687932,2330,23
0001688126,7374,73
0001688757,3842,38
0001689375,2834,28
0001690680,6531,65
0001690820,5500,55
0001692063,4213,42
0001692415,3841,38
0001692427,1389,13
0001692787,4922,49
0001692819,4911,49
0001692951,6798,67
0001693256,1389,13
0001693317,4924,49
0001693736,7359,73
0001694028,1389,13
0001694426,2911,29
0001695963,6162,61
0001696088,1311,13
0001696556,2000,20
0001697500,3533,35
0001698514,1389,13
0001698538,6798,67
0001698990,1311,13
0001699031,8071,80
0001699039,1389,13
0001699136,3533,35
0001699150,3560,35
0001699350,3841,38
0001701108,2834,28
0001701758,5712,57
0001701963,7374,73
0001702744,2000,20
0001702780,4841,48
0001702924,3480,34
0001703056,7381,73
0001703057,2834,28
0001703956,1700,17
0001704292,2834,28
0001704711,3944,39
0001704715,1221,12
0001704720,5810,58
0001705110,7310,73
0001705843,2870,28
0001706946,4700,47
0001707910,5812,58
0001707919,3711,37
0001707925,2810,28
0001708035,2800,28
0001708055,7373,73
0001708341,7900,79
0001709164,3634,36
0001709628,7370,73
0001709682,7359,73
0001709941,2834,28
0001710155,3851,38
0001710340,2834,28
0001710350,6199,61
0001710366,1220,12
0001711141,2833,28
0001711269,4931,49
0001711279,2836,28
0001711799,6798,67
0001711929,6798,67
0001712189,7000,70
0001712463,2670,26
0001712762,8731,87
0001713210,8000,80
0001713407,6798,67
0001713445,7374,73
0001713683,7371,73
0001713863,2834,28
0001714562,7900,79
0001716166,3841,38
0001716621,3841,38
0001716947,2834,28
0001717115,7370,73
0001718224,5812,58
0001718227,1600,16
0001718500,2844,28
0001718512,3560,35
0001718939,7372,73
0001720116,7372,73
0001720420,7374,73
0001720592,7389,73
0001720635,3550,35
0001720893,2834,28
0001721484,2834,28
0001722482,3826,38
0001722684,7011,70
0001722731,7372,73
0001723059,2834,28
0001723128,2834,28
0001724521,2834,28
0001724965,1311,13
0001725255,8082,80
0001725430,3841,38
0001726445,3826,38
0001726711,2834,28
0001726978,6411,64
0001728117,2834,28
0001728688,7372,73
0001728951,6798,67
0001729149,8090,80
0001729637,2844,28
0001730168,3674,36
0001730430,2834,28
0001730463,2836,28
0001730773,2092,20
0001731348,2833,28
0001733998,4924,49
0001734722,7372,73
0001734750,7374,73
0001735041,3560,35
0001735438,2836,28
0001736297,3674,36
0001736730,2834,28
0001737523,8071,80
0001737706,1381,13
0001738177,3663,36
0001738827,1389,13
0001739410,2834,28
0001739445,3440,34
0001739566,2090,20
0001739940,6324,63
0001740332,5072,50
0001740604,6199,61
0001740742,7372,73
0001741489,8742,87
0001743725,7372,73
0001743745,5099,50
0001743759,3577,35
0001743881,2834,28
0001743907,4512,45
0001744489,7990,79
0001745999,2836,28
0001746618,5961,59
0001747079,7011,70
0001748137,3690,36
0001748790,3990,39
0001748824,6282,62
0001749723,4924,49
0001750106,6500,65
0001750155,0100,01
0001750704,7374,73
0001751008,7370,73
0001753162,6531,65
0001753539,3663,36
0001754170,5080,50
0001754195,2833,28
0001755101,5531,55
0001755347,7812,78
0001755953,6199,61
0001756064,4899,48
0001756262,3845,38
0001756390,2833,28
0001757073,3843,38
0001757715,3634,36
0001758009,7372,73
0001758021,3089,30
0001758488,7997,79
0001758730,6200,62
0001758766,7373,73
0001759186,6199,61
0001759425,2834,28
0001759509,7389,73
0001759631,3713,37
0001759774,6798,67
0001759824,5084,50
0001760026,5990,59
0001760233,5961,59
0001760689,3690,36
0001760965,2320,23
0001761612,2834,28
0001762303,3841,38
0001763925,1311,13
0001764046,7374,73
0001766368,3460,34
0001766400,8000,80
0001766502,5961,59
0001767042,4922,49
0001767258,3470,34
0001768224,2834,28
0001768267,7372,73
0001769624,6282,62
0001769628,7372,73
0001770501,7900,79
0001770787,3826,38
0001771514,6798,67
0001771515,5411,54
0001771706,2834,28
0001771910,2834,28
0001772016,2000,20
0001772177,5812,58
0001772720,4911,49
0001772921,5531,55
0001773751,8011,80
0001774675,7372,73
0001775194,6199,61
0001776661,7389,73
0001776909,7812,78
0001777319,8742,87
0001777393,3690,36
0001777835,6199,61
0001777921,7372,73
0001778129,0100,01
0001779128,8000,80
0001779474,7372,73
0001780201,5961,59
0001781162,3760,37
0001781335,3600,36
0001781755,6411,64
0001782107,2834,28
0001782170,7389,73
0001782430,6798,67
0001783180,3585,35
0001783183,2834,28
0001783328,2836,28
0001784058,7500,75
0001784254,4832,48
0001784440,7374,73
0001784535,7372,73
0001784570,3721,37
0001785056,3600,36
0001785279,2836,28
0001785424,7359,73
0001786117,6798,67
0001786352,7372,73
0001786842,3824,38
0001787306,2834,28
0001788060,3760,37
0001788230,2080,20
0001788451,6411,64
0001788882,6331,63
0001788999,7372,73
0001789029,3714,37
0001789832,1311,13
0001789940,5812,58
0001790169,5122,51
0001792044,2834,28
0001792580,1311,13
0001792781,5600,56
0001792789,7389,73
0001792849,1381,13
0001793229,7389,73
0001793659,7990,79
0001794515,7372,73
0001794669,7389,73
0001794783,6411,64
0001795139,0100,01
0001795250,7900,79
0001795586,6199,61
0001796209,7340,73
0001799191,8011,80
0001799448,2836,28
0001800227,7370,73
0001800637,0700,07
0001800667,7372,73
0001801169,6531,65
0001801170,6324,63
0001801368,1000,10
0001801602,7371,73
0001801661,7374,73
0001802156,7990,79
0001802255,5912,59
0001802457,2860,28
0001802665,2834,28
0001802768,2834,28
0001802974,0700,07
0001803599,7389,73
0001803696,4841,48
0001803737,8082,80
0001803901,8000,80
0001803914,5900,59
0001803977,7990,79
0001804176,3844,38
0001804745,7500,75
0001805077,3690,36
0001805385,3577,35
0001805521,3711,37
0001805526,6199,61
0001805651,7372,73
0001805833,7370,73
0001806201,6141,61
0001806347,2080,20
0001806837,7372,73
0001806952,2834,28
0001807166,7372,73
0001807616,7011,70
0001807887,3690,36
0001808665,2834,28
0001808834,7359,73
0001809104,7389,73
0001809519,7374,73
0001809750,0100,01
0001809987,3829,38
0001810019,7370,73
0001810806,7372,73
0001811063,2834,28
0001811074,6792,67
0001811210,3711,37
0001811935,5961,59
0001812360,8731,87
0001812364,2836,28
0001812477,6199,61
0001812727,6411,64
0001814114,3841,38
0001814287,6282,62
0001815442,2836,28
0001816017,4899,48
0001816431,3829,38
0001816581,3569,35
0001816708,3829,38
0001816937,1520,15
0001817004,5500,55
0001817358,5940,59
0001817760,3674,36
0001818093,3841,38
0001818331,8000,80
0001818382,2836,28
0001818383,7389,73
0001818643,1311,13
0001818644,3714,37
0001819142,3690,36
0001819253,2833,28
0001819404,8200,82
0001819438,3690,36
0001819493,3714,37
0001819516,4522,45
0001819576,2834,28
0001819790,2836,28
0001819796,6282,62
0001819810,3760,37
0001819928,7370,73
0001819974,3674,36
0001819989,6199,61
0001819994,3760,37
0001820144,7370,73
0001820190,2836,28
0001820721,3674,36
0001820872,4700,47
0001820875,7372,73
0001820953,6141,61
0001821159,7500,75
0001821175,7372,73
0001821769,3674,36
0001821806,5990,59
0001822359,8000,80
0001822462,2834,28
0001822492,3420,34
0001822791,2834,28
0001822928,3714,37
0001822966,3443,34
0001823239,2834,28
0001823466,7389,73
0001823584,5099,50
0001823587,6500,65
0001823878,7372,73
0001824893,2836,28
0001824920,7373,73
0001825024,6531,65
0001825079,3559,35
0001825452,7374,73
0001826000,5072,50
0001826011,7372,73
0001826397,6199,61
0001826470,5990,59
0001826600,4932,49
0001826660,3577,35
0001826667,3841,38
0001826681,7372,73
0001826889,5960,59
0001827090,7372,73
0001828016,7374,73
0001828161,3674,36
0001828318,3690,36
0001828536,3690,36
0001828748,7389,73
0001828791,7370,73
0001828805,3674,36
0001828962,3559,35
0001828972,4899,48
0001829280,7374,73
0001829311,6199,61
0001829794,6199,61
0001829864,7374,73
0001830033,2821,28
0001830043,7370,73
0001830072,5200,52
0001830081,7370,73
0001830214,2836,28
0001831096,7372,73
0001831097,8090,80
0001831651,3674,36
0001831868,3841,38
0001831915,3826,38
0001832038,2836,28
0001832161,5900,59
0001832332,8082,80
0001832466,6324,63
0001832483,3569,35
0001832511,8000,80
0001833197,3089,30
0001833498,3841,38
0001833756,3812,38
0001833769,3845,38
0001833835,7389,73
0001834376,8000,80
0001834488,7372,73
0001834584,5961,59
0001834622,3580,35
0001835022,2834,28
0001835632,3674,36
0001835830,7372,73
0001836754,8200,82
0001836833,3663,36
0001836875,3690,36
0001836981,7372,73
0001837014,7373,73
0001837240,3569,35
0001837254,2833,28
0001838163,7373,73
0001838406,1311,13
0001838615,6282,62
0001838987,1700,17
0001839285,7373,73
0001839341,6199,61
0001839530,7389,73
0001839839,3442,34
0001840102,7311,73
0001840233,2834,28
0001840317,7373,73
0001840425,3841,38
0001840502,7370,73
0001840572,7900,79
0001840780,0100,01
0001840877,3842,38
0001841156,7389,73
0001841761,5961,59
0001841925,3674,36
0001841968,6282,62
0001842022,4922,49
0001842279,4932,49
0001842566,7372,73
0001842939,2840,28
0001843656,6794,67
0001843724,2860,28
0001843973,4522,45
0001844392,8090,80
0001844452,3812,38
0001844505,3845,38
0001844862,3690,36
0001844971,6199,61
0001845123,1311,13
0001845257,8000,80
0001845815,7389,73
0001846069,7370,73
0001846084,4512,45
0001846253,8731,87
0001846576,2300,23
0001847064,7310,73
0001847367,2834,28
0001847590,8742,87
0001847986,3690,36
0001848334,1311,13
0001848416,0100,01
0001849253,6411,64
0001849380,8731,87
0001849635,7370,73
0001849820,3569,35
0001850902,2835,28
0001851003,7372,73
0001851491,2080,20
0001851961,3674,36
0001852244,4700,47
0001852575,6798,67
0001852973,2000,20
0001853070,4522,45
0001853145,7372,73
0001853513,7500,75
0001853825,7374,73
0001853962,1040,10
0001854139,2086,20
0001854445,7371,73
0001854963,6199,61
0001854964,6798,67
0001855447,3674,36
0001855457,4899,48
0001855467,3674,36
0001855509,3730,37
0001855747,7370,73
0001856314,7372,73
0001856437,5621,56
0001856485,2621,26
0001856525,5099,50
0001856725,2834,28
0001857086,3949,39
0001857154,5400,54
0001857475,0100,01
0001857816,5961,59
0001857853,3630,36
0001858685,2834,28
0001859199,6500,65
0001860160,3760,37
0001860543,3842,38
0001860742,3851,38
0001861107,3845,38
0001861622,4522,45
0001861795,7372,73
0001863990,3827,38
0001864531,8000,80
0001864943,3430,34
0001865107,5961,59
0001865200,7812,78
0001865506,1700,17
0001865631,3812,38
0001865782,8082,80
0001866175,1311,13
0001866368,7372,73
0001866581,5810,58
0001866633,7372,73
0001866757,3910,39
0001866816,3827,38
0001867066,2834,28
0001867096,2834,28
0001868159,6798,67
0001868275,4911,49
0001868419,7371,73
0001868726,2844,28
0001869198,7997,79
0001870144,2835,28
0001870600,3949,39
0001870940,8011,80
0001871509,5812,58
0001871638,3674,36
0001872525,7311,73
0001872789,3841,38
0001873213,8200,82
0001873529,8351,83
0001873722,7370,73
0001873951,7372,73
0001874097,7371,73
0001874178,3711,37
0001874315,3663,36
0001874875,5961,59
0001875444,5712,57
0001876042,6199,61
0001877322,3569,35
0001877939,8742,87
0001878848,6199,61
0001878897,6531,65
0001879016,1000,10
0001879293,3567,35
0001879726,4812,48
0001880319,2800,28
0001880343,5961,59
0001880613,7310,73
0001881487,1389,13
0001882781,6199,61
0001882850,6798,67
0001883085,6199,61
0001883313,5900,59
0001883685,7990,79
0001883814,1600,16
0001884164,7374,73
0001886362,7900,79
0001886894,7372,73
0001887944,1600,16
0001888447,4924,49
0001891027,7310,73
0001891101,2080,20
0001891856,5812,58
0001892316,8000,80
0001892322,7374,73
0001892492,6153,61
0001893262,6798,67
0001894954,3690,36
0001895249,1700,17
0001895262,1381,13
0001895618,7372,73
0001897762,5045,50
0001898496,7389,73
0001898718,4700,47
0001898766,1311,13
0001898795,3751,37
0001899287,3690,36
0001901203,2000,20
0001901440,8734,87
0001902314,3679,36
0001902733,7372,73
0001903508,8742,87
0001905956,7389,73
0001906324,2835,28
0001907982,7374,73
0001909747,2833,28
0001910139,7372,73
0001914496,6798,67
0001915657,4610,46
0001918080,4953,49
0001920406,6199,61
0001921865,2890,28
0001921963,3714,37
0001922335,7361,73
0001922446,1311,13
0001923780,3089,30
0001927958,3721,37
0001928446,1311,13
0001929017,6500,65
0001929561,4700,47
0001930313,8011,80
0001932393,3844,38
0001933567,3845,38
0001934245,3949,39
0001935799,7011,70
0001936258,2834,28
0001936804,7500,75
0001937653,2834,28
0001937891,5700,57
0001937987,7990,79
0001938046,8090,80
0001938109,6199,61
0001938338,4813,48
0001940243,6199,61
0001941365,2511,25
0001943289,7372,73
0001943896,7372,73
0001944013,3490,34
0001944048,2844,28
0001944558,1311,13
0001945619,6770,67
0001946563,2834,28
0001946573,6199,61
0001947210,7900,79
0001947861,3523,35
0001948455,2111,21
0001948864,5411,54
0001951667,5010,50
0001952073,7990,79
0001952853,3790,37
0001953988,3760,37
0001955520,1400,14
0001956741,2842,28
0001956744,6199,61
0001956955,3663,36
0001957132,3630,36
0001958086,1389,13
0001958140,7900,79
0001959023,4953,49
0001960355,7372,73
0001960847,4210,42
0001961847,5990,59
0001962481,2000,20
0001963088,6199,61
0001963685,3569,35
0001964738,3841,38
0001964789,6199,61
0001964979,3841,38
0001965040,8071,80
0001965052,6199,61
0001967649,5190,51
0001967680,3825,38
0001968487,3310,33
0001968915,3714,37
0001971213,4833,48
0001972234,3590,35
0001972529,4220,42
0001973062,7372,73
0001973266,7900,79
0001974138,3578,35
0001976900,8200,82
0001978111,8000,80
0001980088,1311,13
0001981535,6199,61
0001981599,4923,49
0001981792,6798,67
0001983736,7370,73
0001984060,1311,13
0001984086,2834,28
0001985554,7371,73
0001990354,7373,73
0001992243,3674,36
0001993004,4931,49
0001994214,7900,79
0001994373,7374,73
0001995807,6792,67
0001995920,7371,73
0001996192,4731,47
0001996810,3600,36
0001997859,2741,27
0001999001,7900,79
0001999261,7374,73
0002000178,3728,37
0002001184,8051,80
0002001557,6770,67
0002003750,4700,47
0002005951,2650,26
0002007596,6411,64
0002007825,7374,73
0002007855,4924,49
0002009312,7997,79
0002009684,7990,79
0002010982,7374,73
0002011134,8741,87
0002011208,3842,38
0002011286,7389,73
0002011514,3842,38
0002011641,5070,50
0002012383,6211,62
0002013745,2911,29
0002013807,3576,35
0002014596,8093,80
0002015845,1531,15
0002016167,7372,73
0002017206,6500,65
0002017758,6531,65
0002018064,4822,48
0002019410,8071,80
0002020795,4813,48
0002021728,3674,36
0002022308,8200,82
0002022626,2834,28
0002023554,3572,35
0002024306,1540,15
0002025410,3724,37
0002026053,6282,62
0002026478,4833,48
0002028336,1311,13
0002028707,7373,73
0002029014,7380,73
0002029118,1311,13
0002030763,5122,51
0002030781,7372,73
0002030954,7389,73
0002032341,7372,73
0002032545,7389,73
0002032609,2844,28
0002032966,7389,73
0002033383,7373,73
0002033770,7373,73
0002034288,8200,82
0002035149,3533,35
0002035832,2834,28
0002035989,3241,32
0002038118,4911,49
0002039497,6199,61
0002040127,3728,37
0002041385,3823,38
0002041610,4833,48
0002042022,6199,61
0002042694,2080,20
0002046042,6153,61
0002046386,3841,38
0002048519,3531,35
0002050338,6500,65
0002051380,5940,59
0002052568,1700,17
0002053641,4210,42
0002054696,7370,73
0002055592,6199,61
0002057381,7374,73
0002057463,4841,48
0002063196,7372,73
0002063863,4899,48
0002064124,6163,61
0002064307,1400,14
0002064947,1389,13
0002065708,7389,73
0002067129,6411,64
0002067767,3730,37
0002067876,4833,48
0002068385,7374,73
0002068577,5810,58
0002069604,8090,80
0002069785,7374,73
0002070849,8071,80
0002071288,8071,80
0002074176,1311,13
0002076148,7389,73
0002077709,7372,73
0002078008,3714,37
0002078416,7900,79
0002079720,2080,20
0002080126,3620,36
0002081043,2834,28
0002083632,7372,73
0002085187,5712,57
0002086587,3760,37
0002088896,3443,34
0002089661,2911,29
0002093101,2834,28
0002093536,3728,37
0002097163,3571,35
0002100782,2834,28
0002101698,3490,34
0002104052,4953,49
0002104204,3826,38
0002108121,6770,67
