cik,net_loss
1750,0
1800,0
1961,1
2098,0
2186,0
2488,0
3197,0
3453,0
3499,0
3570,0
4281,0
4962,0
4977,0
5272,0
5513,0
5981,1
6176,1
6201,1
7084,0
7431,0
7536,0
7623,0
7789,0
8063,1
8146,0
8177,0
8504,1
8670,0
8818,0
8858,0
9092,0
9326,0
10329,0
10456,1
11544,0
12040,0
12208,1
12239,0
12659,1
12927,1
13156,0
14272,0
14707,0
14846,1
14930,1
15357,1
15615,0
16058,0
16160,0
16732,0
16918,0
17313,0
17843,0
18255,1
18349,0
18498,0
18926,1
19584,0
19617,0
19745,0
19871,0
20212,0
20286,0
20520,1
20639,1
21076,0
21175,0
21344,0
21535,1
21665,0
22356,0
22701,1
23194,0
23197,1
23217,0
23795,0
24090,0
24741,0
25232,0
25445,0
25475,0
25743,0
26058,0
26324,0
26780,0
27419,0
27904,0
27996,0
28823,0
28917,0
29002,0
29332,1
29534,0
29644,0
29905,0
29989,0
30305,1
30625,0
30697,0
31107,0
31235,0
31462,0
31667,1
31791,0
32604,0
33185,0
33213,0
33488,0
33533,0
33992,0
34067,1
34088,0
34285,1
34563,1
34903,0
34956,1
35527,0
36029,0
36104,0
36146,0
36270,0
36377,0
36840,0
36966,0
37472,0
37785,1
37808,0
38009,0
38723,0
38725,0
39263,0
39311,0
39368,0
39899,0
39911,0
40211,0
40533,0
40545,0
40704,0
40729,0
40987,0
42582,1
42682,0
42888,0
43196,1
43920,0
45012,0
45876,1
45919,1
46080,0
46195,0
47111,0
47307,0
48287,0
48898,0
49071,0
49196,0
49754,0
50471,0
50863,0
51143,0
51253,0
51434,1
51644,0
52827,0
53456,0
54187,1
55067,0
55135,1
55242,0
55785,0
56047,0
56701,0
57515,0
58492,0
59255,1
59478,0
59527,0
59558,0
60086,0
60519,0
60667,0
60714,0
61004,0
61986,0
62234,0
62709,0
62996,0
63276,0
63330,0
63754,0
63908,0
64040,0
64463,1
64803,1
64996,0
65172,0
65312,0
65770,1
66004,0
66382,0
66570,0
66740,0
66756,0
67215,0
67716,0
68505,0
68622,0
69422,1
69488,0
69633,0
70502,0
70858,0
70866,1
71557,1
71691,0
71829,0
72162,1
72444,1
72573,0
72903,0
72909,0
72971,0
73124,0
73290,0
73309,0
74046,0
74208,0
74260,0
75252,1
75288,1
75362,0
75677,0
76282,0
76605,0
77360,0
77476,0
77543,0
78003,0
78128,0
78239,0
78814,0
78890,0
79282,0
79661,1
79879,0
80035,0
80172,0
80420,0
80424,0
80661,0
81018,0
81061,0
81362,0
81955,1
82020,0
82473,1
82811,0
83246,0
83350,0
84246,0
84748,0
84839,0
85535,0
85961,0
86312,0
87050,0
87347,0
87802,0
88000,0
88205,0
88941,1
89089,0
89439,0
89800,0
90498,1
91142,0
91388,0
91440,0
91576,0
91767,0
91882,0
92122,0
92380,0
92521,0
93314,1
93389,1
93410,0
93556,0
93751,0
94049,0
94344,0
95029,0
95552,1
95574,0
95953,1
96021,0
96271,0
96536,0
96869,0
96943,1
97134,0
97210,0
97216,0
97476,0
97745,0
98222,1
98362,0
98677,0
99780,0
100122,0
100378,1
100517,0
100591,0
100726,1
100790,0
100885,0
101199,0
101295,0
101382,0
101538,1
101594,1
101829,0
101984,1
102212,0
102729,0
102752,0
103145,0
103595,0
103730,1
104169,0
104894,1
104918,0
105016,0
105319,1
105418,0
105634,0
105744,1
105770,0
106040,0
106532,0
106535,0
106640,0
107263,0
107833,0
108385,1
108516,0
108985,0
109198,0
109380,0
109563,0
110471,0
110621,0
200406,0
202058,0
203596,0
205402,0
215466,0
216085,0
216228,0
217346,0
230557,0
275053,0
275880,0
277135,0
277509,0
277638,0
277948,0
278165,1
310142,0
310158,0
310354,0
310522,0
310764,0
311094,0
312257,1
313616,0
313927,0
314203,1
314227,1
314489,0
314808,0
315213,0
315293,0
315545,1
315709,0
315852,0
315958,0
316709,0
317540,0
318154,0
318300,0
318306,1
318673,0
318833,1
319201,0
320017,1
320121,1
320187,0
320335,0
350698,0
350852,0
350894,0
351569,0
351789,0
351834,0
351998,1
352825,0
352915,0
352955,0
352991,1
354190,0
354647,0
354950,0
355019,0
355811,0
355948,0
356171,0
357173,0
357301,0
700564,0
700565,0
700841,0
700923,0
701347,0
701719,0
701985,0
702165,0
703351,0
703604,0
704440,1
704532,0
705432,0
706129,1
706863,0
707179,0
707549,0
707605,0
708781,0
708821,1
708955,0
709005,0
709337,0
711034,1
711377,0
711669,0
712034,0
712534,0
712537,0
712770,0
712771,0
714256,1
714310,0
714395,0
714562,0
714712,0
715072,0
715579,0
715787,0
715957,0
716133,1
716634,1
716643,0
717423,1
717538,0
717605,0
717806,0
718332,0
718413,0
718937,0
719135,1
719220,0
719402,0
719413,0
719733,1
719955,0
720672,0
720762,1
720858,0
720875,1
721693,1
721994,0
722313,1
722572,0
723188,0
723254,0
723269,1
723531,0
723533,1
723612,0
723646,0
725394,1
726601,0
726728,0
726854,0
726865,0
727273,1
727346,0
727510,1
728387,1
728391,0
728535,0
729986,0
730263,0
730272,0
730349,1
730464,0
730708,0
731012,0
731122,0
731288,0
731653,0
731766,0
732026,0
732417,0
732712,0
732717,0
732834,0
733590,0
736012,1
736772,0
737468,0
737875,0
738214,1
739421,0
740806,0
742278,0
743367,0
744218,1
744825,1
745308,0
745732,0
746210,1
746514,1
746515,0
746598,0
746838,1
747540,0
748268,1
748592,1
749251,0
749647,1
750558,0
750577,0
750686,0
751365,1
751978,0
752714,0
753308,0
754811,0
755001,1
759944,0
760498,0
761648,1
763532,0
763563,0
763744,0
763901,0
763907,0
764038,0
764065,1
764180,0
764478,0
764630,1
764764,0
765207,0
765880,1
766421,0
766792,0
766829,0
767405,0
768899,1
769397,0
769520,1
770460,0
771266,0
773141,0
773717,1
773840,0
775215,0
776867,0
776901,0
777917,0
778164,0
779152,0
779227,0
780571,0
783324,1
784199,0
785161,0
787250,0
787253,1
788329,1
788784,0
788816,0
788920,0
788965,0
789019,0
789460,0
789570,1
789933,0
790051,0
790273,1
790359,0
790526,0
790816,1
791908,0
791963,0
792935,0
792966,0
792987,1
793074,1
793306,1
793524,1
793733,0
793952,0
794170,0
794323,1
794367,0
795266,0
795403,0
796343,0
796534,0
797465,0
797542,1
798081,1
798287,1
798354,0
798359,0
798528,1
798783,0
798941,0
799165,1
799167,0
799233,1
799288,0
799292,0
800240,0
800457,0
801337,0
802257,1
802481,0
803164,0
803578,1
804269,0
805676,0
805928,0
810332,1
810958,0
811156,0
811222,1
811589,0
811596,0
811641,1
811830,0
812011,1
812074,0
812152,1
812796,1
813298,1
813672,0
813716,1
813762,0
814453,0
814585,1
814586,0
814676,0
814926,1
815097,0
815556,0
815917,0
816761,0
817720,1
818033,1
818479,1
818677,0
818686,0
819793,1
819926,1
820027,0
820313,0
820318,0
821002,0
821026,0
821130,1
821189,0
821483,0
822370,1
822416,0
822663,0
822818,0
823768,0
824142,0
825313,0
825788,1
826154,0
826675,0
827052,0
827099,1
827187,1
828146,1
828944,0
829323,1
830616,0
831001,0
832101,0
832428,1
832480,0
832489,1
832988,0
833079,0
833640,1
834365,0
835011,0
835324,0
835662,1
836147,0
836564,1
837010,0
837465,1
838875,1
839087,0
840489,0
840715,1
842023,0
842162,0
842517,0
842633,0
842717,0
843006,1
844059,0
844856,1
844965,0
845385,1
845698,0
845819,1
845877,0
846377,1
846475,1
846617,0
846913,0
847942,0
849145,0
849146,0
849395,0
849869,0
850141,0
850429,0
851205,0
851310,0
851520,0
851968,0
852772,0
853816,0
854560,0
855658,0
855683,1
856982,0
856984,0
857855,0
857949,0
858470,0
858877,0
859070,0
859737,0
860413,0
860730,0
860731,0
860748,1
861441,0
861459,0
861842,0
861884,0
862651,1
862668,1
862692,0
862831,0
862861,0
863110,0
863436,0
864240,0
864749,0
866273,1
866374,0
866729,1
866829,0
867038,0
867840,1
868082,0
868278,1
868671,0
868780,0
872589,0
872912,0
873303,1
873860,0
874015,1
874238,0
874396,1
874499,0
874501,1
874716,0
874761,0
874766,0
875045,0
875320,0
875355,1
875357,0
875657,1
875729,1
876167,0
876343,1
876437,0
876883,0
877212,0
877860,0
878927,0
878932,1
879101,0
879169,0
879526,0
879635,0
879911,1
880117,0
880266,0
880417,0
880631,0
880641,0
880984,0
881453,0
882095,0
882361,1
882508,1
882796,0
882835,0
883107,1
883902,1
883948,0
883975,1
883984,1
884144,1
884219,0
884269,0
884624,1
884650,1
884887,0
885245,0
885275,0
885462,1
885550,0
885568,0
885590,0
885639,0
885978,0
886136,1
886163,0
886346,0
886744,1
886982,0
887151,1
887343,0
887359,0
887396,1
887596,0
887905,1
887936,0
888491,0
888981,1
889331,0
889348,0
889353,1
889609,0
889900,1
889971,1
890066,0
890394,1
890564,0
890821,1
890926,0
891014,0
891166,0
891482,1
891532,1
892553,1
893538,0
893847,0
893949,0
894405,0
894501,1
894556,1
894627,0
894671,0
894871,0
895126,0
895417,0
895419,0
895421,0
895447,0
895456,0
895464,1
896159,0
896264,1
896429,1
896493,1
896622,0
896878,0
897077,0
897448,1
898173,0
898174,0
898437,1
899051,0
899394,1
899460,0
899689,0
899715,0
899751,1
899923,1
900075,0
901491,0
902791,0
903419,0
903651,0
906107,0
906163,0
906345,0
906465,0
906553,0
906709,1
907242,0
907254,0
907471,0
907654,1
908255,0
908259,1
908311,1
908315,0
908937,0
909108,0
909494,1
909724,1
910108,0
910329,1
910406,1
910606,0
910612,0
910638,1
911147,1
911177,0
911216,0
912061,1
912093,1
912242,1
912463,0
912544,1
912562,1
912593,0
912595,0
912615,0
912728,1
912766,0
912767,0
913142,0
913144,0
913241,0
913277,1
913341,0
914122,0
914139,1
914156,0
914475,0
914748,0
915389,0
915912,0
915913,1
916076,0
916365,0
916540,0
916907,0
917225,1
917251,0
917273,0
917470,0
917520,1
918541,1
918965,0
919012,0
919864,0
920148,0
920371,0
920427,0
920760,0
921114,1
921299,0
921557,0
921582,0
921638,0
921738,1
921825,0
922224,0
922358,1
922621,0
922864,0
923139,0
923601,1
923796,0
924168,1
924396,1
924515,1
924719,0
924822,0
924901,0
925528,0
925741,1
926282,1
926326,0
926423,0
926617,1
926660,1
927066,0
927628,0
928054,0
928340,0
928658,0
929008,0
929351,1
930236,1
930245,1
930420,0
931015,1
931148,1
932021,0
932696,0
932781,0
933034,0
933036,0
933972,1
933974,0
934549,1
934612,0
935036,0
935419,1
935703,0
936340,0
936468,0
937098,0
937556,1
939767,0
940942,0
940944,0
942126,1
943452,0
943535,1
943819,0
944075,1
944130,1
944695,0
944745,0
944809,0
945114,0
945394,1
945841,0
945983,0
946155,0
946486,1
946563,0
946644,1
946673,0
947484,0
948320,1
948708,1
949157,0
949858,1
949870,0
949961,0
1000209,0
1000228,0
1000230,0
1000623,1
1000694,1
1000697,0
1000753,1
1001082,1
1001171,1
1001233,1
1001250,0
1001316,0
1001385,0
1001614,0
1001907,1
1002590,1
1002638,0
1004434,0
1004702,0
1004989,1
1005101,1
1005284,0
1005286,1
1005731,0
1005757,0
1005817,0
1006028,1
1006045,1
1006281,0
1006655,0
1006830,0
1006837,1
1007587,1
1009829,0
1009891,1
1009919,1
1010086,1
1010470,0
1012019,0
1012100,0
1012477,0
1013272,0
1013488,0
1013857,0
1013871,0
1013880,1
1013934,0
1014473,0
1014739,0
1014763,1
1015328,0
1015739,1
1016281,0
1016504,0
1017303,0
1017655,0
1018164,0
1018281,1
1018724,0
1018840,0
1018963,0
1018979,0
1019034,1
1019849,0
1020214,1
1020710,0
1020859,1
1021561,0
1021635,0
1021860,0
1021917,1
1022079,0
1022321,0
1022652,0
1022671,0
1022899,1
1023024,0
1023128,0
1023313,1
1023994,1
1024305,0
1024795,0
1025378,0
1025771,1
1025835,0
1026655,0
1027838,0
1029142,0
1029199,0
1030192,0
1030469,0
1030894,0
1031203,0
1031235,0
1031296,0
1031308,0
1031623,0
1032033,0
1032208,0
1034054,0
1034670,0
1034760,1
1034842,0
1035002,0
1035092,0
1035201,0
1035267,0
1035443,1
1035983,0
1036044,1
1036262,1
1037540,1
1037646,0
1037868,0
1038074,1
1038277,1
1039065,0
1039280,1
1039399,0
1039684,0
1039828,0
1040161,1
1040470,1
1040829,0
1040896,0
1040971,0
1041024,1
1041061,0
1041368,0
1041514,1
1041657,1
1041859,1
1042046,0
1042187,1
1042418,1
1042729,0
1042776,1
1042893,0
1043000,1
1043186,0
1043219,0
1043277,0
1043337,1
1043509,0
1043951,0
1044777,0
1045450,0
1045609,0
1045810,0
1046025,0
1046050,0
1046102,0
1046257,0
1046311,0
1046568,0
1047127,0
1047335,0
1047340,1
1047862,0
1048286,0
1048477,1
1048911,0
1049502,0
1049521,1
1049606,0
1050377,0
1050441,1
1050446,0
1050743,0
1050797,0
1050825,0
1050915,0
1051470,0
1051512,1
1051514,1
1051627,1
1052752,0
1053352,0
1053691,1
1053706,0
1054102,0
1055160,0
1055726,1
1056285,1
1056288,0
1056358,0
1056696,0
1056903,0
1056943,0
1057352,1
1057379,0
1057706,0
1058090,0
1058290,0
1058307,1
1058623,1
1059142,0
1059556,0
1060391,0
1060822,0
1060955,1
1061069,0
1061219,0
1061630,0
1061983,1
1062231,0
1062822,1
1064722,1
1064728,1
1065059,0
1065078,1
1065088,0
1065280,0
1065696,0
1066194,0
1066605,0
1066656,0
1066764,1
1066923,1
1067294,1
1067701,0
1067983,0
1068148,0
1068689,1
1068851,0
1069157,0
1069183,1
1069202,0
1069258,0
1069394,1
1069530,1
1069878,0
1069899,0
1070050,1
1070081,0
1070296,0
1070412,0
1070423,0
1070494,0
1070524,0
1070680,0
1070750,0
1071236,0
1071255,1
1071739,1
1072379,1
1074902,0
1075415,1
1075736,0
1076930,0
1077183,1
1077428,0
1077688,1
1078271,0
1080340,0
1080448,1
1080657,1
1081316,0
1081745,1
1081938,1
1082324,1
1082554,0
1082733,1
1083220,1
1083301,1
1083446,0
1083490,0
1083522,1
1084048,1
1084267,1
1084554,1
1084765,1
1084869,1
1084961,0
1084991,0
1085243,1
1085277,1
1085392,0
1085913,0
1086222,0
1086600,0
1086745,1
1087294,1
1088034,1
1088413,1
1088856,0
1089063,0
1089815,1
1089872,1
1089907,0
1090009,0
1090012,0
1090396,0
1090425,0
1091596,1
1091667,0
1092699,0
1093557,0
1093672,0
1093691,1
1094038,1
1094285,0
1094831,0
1095073,0
1095146,1
1095565,0
1095651,0
1095981,1
1096056,0
1096275,1
1096296,0
1096343,0
1096938,1
1097149,0
1097864,0
1098009,1
1098146,1
1098151,0
1099160,1
1099219,0
1099590,0
1099800,0
1100682,0
1101026,1
1101215,0
1101239,0
1101302,0
1101433,1
1102238,0
1102993,0
1103795,1
1103833,1
1103982,0
1104038,1
1104485,1
1104506,1
1104657,0
1106213,1
1106644,1
1107280,1
1107421,1
1107843,0
1108109,0
1108134,1
1108205,1
1108524,0
1109242,0
1109354,1
1109448,0
1110607,1
1110611,1
1110803,0
1111335,1
1111485,1
1111711,0
1111741,0
1111928,0
1113169,0
1113232,0
1113313,1
1113809,0
1114483,0
1114925,1
1114927,0
1114995,1
1115055,0
1116132,0
1116463,1
1116942,0
1117057,1
1117171,0
1117297,0
1118004,0
1119190,1
1119643,1
1120193,0
1120370,0
1120914,0
1120970,1
1121484,0
1121788,0
1121795,1
1122904,1
1122976,0
1123360,0
1123494,1
1123596,0
1123852,0
1124105,0
1124140,1
1124198,1
1124524,1
1124796,1
1125345,0
1125376,0
1126328,0
1127371,0
1127537,1
1127703,0
1128189,1
1128281,1
1128361,0
1128928,0
1129155,0
1130144,0
1130166,1
1130310,0
1130464,0
1130598,1
1130713,1
1131312,1
1131903,1
1132105,0
1132509,0
1132651,0
1133311,0
1133416,1
1133421,0
1133818,1
1133869,1
1134115,1
1134765,0
1134982,1
1136869,0
1136893,0
1137091,0
1137547,0
1137774,0
1137789,0
1138118,0
1138476,0
1138723,1
1140102,0
1140215,1
1140536,0
1141103,1
1141197,1
1141240,1
1141284,1
1141688,0
1142417,0
1142750,0
1144980,0
1145197,0
1145604,1
1145765,1
1145986,1
1156039,0
1156041,1
1157408,0
1157601,1
1157647,0
1158114,1
1158172,0
1158324,1
1158449,1
1158463,1
1158780,1
1158895,0
1159036,0
1159167,1
1160308,1
1160791,1
1161728,0
1162194,1
1162896,0
1163165,0
1163370,0
1163389,0
1163609,0
1163668,0
1163739,0
1164727,0
1164863,0
1165002,0
1166003,0
1166691,0
1166708,0
1166928,0
1167419,0
1168455,0
1169138,0
1169445,0
1169770,0
1171155,0
1171326,0
1171759,1
1172052,0
1172178,1
1172358,0
1173313,1
1173420,1
1173489,1
1173514,1
1174850,0
1174891,1
1174922,0
1174940,1
1175151,1
1175454,0
1175535,0
1175680,1
1176309,0
1176334,1
1176948,0
1177394,0
1177609,0
1177702,0
1178253,1
1178670,0
1178697,1
1178879,0
1178970,0
1179929,0
1180262,0
1185348,1
1187953,1
1191070,1
1192323,0
1192448,1
1193311,0
1196298,0
1200375,1
1201792,0
1206264,0
1209709,0
1210677,0
1210708,1
1211583,1
1211805,1
1212545,0
1213037,1
1213809,1
1214816,0
1217234,0
1218683,0
1219601,0
1220754,1
1222333,0
1224133,1
1224608,0
1226616,1
1227265,0
1227500,1
1227636,1
1228454,0
1228627,1
1230058,1
1230245,0
1230524,1
1231457,1
1232524,0
1232582,1
1234006,0
1235912,1
1236275,1
1237831,0
1253689,1
1254699,0
1257640,1
1258602,0
1259429,1
1261333,0
1262039,0
1262104,1
1262823,1
1262976,0
1263364,1
1265131,0
1265521,1
1266806,1
1267238,0
1267565,0
1269026,1
1270436,0
1271833,0
1272842,1
1273441,1
1273685,0
1273813,0
1274173,0
1274494,0
1274737,1
1275014,1
1275101,0
1275158,1
1275168,0
1275187,1
1275477,0
1276187,0
1276520,0
1276531,0
1277902,0
1278021,0
1278027,1
1278752,0
1279620,0
1279704,1
1279715,1
1280058,0
1280263,1
1280452,0
1280776,1
1280784,0
1281761,0
1281895,1
1282224,1
1282631,1
1282637,0
1282648,1
1282980,1
1283699,0
1284812,0
1285550,1
1285785,0
1285819,1
1286043,1
1286139,0
1286613,0
1286681,0
1287032,0
1287098,1
1287213,0
1287750,0
1287865,1
1288403,1
1288469,1
1288847,0
1288855,0
1289237,0
1289340,1
1289490,0
1289848,0
1289945,0
1290658,1
1290677,0
1290900,1
1293818,1
1294133,1
1295401,0
1295514,1
1296445,0
1296884,0
1297184,0
1297341,0
1297989,0
1297996,0
1298946,0
1299130,1
1299709,0
1299969,0
1300514,0
1301236,1
1301787,0
1302387,0
1304409,0
1306830,1
1307579,1
1307748,0
1307954,1
1308027,1
1308208,1
1309082,1
1309108,0
1309402,0
1310383,1
1310488,1
1310630,1
1311370,0
1311673,1
1314102,1
1314152,1
1315098,1
1315257,0
1315399,0
1316835,0
1317630,0
1317945,0
1318008,0
1318220,0
1318268,1
1318482,1
1318605,0
1318742,0
1319229,1
1319643,1
1319947,0
1320350,1
1320414,0
1320461,1
1320695,1
1320760,1
1321655,0
1321732,0
1321834,1
1323468,0
1323885,1
1324424,0
1324759,0
1325618,0
1325670,0
1325676,1
1325702,1
1325964,1
1326110,1
1326160,0
1326190,1
1326200,1
1326205,1
1326380,0
1326706,0
1326732,1
1326801,0
1327068,0
1327273,1
1327318,0
1327567,0
1327607,0
1327688,0
1327811,0
1327978,1
1328237,0
1328581,0
1328598,0
1329606,1
1331421,1
1331520,0
1331875,0
1332349,1
1333274,1
1333493,1
1333986,1
1334036,0
1334933,1
1334978,1
1335105,1
1335258,0
1336047,0
1336706,0
1336920,0
1337013,0
1337298,1
1338749,0
1338929,1
1339005,1
1339688,1
1339970,1
1340476,1
1341235,1
1341317,0
1341439,0
1341766,1
1342936,1
1345016,0
1345126,1
1346830,1
1347123,1
1347178,1
1347242,1
1347858,0
1348911,1
1349436,0
1350102,1
1350156,1
1350653,1
1351636,1
1352010,0
1352952,1
1353611,0
1353612,0
1353613,1
1353614,0
1353615,1
1354866,0
1355096,1
1355790,0
1355839,1
1355848,1
1356090,1
1356093,1
1356115,1
1356576,1
1357459,1
1357615,0
1357874,1
1358190,1
1358633,1
1359841,0
1359931,1
1360214,0
1360442,1
1360565,0
1360604,1
1360901,0
1361113,1
1361538,0
1361658,0
1362004,0
1362190,1
1362468,1
1364250,1
1364479,0
1364885,1
1364954,1
1365135,0
1366868,0
1367644,0
1367859,0
1367993,1
1368265,1
1368514,0
1368757,0
1369290,1
1369568,0
1370053,0
1370450,0
1370637,0
1370755,0
1370946,1
1371128,1
1371451,0
1371489,0
1372020,0
1372299,1
1372514,0
1372612,0
1372807,0
1373670,0
1373715,0
1374310,0
1374328,0
1374339,1
1374567,1
1374690,1
1375205,1
1375348,1
1375365,0
1376139,0
1376227,1
1376231,1
1376321,1
1376339,0
1376793,1
1377121,1
1377149,1
1377630,0
1377789,0
1378950,1
1379006,1
1379041,1
1380106,1
1381531,1
1382101,1
1382574,1
1383057,0
1383058,0
1383062,0
1383082,0
1383084,0
1383149,1
1383151,0
1383312,0
1383650,0
1384101,0
1384195,1
1384905,0
1385613,1
1385818,0
1385849,1
1386278,1
1386301,0
1386570,0
1387061,1
1387467,1
1388320,1
1388658,1
1389050,0
1389170,0
1389545,1
1390478,1
1390777,0
1391135,0
1391426,1
1391933,1
1392272,0
1392380,1
1392694,1
1392972,1
1393052,0
1393311,0
1393434,1
1393584,1
1393726,0
1393772,1
1393781,1
1393818,0
1393883,1
1394056,0
1394108,1
1395585,0
1395937,1
1395942,0
1396009,0
1396440,0
1396536,1
1396814,0
1396878,0
1397183,1
1397187,0
1397911,1
1398659,0
1398733,1
1398805,1
1398987,1
1399520,1
1400118,1
1400810,0
1400891,1
1401040,1
1401257,1
1401521,0
1401667,0
1401914,1
1402057,0
1402328,1
1402436,0
1402829,0
1403475,0
1403528,0
1403568,0
1403708,1
1404281,1
1404644,1
1404655,0
1404804,0
1404912,0
1405495,0
1405513,1
1405528,0
1406666,0
1407583,1
1407704,0
1408198,0
1408443,1
1408534,1
1408710,0
1409171,0
1409197,1
1409269,1
1409493,1
1409970,0
1410098,0
1410384,0
1410428,1
1410636,0
1411057,1
1411207,0
1411342,0
1411579,1
1411690,1
1412126,1
1412408,0
1412486,1
1412502,0
1412665,0
1413119,1
1413329,0
1413447,0
1413837,1
1413891,1
1414382,0
1414953,1
1415311,0
1415332,1
1415397,1
1415404,1
1415744,1
1416090,1
1416265,1
1416876,1
1417663,0
1417892,1
1417926,1
1418076,0
1418121,0
1418135,0
1418372,1
1418819,0
1419041,1
1419275,1
1419536,0
1419554,1
1419612,1
1419793,1
1419806,0
1419951,0
1420520,1
1420565,1
1420720,1
1420800,1
1421461,0
1421517,0
1422142,1
1422143,1
1422183,0
1422892,1
1422930,1
1423689,0
1423869,0
1423902,0
1424182,0
1424657,1
1424768,0
1424864,1
1424929,1
1425205,1
1425287,1
1425292,0
1425450,1
1425627,1
1426800,1
1427570,1
1427925,1
1428205,0
1428336,0
1428439,0
1429260,0
1429393,1
1429764,1
1430306,1
1430723,0
1431567,0
1432133,1
1433195,0
1433551,1
1433607,1
1433660,0
1434316,1
1434524,1
1434588,0
1434601,1
1434621,0
1434647,1
1434728,0
1434740,1
1434868,1
1435617,1
1436126,0
1436208,0
1436229,0
1436425,0
1436975,1
1437071,0
1437107,1
1437226,0
1437283,1
1437402,1
1437479,0
1437517,1
1437578,0
1437750,1
1437925,0
1437958,0
1438133,1
1438231,1
1438423,0
1438533,0
1438943,1
1439095,1
1439222,1
1439264,0
1439288,0
1439725,1
1441236,1
1441683,0
1441816,1
1442145,0
1442236,1
1442492,1
1442836,1
1443669,0
1443863,1
1445305,0
1445815,1
1446159,1
1446847,0
1447028,1
1447362,1
1447380,1
1447669,0
1448038,0
1448431,0
1448597,1
1448705,1
1448893,0
1449349,1
1449792,1
1449794,0
1450704,1
1450922,0
1450923,0
1451505,1
1451809,1
1452477,0
1452936,1
1453593,0
1453687,1
1454789,1
1454938,1
1455365,1
1455684,1
1455863,1
1456189,0
1456772,1
1459188,1
1459839,1
1459862,0
1460235,0
1460329,1
1460702,1
1462056,1
1462120,0
1462223,1
1463101,0
1463208,1
1463913,0
1463972,1
1464343,0
1464423,0
1464790,0
1465128,0
1465740,1
1466026,0
1466085,0
1466258,0
1466593,0
1467373,0
1467623,0
1467760,0
1467761,1
1467858,0
1468174,1
1468327,0
1468328,0
1468748,1
1468929,1
1469367,0
1469443,0
1471265,0
1471781,1
1472012,1
1472091,1
1472494,0
1472787,0
1473334,1
1473490,1
1473844,0
1474098,1
1474167,1
1474432,0
1474558,1
1474735,0
1474903,1
1475115,0
1475841,0
1476034,0
1476045,0
1476150,0
1476204,0
1476840,1
1476963,1
1477294,1
1477333,1
1477449,1
1477720,1
1477815,1
1477845,1
1478242,0
1478320,0
1478454,0
1479094,0
1479419,1
1479615,1
1479681,0
1479915,1
1481028,1
1481443,1
1481504,0
1481582,1
1481792,0
1482430,1
1482541,0
1482554,0
1482981,0
1483386,0
1484565,0
1484612,1
1484769,1
1484778,1
1485003,0
1485074,1
1486159,0
1486957,0
1487091,1
1487197,1
1487428,0
1487712,0
1487718,1
1487918,1
1487952,0
1488039,1
1488139,0
1488813,0
1488917,0
1489300,1
1489874,0
1490161,1
1490281,1
1490873,1
1490978,1
1492298,0
1492422,0
1492691,0
1493137,1
1493225,0
1493761,0
1494259,0
1494413,1
1494582,1
1494891,1
1494904,0
1495231,0
1495240,0
1495320,1
1495584,1
1495648,1
1495932,0
1496099,0
1496443,0
1496454,1
1497230,1
1497770,0
1498067,1
1498372,1
1498382,1
1498547,0
1498710,1
1499200,0
1499275,1
1499832,1
1500217,0
1500375,0
1500435,1
1500881,1
1501585,0
1501697,1
1501756,1
1501796,1
1501989,1
1502377,1
1503274,1
1503658,1
1503802,1
1504008,0
1504461,0
1504776,0
1505155,1
1505497,1
1505732,0
1505952,1
1506293,0
1506307,0
1506492,0
1506929,1
1506983,1
1507079,0
1507957,1
1508655,0
1509223,1
1509261,1
1509470,0
1509745,1
1509991,1
1510295,0
1510964,1
1511337,1
1511737,0
1511820,1
1512228,1
1512499,0
1512673,0
1512762,1
1512931,1
1513525,1
1513761,0
1514183,1
1514281,0
1514416,1
1514705,0
1514743,0
1514991,0
1515139,0
1515156,1
1515317,1
1515673,1
1515816,1
1516551,1
1516912,0
1517022,0
1517175,0
1517228,0
1517302,0
1517375,1
1517396,1
1517413,1
1517681,1
1518336,0
1518461,1
1518621,0
1518715,0
1519061,1
1519401,0
1519449,0
1519472,1
1520006,0
1520118,1
1520262,0
1520358,0
1520697,0
1521036,0
1521332,1
1521945,1
1521951,0
1522540,1
1522727,0
1522767,1
1524025,1
1524358,1
1524472,0
1525221,0
1525306,0
1525769,1
1526119,1
1526243,1
1526520,0
1527166,0
1527352,1
1527469,0
1527541,0
1527599,1
1527702,1
1527728,0
1527753,1
1528115,1
1528129,1
1528287,1
1528356,0
1528849,0
1528985,1
1529113,1
1529377,0
1529628,0
1529864,0
1530185,0
1530249,0
1530425,1
1530746,1
1530766,1
1530804,1
1530979,0
1531031,0
1531152,0
1531177,1
1532286,1
1532383,1
1532619,0
1533040,1
1533743,1
1533924,1
1533998,1
1534120,1
1534133,1
1534154,1
1534254,0
1534504,0
1534525,1
1534675,0
1534701,0
1534708,1
1534969,1
1535527,1
1535778,0
1535929,0
1535955,1
1537054,1
1537435,1
1538263,0
1538379,0
1538716,0
1538990,0
1539029,1
1539638,0
1539680,1
1539838,0
1540684,1
1541119,0
1541157,1
1542447,0
1543151,0
1543418,1
1543623,0
1543652,1
1544190,0
1544206,0
1544227,1
1544522,1
1545654,0
1546296,1
1546417,1
1546652,0
1547546,0
1547903,0
1549084,1
1549145,1
1549346,0
1549595,1
1549631,1
1549966,0
1550453,1
1551152,0
1551182,0
1551306,0
1551901,0
1552033,0
1552198,1
1552275,0
1552800,1
1553643,1
1553788,1
1554818,1
1554859,0
1555279,1
1555280,0
1556593,0
1556739,0
1556801,1
1557746,1
1557798,1
1558569,1
1558740,1
1559053,1
1559432,0
1559720,0
1559865,0
1560143,1
1560258,1
1560293,1
1560327,0
1560385,0
1560452,1
1561550,0
1561680,0
1561894,0
1561921,1
1562088,0
1562151,0
1562463,1
1562476,0
1562528,0
1562733,0
1563190,1
1563411,0
1563568,1
1563577,1
1563665,1
1563756,0
1563880,1
1563922,1
1564408,1
1564708,0
1564902,0
1565687,1
1566011,0
1566610,0
1566826,1
1567094,0
1567264,1
1567683,0
1567892,1
1567900,1
1567925,0
1568100,0
1568385,1
1568651,1
1568969,1
1569187,0
1569345,0
1569994,0
1570562,1
1570585,1
1570827,0
1570937,1
1571123,0
1571283,0
1571934,1
1571949,0
1571996,0
1572334,0
1572386,1
1572616,1
1572694,0
1573221,1
1573516,0
1574085,0
1574094,1
1574197,0
1574235,1
1575048,0
1575142,1
1575515,0
1575793,1
1575828,0
1575858,1
1575965,0
1576018,0
1576197,1
1576280,1
1576873,1
1576885,1
1576940,0
1576942,1
1577134,1
1577437,0
1577445,1
1578329,1
1578348,1
1578732,0
1579091,0
1579157,0
1579214,1
1579298,0
1579428,1
1579684,1
1579733,0
1579877,0
1580149,1
1580345,0
1580490,1
1580560,0
1580670,0
1580808,0
1580864,1
1580905,0
1581068,0
1581091,0
1581552,0
1581760,0
1581990,0
1582313,1
1582554,1
1582961,0
1582982,0
1583107,0
1583648,1
1583708,1
1583771,1
1584207,0
1584549,0
1584693,1
1584831,1
1585101,1
1585364,0
1585389,0
1585521,0
1585608,1
1585689,0
1586554,1
1587523,0
1587732,0
1587987,0
1588014,0
1588272,0
1588978,1
1589149,1
1590418,1
1590496,1
1590560,1
1590584,1
1590714,0
1590715,1
1590717,0
1590750,1
1590877,1
1590895,1
1590955,0
1590976,1
1591588,1
1591670,0
1591698,0
1591913,1
1591956,1
1592386,0
1593001,1
1593184,1
1593222,1
1593538,1
1593549,1
1593773,1
1593899,1
1594805,0
1595097,1
1595248,1
1595974,0
1596532,0
1596961,1
1597672,1
1597846,1
1598428,0
1598646,1
1598665,0
1598981,1
1599117,0
1599298,1
1599407,0
1599617,0
1599901,1
1600033,0
1600347,1
1600620,0
1600626,0
1600641,1
1600983,1
1601485,1
1601548,0
1601712,0
1601830,1
1602658,0
1603145,1
1603454,1
1603480,1
1603652,1
1603923,0
1603978,1
1604191,1
1604464,1
1604665,0
1604821,1
1604868,1
1605301,1
1605481,1
1605607,1
1605888,1
1606163,0
1606268,0
1606366,0
1606498,1
1606757,0
1606909,0
1607678,1
1607939,0
1607962,1
1609065,0
1609151,1
1609253,0
1609550,0
1609711,0
1609804,1
1609809,0
1610618,1
1610820,1
1610853,1
1610940,0
1611052,1
1611547,0
1611647,0
1611983,1
1613780,1
1614178,0
1614806,1
1615063,1
1615165,1
1615219,1
1616000,1
1616156,1
1616543,1
1616707,1
1616862,0
1617242,0
1617406,1
1617553,1
1617640,0
1617867,1
1618181,0
1618563,0
1618673,0
1618732,0
1618835,1
1619096,1
1619312,1
1619856,1
1620393,1
1620459,0
1620463,1
1620533,0
1620749,1
1621221,1
1621672,1
1621832,1
1621906,1
1622194,0
1622229,1
1622244,0
1622345,1
1622536,0
1622996,1
1623526,1
1624322,0
1624326,1
1624985,1
1625101,1
1625278,0
1625297,0
1625641,1
1625941,1
1626115,0
1626450,1
1626644,1
1626878,1
1626971,1
1627223,0
1627282,1
1627475,0
1628171,1
1628369,0
1628808,1
1628908,1
1629019,0
1629210,1
1630176,1
1630212,1
1630472,0
1630627,1
1630805,0
1631282,1
1631569,0
1631574,1
1631596,0
1632127,0
1632970,0
1633336,0
1633858,0
1633917,0
1633931,0
1633978,0
1634117,0
1634452,0
1635077,1
1635282,0
1635341,1
1636222,0
1636282,1
1636422,1
1636519,1
1636639,0
1636651,1
1637147,1
1637207,0
1637459,0
1637715,1
1637757,0
1637873,1
1637880,0
1638097,1
1638287,1
1638290,0
1638826,1
1638833,1
1638911,1
1639068,0
1639300,0
1639438,0
1639691,0
1639825,0
1640147,1
1640266,1
1640384,1
1640428,0
1640982,0
1641281,1
1641398,0
1641489,1
1641601,0
1641614,0
1642159,1
1642380,1
1642896,0
1643154,1
1643615,0
1643721,1
1643953,1
1644963,1
1645113,1
1645155,1
1645460,1
1645469,1
1645666,1
1645873,0
1646188,1
1646614,0
1647088,0
1647639,0
1648087,1
1648960,1
1649094,1
1649739,1
1649744,1
1649749,0
1649904,1
1650132,0
1650164,0
1650372,1
1650648,1
1650664,1
1650696,1
1650729,0
1651308,0
1651311,1
1651562,1
1651721,1
1651992,1
1652044,0
1652130,1
1652535,1
1652539,1
1652561,1
1652935,1
1652958,0
1653087,1
1653384,0
1653477,0
1653482,1
1653653,0
1653909,1
1654595,1
1655050,0
1655210,1
1655759,1
1655887,0
1655888,0
1655923,1
1656472,0
1657214,1
1657642,0
1657853,0
1658247,1
1658551,1
1658566,0
1659166,0
1659323,1
1659617,1
1660134,0
1660280,0
1660334,1
1660734,0
1661053,1
1661059,1
1661181,0
1661306,1
1661458,1
1661600,1
1661779,0
1661998,1
1662579,1
1662684,1
1662774,1
1662972,1
1662991,0
1663038,1
1664710,1
1664740,0
1665300,1
1665918,0
1665988,0
1666071,1
1666134,0
1666244,1
1666291,1
1666700,1
1667011,1
1667313,0
1668010,1
1668243,1
1668397,0
1669162,0
1669779,1
1669811,1
1670076,1
1670592,0
1671502,1
1671584,1
1671858,1
1671927,1
1671933,0
1672013,0
1672619,1
1672688,1
1672909,0
1673358,0
1673481,1
1673772,1
1673985,1
1674101,0
1674168,0
1674227,1
1674335,1
1674356,1
1674416,1
1674632,1
1674760,0
1674930,1
1675149,0
1675644,0
1676047,1
1676163,1
1676238,1
1676725,0
1677576,0
1677940,1
1678660,1
1679049,0
1679268,1
1679273,0
1679628,1
1679688,0
1679788,0
1680048,1
1680062,0
1680132,0
1680139,1
1680247,1
1680367,1
1680378,1
1680581,1
1680873,1
1681087,1
1681206,1
1681459,0
1681682,1
1681769,1
1682149,1
1682220,0
1682265,1
1682639,0
1682745,0
1682852,1
1683553,1
1683606,0
1683695,0
1684144,1
1684682,0
1685040,0
1685766,1
1687187,1
1687229,0
1687932,0
1688126,1
1688757,1
1689375,1
1689548,1
1689796,1
1690012,1
1690080,1
1690384,1
1690437,0
1690536,0
1690585,1
1690680,0
1690820,0
1690842,0
1691303,0
1691421,1
1692063,0
1692115,0
1692376,0
1692415,1
1692427,0
1692787,0
1692819,0
1692951,1
1693256,0
1693317,0
1693577,0
1694028,0
1694426,0
1694617,1
1695295,1
1695473,1
1696025,1
1696088,1
1696411,0
1697500,0
1697532,1
1697851,1
1697884,1
1698022,0
1698514,0
1698530,1
1698538,1
1698990,0
1698991,0
1699031,1
1699039,0
1699136,0
1699150,0
1699382,1
1699838,1
1701051,1
1701108,1
1701478,1
1701541,1
1701605,0
1701756,1
1701758,1
1701963,1
1702510,0
1702750,0
1702780,1
1702924,1
1703056,0
1703057,1
1703073,1
1703157,0
1703644,0
1703647,1
1704287,1
1704292,1
1704711,0
1704715,1
1704720,1
1705012,1
1705181,0
1705696,0
1705843,1
1705873,1
1706431,1
1706524,1
1706946,1
1707910,1
1707919,1
1707925,0
1708035,1
1708055,1
1708341,1
1708527,1
1708599,1
1708646,0
1709164,0
1709442,0
1709542,1
1709628,1
1709682,1
1709941,1
1710072,1
1710155,0
1710340,1
1710350,0
1710366,0
1710482,0
1710495,0
1711269,0
1711279,0
1711754,1
1711786,1
1711799,0
1711929,1
1712184,0
1712189,1
1712463,1
1712762,1
1713210,1
1713407,1
1713445,0
1713683,1
1713863,1
1714174,1
1714562,1
1714899,1
1715933,0
1716166,1
1716621,1
1717115,1
1717307,1
1717310,1
1717547,0
1718224,0
1718405,1
1718500,0
1718512,0
1718939,1
1719406,1
1719714,1
1720025,1
1720116,0
1720265,0
1720286,1
1720420,0
1720580,1
1720592,1
1720635,0
1720893,1
1721056,1
1721484,1
1721741,1
1721947,1
1722010,0
1722482,1
1722556,1
1722684,0
1722731,0
1723059,0
1723128,0
1723596,0
1723788,0
1724521,1
1724965,1
1725057,1
1725160,1
1725210,0
1725255,0
1725430,1
1725911,1
1726126,0
1726173,1
1726445,1
1726548,0
1726711,1
1726978,0
1727196,1
1727255,1
1727263,0
1728117,1
1728328,1
1728688,0
1728951,0
1729149,0
1729427,1
1729637,1
1729944,1
1730430,0
1730463,1
1730773,1
1730984,0
1732406,0
1732409,0
1733294,1
1733443,0
1733998,1
1734342,0
1734722,0
1734750,1
1735041,0
1735438,1
1735707,0
1736035,0
1736297,0
1736730,1
1736946,0
1737287,1
1737523,1
1737706,1
1737924,0
1737995,1
1738021,1
1738177,1
1738827,1
1739104,1
1739174,1
1739410,0
1739445,0
1739566,1
1740279,1
1740332,0
1740742,1
1741489,0
1742313,0
1742927,1
1743415,0
1743725,0
1743745,1
1743759,1
1743907,0
1744494,0
1744659,1
1745032,1
1745078,1
1745916,0
1745999,1
1746109,0
1746119,1
1746129,0
1746466,1
1746473,1
1746618,0
1747068,0
1747079,1
1747172,0
1747777,0
1748137,1
1748790,0
1748824,0
1750106,0
1750149,1
1750155,1
1750284,1
1750735,0
1750777,1
1751008,0
1751707,0
1751783,0
1751788,0
1752372,1
1752828,1
1753162,1
1753373,1
1753391,1
1753539,1
1753681,1
1754068,1
1754170,1
1754226,0
1755101,0
1755237,1
1755347,1
1755672,1
1755755,1
1755953,0
1756180,1
1756262,0
1756655,1
1756701,0
1757073,1
1757499,1
1757715,1
1758009,0
1758021,0
1758057,1
1758488,0
1758699,1
1758730,0
1759138,1
1759186,1
1759425,0
1759509,0
1759546,0
1759631,1
1759655,0
1759774,0
1759824,1
1760026,1
1760233,1
1760689,1
1760903,1
1760965,0
1761312,0
1761612,1
1761918,1
1762303,1
1763329,1
1763415,0
1763660,1
1763925,1
1763950,1
1764046,1
1766037,0
1766140,1
1766368,1
1766400,0
1766478,0
1766502,0
1766526,0
1767042,1
1767258,0
1767837,0
1768224,1
1768446,1
1769624,1
1769628,1
1769663,0
1770121,1
1770236,0
1770450,1
1770501,1
1770787,1
1771514,1
1771515,0
1771706,1
1771910,1
1771995,1
1772704,0
1772720,1
1773751,0
1774675,1
1774857,1
1775194,0
1776111,1
1776661,0
1776738,1
1776909,1
1777319,0
1777393,1
1777835,0
1777921,0
1778129,1
1778784,0
1779128,0
1779372,1
1779474,0
1779523,1
1780201,1
1780312,1
1781162,1
1781174,1
1781335,0
1781629,1
1781730,0
1781755,1
1781983,1
1782107,1
1782170,0
1782223,1
1782303,1
1782430,0
1782524,0
1783180,0
1783183,1
1783328,1
1783398,1
1783879,0
1784058,1
1784440,1
1784535,1
1784700,0
1784970,1
1785056,1
1785279,1
1785424,1
1785530,1
1786117,1
1786205,1
1786352,1
1786431,0
1787297,1
1787306,0
1787400,1
1787414,0
1787740,1
1788028,1
1788230,0
1788841,0
1788882,1
1788999,1
1789029,0
1789192,0
1789769,1
1789832,0
1789940,0
1789972,1
1790340,1
1791145,0
1792509,0
1792580,0
1792781,1
1792789,0
1792849,1
1793229,1
1793659,0
1794276,1
1794515,0
1794669,0
1794776,0
1794783,1
1795091,1
1795139,0
1795250,1
1795815,0
1796209,0
1796280,1
1796949,1
1798100,0
1798562,1
1798749,1
1799011,1
1799191,1
1799448,1
1799788,1
1800227,1
1800315,1
1800373,1
1800637,1
1800667,1
1801169,1
1801170,1
1801368,1
1801417,1
1801602,0
1801661,1
1802156,1
1802255,0
1802450,1
1802457,1
1802665,0
1802768,0
1803096,1
1803498,0
1803599,0
1803696,0
1803737,0
1803901,0
1803914,0
1803977,1
1804176,1
1805077,1
1805284,1
1805385,1
1805521,1
1805526,0
1805651,0
1805833,1
1806201,1
1806310,1
1806347,1
1806837,0
1806952,1
1807046,1
1807120,1
1807166,1
1807616,1
1807765,1
1807887,1
1807893,0
1808158,0
1808220,1
1808377,1
1808665,0
1808805,1
1808834,0
1808898,1
1809104,1
1809519,0
1809750,1
1809987,0
1810019,1
1810182,1
1810546,0
1810560,1
1810806,1
1811063,1
1811074,0
1811210,1
1811414,1
1811999,1
1812360,1
1812364,1
1812447,1
1812554,0
1812727,1
1813452,1
1813814,1
1814114,1
1814215,1
1814287,0
1815442,1
1815776,1
1815903,1
1815974,1
1816017,1
1816431,1
1816581,1
1816590,1
1816708,0
1816736,1
1816937,1
1817004,1
1817229,1
1817232,1
1817241,1
1817358,0
1817511,1
1817713,1
1817760,1
1817825,1
1818093,1
1818274,1
1818331,1
1818382,1
1818383,0
1818502,0
1818643,0
1818644,1
1818794,1
1818844,1
1818874,0
1819133,0
1819142,1
1819253,0
1819404,1
1819411,1
1819438,1
1819493,0
1819516,1
1819576,1
1819790,1
1819796,0
1819810,1
1819848,1
1819928,0
1819974,0
1819989,1
1819994,1
1820144,0
1820190,1
1820302,1
1820566,1
1820721,0
1820875,1
1820953,0
1821159,1
1821160,0
1821175,0
1821534,0
1821586,1
1821825,0
1822359,1
1822462,1
1822479,0
1822492,0
1822791,1
1822928,1
1822966,1
1822993,0
1823000,0
1823144,1
1823239,1
1823406,0
1823466,1
1823584,0
1823587,1
1823608,0
1823635,1
1823652,1
1823794,0
1823878,1
1823945,0
1824293,1
1824502,1
1824893,1
1824920,1
1825024,1
1825079,1
1825088,0
1825248,0
1825265,0
1825384,0
1825452,1
1826000,1
1826011,1
1826397,1
1826457,1
1826470,0
1826600,0
1826660,0
1826667,1
1826681,1
1826889,0
1826892,1
1827090,0
1827821,1
1827899,1
1828016,0
1828105,0
1828108,1
1828161,1
1828185,1
1828318,1
1828377,0
1828536,1
1828588,0
1828673,1
1828748,0
1828791,0
1828805,1
1828937,1
1828962,0
1828972,1
1829247,1
1829280,1
1829576,0
1829635,1
1829794,1
1829802,1
1829864,0
1829953,1
1830033,1
1830043,0
1830081,1
1830188,1
1830214,1
1831097,1
1831359,1
1831363,1
1831481,1
1831631,1
1831651,0
1831828,1
1831840,1
1831868,1
1831979,1
1832038,1
1832148,0
1832161,1
1832332,0
1832466,0
1832483,1
1832487,1
1832511,1
1833197,0
1833214,0
1833498,1
1833756,0
1833769,1
1833835,1
1834032,1
1834105,1
1834376,0
1834488,0
1834526,0
1834584,0
1834622,0
1835022,1
1835268,1
1835385,0
1835579,1
1835597,1
1835632,0
1835830,1
1835856,1
1836295,1
1836754,0
1836833,1
1836875,1
1836981,0
1837014,1
1837532,0
1837607,1
1837671,0
1837686,1
1838126,0
1838163,1
1838359,1
1838406,0
1838615,1
1838876,1
1838987,1
1839285,1
1839341,1
1839530,1
1839839,0
1840102,1
1840229,1
1840233,1
1840317,0
1840439,1
1840502,0
1840563,1
1840572,1
1840748,1
1840780,1
1840856,1
1840877,1
1840904,1
1841125,1
1841156,0
1841175,0
1841330,1
1841387,1
1841408,0
1841425,1
1841514,0
1841666,0
1841761,1
1841925,1
1841968,0
1842022,0
1842295,1
1842556,0
1842563,1
1842566,0
1842718,0
1842939,1
1842952,1
1843162,0
1843165,1
1843477,1
1843656,1
1843714,0
1843724,0
1843973,1
1844392,1
1844417,1
1844452,1
1844505,1
1844862,1
1844971,0
1845149,1
1845257,0
1845337,1
1845437,1
1845550,1
1845815,0
1846017,1
1846069,1
1846084,1
1846253,1
1846416,0
1846510,1
1846576,0
1847064,1
1847345,1
1847367,1
1847398,0
1847513,1
1847590,0
1847874,1
1847903,1
1847986,1
1848334,1
1848416,1
1848437,1
1848672,1
1848756,1
1849056,1
1849089,0
1849253,0
1849380,1
1849466,0
1849670,0
1849820,1
1849867,0
1849894,0
1850059,0
1850119,1
1850270,1
1850767,1
1850787,0
1850902,1
1850938,0
1851003,1
1851194,1
1851322,0
1851909,1
1851959,0
1851961,1
1852016,1
1852019,1
1852207,0
1852244,0
1852889,1
1852973,1
1853047,1
1853070,0
1853138,1
1853145,0
1853513,0
1853816,1
1853825,1
1853962,1
1854139,1
1854149,0
1854270,1
1854445,1
1854463,1
1854480,1
1854526,1
1854795,0
1854963,0
1854964,0
1855175,1
1855447,1
1855457,1
1855474,1
1855485,1
1855509,1
1855644,1
1855747,0
1855781,0
1856031,1
1856314,0
1856365,0
1856437,1
1856485,0
1856525,0
1856725,1
1857044,1
1857086,1
1857154,1
1857475,0
1857816,0
1857853,1
1858681,0
1858685,1
1858848,1
1859007,1
1859035,1
1859199,1
1859392,0
1859807,1
1860424,1
1860484,1
1860514,1
1860543,0
1860657,1
1860742,1
1860871,1
1861063,1
1861107,1
1861560,1
1861622,1
1861657,1
1861795,1
1861841,1
1862150,1
1862461,1
1862463,1
1863006,1
1863127,1
1863990,1
1864531,1
1864943,1
1865107,1
1865111,1
1865200,1
1865494,1
1865506,1
1865602,0
1865631,0
1865782,0
1865861,1
1866175,1
1866226,1
1866368,1
1866581,0
1866633,0
1866692,1
1866757,1
1866816,1
1866838,1
1867066,1
1867096,0
1867949,0
1868159,1
1868275,0
1868279,1
1868419,1
1868516,1
1868726,0
1868778,0
1869105,1
1869198,0
1869453,0
1869601,0
1869699,0
1870144,1
1870267,0
1870404,1
1870940,1
1871181,1
1871509,0
1871638,1
1872066,1
1872228,0
1872292,1
1872525,1
1873213,1
1873529,0
1873722,1
1873835,1
1873875,1
1873923,1
1874071,0
1874097,1
1874178,1
1874315,0
1874875,0
1875444,0
1875558,1
1876255,0
1876716,1
1877322,0
1877461,1
1877557,1
1877939,0
1878313,1
1878897,1
1879016,1
1879270,1
1879293,1
1879403,1
1879726,1
1879814,1
1879848,1
1880319,1
1880343,1
1880431,1
1880438,1
1880613,1
1880661,0
1881487,1
1881551,1
1881592,0
1882198,0
1882464,1
1882781,1
1882850,0
1883085,0
1883313,1
1883685,1
1883814,1
1883835,1
1883984,1
1884046,1
1884164,1
1884516,1
1885522,1
1885968,0
1886362,1
1886894,1
1887944,1
1888654,1
1888886,1
1889112,0
1889123,0
1889539,0
1889956,1
1889983,0
1890361,0
1891101,1
1891856,1
1892316,1
1892322,0
1892492,1
1892747,0
1893657,1
1894057,1
1894525,1
1894562,1
1894954,0
1895249,1
1895262,1
1895316,1
1895582,1
1895618,1
1896212,1
1897245,1
1897463,0
1897525,1
1897762,0
1898474,1
1898496,0
1898795,1
1899017,0
1899287,1
1900520,1
1900679,1
1901037,0
1901164,0
1901203,0
1901336,1
1901440,0
1901637,0
1901799,0
1902314,0
1902649,0
1902733,0
1903392,1
1903464,0
1903595,0
1904286,1
1905824,1
1905956,1
1906324,1
1906364,0
1907108,1
1907223,1
1907425,1
1907982,1
1910139,1
1910975,1
1911066,0
1911321,0
1911467,1
1912540,1
1912582,1
1912954,1
1913577,1
1913724,0
1913971,0
1914496,1
1914605,0
1915328,1
1915380,1
1915657,0
1916099,0
1916558,1
1916608,0
1918080,1
1918661,1
1918712,0
1919182,1
1919246,1
1919369,0
1920406,1
1921865,1
1921963,0
1922335,1
1922858,0
1923622,0
1923780,1
1925309,0
1925531,0
1926599,0
1928446,0
1929561,1
1930054,0
1930313,0
1930679,0
1932213,1
1932393,0
1932591,0
1933414,1
1933567,1
1934245,1
1934642,1
1934850,0
1934945,1
1935033,1
1935092,1
1935979,1
1936224,1
1936258,1
1936756,1
1937653,1
1937891,1
1937926,0
1937993,1
1938046,1
1938338,1
1938569,1
1938570,1
1938571,1
1939365,1
1939433,1
1940243,1
1941029,1
1941360,1
1941365,0
1941536,0
1942722,1
1943289,1
1943802,0
1943896,1
1944013,0
1944048,0
1944212,1
1944366,0
1944558,1
1944831,0
1945422,0
1945619,1
1946021,0
1946563,1
1946573,1
1946997,1
1947016,1
1947210,0
1947244,1
1947861,1
1948056,0
1948455,1
1948864,1
1950803,0
1950976,0
1951276,0
1951667,1
1952073,1
1952853,0
1952976,1
1953021,1
1953366,0
1953926,1
1953984,0
1954360,0
1955010,0
1955520,0
1956648,0
1956741,1
1956744,0
1956955,0
1957845,0
1958086,0
1958140,0
1958777,1
1959023,1
1959568,0
1959585,1
1959604,0
1959961,1
1960262,0
1960847,1
1962011,1
1962481,1
1963088,1
1964333,0
1964738,0
1964789,0
1964979,1
1965040,1
1965934,0
1966394,0
1966983,1
1967656,0
1967680,0
1968487,0
1968915,0
1969475,1
1970509,0
1970622,1
1971213,1
1971381,0
1971532,1
1971543,1
1972529,1
1973056,1
1973266,0
1973476,0
1974138,0
1974395,1
1974640,1
1975218,1
1975736,0
1976663,1
1976719,0
1976927,0
1978111,1
1978528,1
1979005,0
1979306,0
1979330,0
1979414,1
1980088,1
1981535,0
1981599,0
1981792,0
1982518,0
1983514,0
1983736,0
1984086,0
1985375,0
1985554,1
1985840,0
1986817,0
1987221,0
1987731,1
1988494,0
1989788,1
1989817,0
1990354,0
1990446,1
1991792,1
1992508,0
1993004,0
1994373,1
1994624,1
1994702,1
1995569,0
1995807,0
1996192,1
1996210,1
1996810,0
1996862,0
1997296,1
1997652,1
1997859,1
1998387,0
1999001,1
1999480,1
1999538,0
1999784,0
2000178,0
2000597,0
2000640,1
2000775,0
2001184,0
2001557,1
2002038,0
2002473,0
2005951,0
2006291,0
2006758,0
2006815,0
2006986,1
2007587,0
2007596,0
2007825,1
2007919,1
2009183,0
2009312,1
2009684,1
2010653,0
2010788,1
2010930,0
2010982,1
2011134,0
2011208,1
2011498,1
2011514,1
2011641,0
2011954,1
2012318,1
2012383,0
2012593,1
2012706,0
2012726,0
2012807,0
2012839,0
2012964,0
2013639,0
2013744,0
2013745,0
2013792,1
2013807,1
2014596,0
2014982,0
2015034,0
2015502,0
2015845,0
2015947,0
2015955,0
2016072,1
2016221,0
2017206,0
2017526,0
2017636,0
2017758,1
2017950,0
2018064,1
2018145,0
2019505,0
2019804,0
2020354,0
2020385,0
2020455,0
2020987,0
2021042,1
2022308,0
2022416,1
2022626,1
2023554,0
2023658,1
2023676,0
2024203,0
2024218,1
2024306,1
2024459,0
2024460,0
2025341,0
2025396,0
2025401,0
2025410,0
2025608,0
2025878,1
2026448,0
2026478,1
2027317,0
2027537,0
2027708,0
2028027,0
2028201,0
2028293,1
2028336,1
2028355,0
2028516,0
2028614,0
2028686,0
2028699,1
2028707,0
2028935,0
2029014,1
2029118,0
2029303,0
2029492,0
2029586,1
2029769,0
2029976,0
2030482,0
2030663,0
2030763,1
2030772,0
2030781,1
2030829,0
2030954,1
2031069,0
2031283,0
2031561,0
2031750,0
2032020,0
2032379,0
2032528,0
2032545,1
2032609,1
2032950,0
2032966,1
2033122,0
2033593,0
2033615,1
2033695,0
2033750,1
2033991,1
2034037,0
2034269,0
2034288,1
2034334,0
2035016,0
2035149,0
2035428,0
2035644,0
2036042,1
2036060,0
2037431,0
2037804,0
2038118,0
2039058,0
2039497,1
2040127,0
2040807,1
2042694,0
2043020,1
2043699,0
2044635,0
2044820,0
2045458,0
2045473,0
2047235,0
2047455,0
2048519,0
2048948,0
2048951,0
2049248,0
2049595,1
2049662,0
2051380,1
2052152,0
2052153,0
2052161,0
2052162,0
2052547,0
2053799,0
2054174,0
2055459,0
2055879,0
2056016,0
2057030,0
2057043,0
2058359,0
2058758,1
2059654,0
2061379,0
2063863,1
2065287,1
2074652,1
