cik,loss_probability
1750,0.0
1800,0.0
2098,0.0
2186,0.0
2488,0.0
3197,0.0
3453,0.0
3499,0.0
3570,0.0
4281,0.0
4962,0.0
4977,0.0
5513,0.0
5981,1.0
6176,1.0
6201,1.0
7084,0.0
7431,0.0
7536,0.0
7623,0.0
7789,0.0
8063,1.0
8146,0.0
8504,1.0
8670,0.0
8818,0.0
8858,0.0
9092,0.0
9326,0.0
10329,0.0
10456,1.0
11544,0.0
12040,0.0
12208,1.0
12239,0.0
12659,1.0
12927,1.0
13156,0.0
14272,0.0
14707,0.0
14846,1.0
14930,1.0
15357,1.0
15615,0.0
16058,0.0
16160,0.0
16732,0.0
16918,0.0
17313,0.0
17843,0.0
18255,1.0
18498,0.0
18926,1.0
19584,0.0
19617,0.0
19745,0.0
19871,0.0
20212,0.0
20286,0.0
20639,1.0
21076,0.0
21175,0.0
21344,0.0
21535,1.0
21665,0.0
22356,0.0
22701,1.0
23194,0.0
23197,1.0
23217,0.0
23795,0.0
24090,0.0
24741,0.0
25232,0.0
25445,0.0
25475,0.0
25743,0.0
26058,0.0
26324,0.0
26780,0.0
27419,0.0
27904,0.0
27996,0.0
28823,0.0
28917,0.0
29002,0.0
29332,1.0
29534,0.0
29644,0.0
29905,0.0
29989,0.0
30305,1.0
30625,0.0
30697,0.0
31107,0.0
31235,0.0
31462,0.0
31667,1.0
31791,0.0
32604,0.0
33185,0.0
33213,0.0
33488,0.0
33533,0.0
33992,0.0
34067,1.0
34088,0.0
34285,1.0
34903,0.0
34956,1.0
35527,0.0
36029,0.0
36104,0.0
36146,0.0
36270,0.0
36377,0.0
36840,0.0
36966,0.0
37472,0.0
37785,1.0
37808,0.0
38009,0.0
38723,0.0
38725,0.0
39263,0.0
39311,0.0
39368,0.0
39911,0.0
40211,0.0
40533,0.0
40545,0.0
40704,0.0
40729,0.0
40987,0.0
42582,1.0
42682,0.0
42888,0.0
43196,1.0
43920,0.0
45012,0.0
45876,1.0
45919,1.0
46080,0.0
46195,0.0
47111,0.0
48287,0.0
48898,0.0
49071,0.0
49196,0.0
49754,0.0
50471,0.0
50863,0.0
51143,0.0
51253,0.0
51434,1.0
52827,0.0
54187,1.0
55135,1.0
55242,0.0
55785,0.0
56047,0.0
56701,0.0
57515,0.0
58492,0.0
59255,1.0
59478,0.0
59527,0.0
59558,0.0
60086,0.0
60519,0.0
60667,0.0
60714,0.0
61004,0.0
61986,0.0
62234,0.0
62709,0.0
62996,0.0
63276,0.0
63330,0.0
63754,0.0
63908,0.0
64040,0.0
64463,1.0
64803,1.0
64996,0.0
65172,0.0
65312,0.0
65770,1.0
66004,0.0
66382,0.0
66570,0.0
66740,0.0
67215,0.0
67716,0.0
68505,0.0
68622,0.0
69422,1.0
69488,0.0
69633,0.0
70502,0.0
70858,0.0
70866,1.0
71557,1.0
71691,0.0
71829,0.0
72162,1.0
72444,1.0
72573,0.0
72903,0.0
72909,0.0
72971,0.0
73124,0.0
73290,0.0
73309,0.0
74046,0.0
74208,0.0
74260,0.0
75252,1.0
75288,1.0
75362,0.0
75677,0.0
76282,0.0
76605,0.0
77360,0.0
77476,0.0
77543,0.0
78003,0.0
78128,0.0
78239,0.0
78814,0.0
78890,0.0
79282,0.0
79661,1.0
79879,0.0
80035,0.0
80172,0.0
80420,0.0
80424,0.0
80661,0.0
81018,0.0
81061,0.0
81362,0.0
81955,1.0
82020,0.0
82473,1.0
82811,0.0
83246,0.0
83350,0.0
84246,0.0
84748,0.0
84839,0.0
85535,0.0
85961,0.0
86312,0.0
87050,0.0
87347,0.0
87802,0.0
88000,0.0
88205,0.0
88941,1.0
89089,0.0
89439,0.0
89800,0.0
90498,1.0
91142,0.0
91388,0.0
91440,0.0
91576,0.0
91767,0.0
91882,0.0
92122,0.0
92380,0.0
92521,0.0
93314,1.0
93389,1.0
93410,0.0
93556,0.0
93751,0.0
94049,0.0
94344,0.0
95029,0.0
95574,0.0
95953,1.0
96021,0.0
96271,0.0
96536,0.0
96869,0.0
96943,1.0
97134,0.0
97210,0.0
97216,0.0
97476,0.0
97745,0.0
98222,1.0
98362,0.0
98677,0.0
99780,0.0
100122,0.0
100378,1.0
100517,0.0
100591,0.0
100726,1.0
100790,0.0
100885,0.0
101199,0.0
101295,0.0
101382,0.0
101538,1.0
101594,1.0
101829,0.0
101984,1.0
102212,0.0
102729,0.0
102752,0.0
103145,0.0
103595,0.0
103730,1.0
104169,0.0
104918,0.0
105016,0.0
105319,1.0
105418,0.0
105634,0.0
105744,1.0
105770,0.0
106040,0.0
106532,0.0
106535,0.0
106640,0.0
107263,0.0
107833,0.0
108385,1.0
108516,0.0
108985,0.0
109198,0.0
109380,0.0
109563,0.0
109657,0.0
110471,0.0
110621,0.0
200406,0.0
202058,0.0
203596,0.0
205402,0.0
215466,0.0
216085,0.0
216228,0.0
217346,0.0
230557,0.0
275053,0.0
275880,0.0
277135,0.0
277509,0.0
277638,0.0
277948,0.0
278165,1.0
310142,0.0
310158,0.0
310354,0.0
310522,0.0
310764,0.0
311094,0.0
312257,1.0
313616,0.0
313927,0.0
314227,1.0
314489,0.0
314808,0.0
315213,0.0
315293,0.0
315545,1.0
315709,0.0
315852,0.0
315958,0.0
316709,0.0
317540,0.0
318154,0.0
318300,0.0
318306,1.0
318673,0.0
318833,1.0
319201,0.0
320017,1.0
320121,1.0
320187,0.0
320335,0.0
350698,0.0
350852,0.0
351569,0.0
351789,0.0
351998,1.0
352825,0.0
352915,0.0
352955,0.0
352991,1.0
354190,0.0
354647,0.0
354950,0.0
355019,0.0
355811,0.0
355948,0.0
356171,0.0
357173,0.0
357301,0.0
700564,0.0
700565,0.0
700841,0.0
700923,0.0
701347,0.0
701719,0.0
701985,0.0
702165,0.0
703351,0.0
703604,0.0
704440,1.0
704532,0.0
705432,0.0
706129,1.0
706863,0.0
707179,0.0
707549,0.0
707605,0.0
708781,0.0
708821,1.0
708955,0.0
709005,0.0
709337,0.0
711034,1.0
711377,0.0
711669,0.0
712034,0.0
712534,0.0
712537,0.0
712770,0.0
712771,0.0
714256,1.0
714310,0.0
714395,0.0
714562,0.0
714712,0.0
715072,0.0
715579,0.0
715787,0.0
715957,0.0
716133,1.0
716634,1.0
716643,0.0
717423,1.0
717538,0.0
717605,0.0
717806,0.0
718332,0.0
718413,0.0
718937,0.0
719135,1.0
719220,0.0
719402,0.0
719413,0.0
719733,1.0
719955,0.0
720672,0.0
720762,1.0
720858,0.0
721693,1.0
721994,0.0
722313,1.0
722572,0.0
723188,0.0
723254,0.0
723269,1.0
723531,0.0
723533,1.0
723612,0.0
723646,0.0
725394,1.0
726601,0.0
726854,0.0
726865,0.0
727273,1.0
727346,0.0
727510,1.0
728387,1.0
728391,0.0
728535,0.0
729986,0.0
730263,0.0
730272,0.0
730349,1.0
730464,0.0
730708,0.0
731012,0.0
731122,0.0
731288,0.0
731653,0.0
731766,0.0
732026,0.0
732417,0.0
732712,0.0
732717,0.0
732834,0.0
733590,0.0
736012,1.0
736772,0.0
737468,0.0
737875,0.0
738214,1.0
739421,0.0
740806,0.0
742278,0.0
743367,0.0
744218,1.0
744825,1.0
745308,0.0
745732,0.0
746210,1.0
746514,1.0
746515,0.0
746598,0.0
746838,1.0
747540,0.0
748268,1.0
748592,1.0
749251,0.0
749647,1.0
750558,0.0
750577,0.0
750686,0.0
751365,1.0
751978,0.0
752714,0.0
753308,0.0
754811,0.0
755001,1.0
759944,0.0
760498,0.0
761648,1.0
763532,0.0
763563,0.0
763744,0.0
763901,0.0
763907,0.0
764038,0.0
764065,1.0
764180,0.0
764478,0.0
764630,1.0
764764,0.0
765207,0.0
765880,1.0
766421,0.0
766792,0.0
766829,0.0
767405,0.0
768899,1.0
769397,0.0
769520,1.0
770460,0.0
771266,0.0
773141,0.0
773717,1.0
773840,0.0
775215,0.0
776867,0.0
776901,0.0
778164,0.0
779152,0.0
779227,0.0
780571,0.0
783324,1.0
784199,0.0
785161,0.0
787250,0.0
787253,1.0
788329,1.0
788784,0.0
788816,0.0
788920,0.0
788965,0.0
789019,0.0
789460,0.0
789570,1.0
789933,0.0
790051,0.0
790273,1.0
790359,0.0
790526,0.0
790816,1.0
791908,0.0
791963,0.0
792966,0.0
792987,1.0
793074,1.0
793306,1.0
793524,1.0
793733,0.0
793952,0.0
794170,0.0
794367,0.0
795266,0.0
795403,0.0
796343,0.0
796534,0.0
797465,0.0
797542,1.0
798081,1.0
798287,1.0
798354,0.0
798359,0.0
798528,1.0
798783,0.0
798941,0.0
799165,1.0
799167,0.0
799233,1.0
799288,0.0
799292,0.0
800457,0.0
801337,0.0
802257,1.0
802481,0.0
803164,0.0
803578,1.0
804269,0.0
805676,0.0
805928,0.0
810332,1.0
810958,0.0
811156,0.0
811222,1.0
811589,0.0
811596,0.0
811641,1.0
811830,0.0
812011,1.0
812074,0.0
812796,1.0
813298,1.0
813672,0.0
813716,1.0
813762,0.0
814453,0.0
814585,1.0
814586,0.0
814676,0.0
814926,1.0
815097,0.0
815556,0.0
815917,0.0
816761,0.0
817720,1.0
818033,1.0
818479,1.0
818686,0.0
819793,1.0
819926,1.0
820027,0.0
820313,0.0
820318,0.0
821002,0.0
821026,0.0
821130,1.0
821189,0.0
821483,0.0
822370,1.0
822416,0.0
822663,0.0
822818,0.0
823768,0.0
824142,0.0
825313,0.0
826154,0.0
826675,0.0
827052,0.0
827099,1.0
827187,1.0
828146,1.0
828944,0.0
829323,1.0
830616,0.0
832101,0.0
832428,1.0
832480,0.0
832489,1.0
832988,0.0
833079,0.0
833640,1.0
834365,0.0
835011,0.0
835324,0.0
836564,1.0
837010,0.0
837465,1.0
838875,1.0
839087,0.0
840489,0.0
840715,1.0
842023,0.0
842162,0.0
842517,0.0
842633,0.0
842717,0.0
843006,1.0
844059,0.0
844856,1.0
844965,0.0
845385,1.0
845698,0.0
845819,1.0
845877,0.0
846377,1.0
846617,0.0
846913,0.0
847942,0.0
849145,0.0
849146,0.0
849395,0.0
849869,0.0
850141,0.0
850429,0.0
851205,0.0
851310,0.0
851520,0.0
851968,0.0
853816,0.0
854560,0.0
855658,0.0
855683,1.0
856982,0.0
856984,0.0
857855,0.0
858470,0.0
858877,0.0
859070,0.0
860413,0.0
860730,0.0
860731,0.0
860748,1.0
861441,0.0
861459,0.0
861842,0.0
861884,0.0
862651,1.0
862668,1.0
862692,0.0
862831,0.0
862861,0.0
863110,0.0
863436,0.0
864240,0.0
864749,0.0
866273,1.0
866729,1.0
866829,0.0
867038,0.0
867840,1.0
868082,0.0
868278,1.0
868671,0.0
868780,0.0
872589,0.0
872912,0.0
873303,1.0
873860,0.0
874015,1.0
874238,0.0
874396,1.0
874499,0.0
874501,1.0
874716,0.0
874761,0.0
874766,0.0
875045,0.0
875320,0.0
875355,1.0
875357,0.0
875657,1.0
875729,1.0
876167,0.0
876343,1.0
876437,0.0
876883,0.0
877212,0.0
877860,0.0
878927,0.0
879101,0.0
879169,0.0
879526,0.0
879635,0.0
879911,1.0
880117,0.0
880266,0.0
880417,0.0
880631,0.0
880641,0.0
880984,0.0
882095,0.0
882361,1.0
882508,1.0
882796,0.0
882835,0.0
883107,1.0
883902,1.0
883948,0.0
883975,1.0
883984,1.0
884144,1.0
884219,0.0
884269,0.0
884624,1.0
884887,0.0
885245,0.0
885275,0.0
885550,0.0
885568,0.0
885590,0.0
885639,0.0
885978,0.0
886136,1.0
886163,0.0
886346,0.0
886744,1.0
886982,0.0
887151,1.0
887343,0.0
887359,0.0
887396,1.0
887596,0.0
887905,1.0
887936,0.0
888491,0.0
888981,1.0
889331,0.0
889348,0.0
889353,1.0
889609,0.0
889900,1.0
889971,1.0
890394,1.0
890564,0.0
890821,1.0
890926,0.0
891014,0.0
891166,0.0
891482,1.0
891532,1.0
892553,1.0
893538,0.0
893847,0.0
893949,0.0
894405,0.0
894501,1.0
894556,1.0
894627,0.0
894671,0.0
894871,0.0
895126,0.0
895417,0.0
895419,0.0
895421,0.0
895447,0.0
895456,0.0
895464,1.0
896159,0.0
896264,1.0
896429,1.0
896493,1.0
896622,0.0
896878,0.0
897077,0.0
897448,1.0
898173,0.0
898174,0.0
898437,1.0
899051,0.0
899460,0.0
899689,0.0
899715,0.0
899751,1.0
899923,1.0
900075,0.0
901491,0.0
902791,0.0
903419,0.0
903651,0.0
906107,0.0
906163,0.0
906345,0.0
906465,0.0
906553,0.0
906709,1.0
907242,0.0
907254,0.0
907471,0.0
907654,1.0
908255,0.0
908259,1.0
908311,1.0
908315,0.0
908937,0.0
909494,1.0
909724,1.0
910073,1.0
910108,0.0
910329,1.0
910406,1.0
910606,0.0
910612,0.0
910638,1.0
911147,1.0
911177,0.0
911216,0.0
912061,1.0
912093,1.0
912242,1.0
912544,1.0
912562,1.0
912593,0.0
912595,0.0
912615,0.0
912728,1.0
912766,0.0
912767,0.0
913142,0.0
913144,0.0
913241,0.0
913277,1.0
913341,0.0
914122,0.0
914139,1.0
914156,0.0
914475,0.0
914748,0.0
915389,0.0
915912,0.0
915913,1.0
916076,0.0
916365,0.0
916540,0.0
916907,0.0
917225,1.0
917251,0.0
917273,0.0
917520,1.0
918541,1.0
918965,0.0
919012,0.0
919864,0.0
920148,0.0
920371,0.0
920427,0.0
920760,0.0
921114,1.0
921299,0.0
921557,0.0
921582,0.0
921638,0.0
921738,1.0
921825,0.0
922224,0.0
922358,1.0
922621,0.0
923139,0.0
923601,1.0
923796,0.0
924168,1.0
924396,1.0
924515,1.0
924719,0.0
924822,0.0
924901,0.0
925528,0.0
925741,1.0
926282,1.0
926326,0.0
926423,0.0
926617,1.0
926660,1.0
927066,0.0
927628,0.0
928054,0.0
928340,0.0
928658,0.0
929008,0.0
929351,1.0
930236,1.0
930245,1.0
930420,0.0
931015,1.0
931148,1.0
932021,0.0
932696,0.0
932781,0.0
933034,0.0
933036,0.0
933972,1.0
933974,0.0
934549,1.0
934612,0.0
935036,0.0
935419,1.0
935703,0.0
936340,0.0
936468,0.0
937098,0.0
937556,1.0
939767,0.0
940944,0.0
943452,0.0
943819,0.0
944075,1.0
944130,1.0
944148,0.0
944695,0.0
944745,0.0
944809,0.0
945114,0.0
945394,1.0
945841,0.0
945983,0.0
946155,0.0
946563,0.0
946644,1.0
946673,0.0
947484,0.0
948320,1.0
948708,1.0
949157,0.0
949858,1.0
949870,0.0
949961,0.0
1000209,0.0
1000228,0.0
1000230,0.0
1000623,1.0
1000694,1.0
1000697,0.0
1000753,1.0
1001171,1.0
1001233,1.0
1001250,0.0
1001316,0.0
1001385,0.0
1001614,0.0
1001907,1.0
1002590,1.0
1002638,0.0
1004434,0.0
1004702,0.0
1004989,1.0
1005101,1.0
1005284,0.0
1005286,1.0
1005731,0.0
1005757,0.0
1005817,0.0
1006028,1.0
1006045,1.0
1006281,0.0
1006655,0.0
1006830,0.0
1006837,1.0
1007587,1.0
1009829,0.0
1009891,1.0
1009919,1.0
1010086,1.0
1010470,0.0
1012019,0.0
1013272,0.0
1013488,0.0
1013857,0.0
1013871,0.0
1013880,1.0
1013934,0.0
1014473,0.0
1014739,0.0
1014763,1.0
1015328,0.0
1015739,1.0
1016281,0.0
1016504,0.0
1017303,0.0
1017655,0.0
1018164,0.0
1018281,1.0
1018724,0.0
1018840,0.0
1018963,0.0
1018979,0.0
1019034,1.0
1019849,0.0
1020214,1.0
1020710,0.0
1020859,1.0
1021561,0.0
1021635,0.0
1021860,0.0
1021917,1.0
1022079,0.0
1022321,0.0
1022652,0.0
1022671,0.0
1023024,0.0
1023128,0.0
1023313,1.0
1023994,1.0
1024305,0.0
1024795,0.0
1025378,0.0
1025771,1.0
1025835,0.0
1026655,0.0
1027838,0.0
1029199,0.0
1030192,0.0
1030469,0.0
1030894,0.0
1031203,0.0
1031235,0.0
1031296,0.0
1031308,0.0
1032033,0.0
1032208,0.0
1034054,0.0
1034670,0.0
1034760,1.0
1034842,0.0
1035002,0.0
1035092,0.0
1035201,0.0
1035267,0.0
1035443,1.0
1035983,0.0
1036044,1.0
1036262,1.0
1037540,1.0
1037646,0.0
1037868,0.0
1038074,1.0
1038277,1.0
1039065,0.0
1039280,1.0
1039399,0.0
1039684,0.0
1039828,0.0
1040161,1.0
1040470,1.0
1040829,0.0
1040896,0.0
1040971,0.0
1041024,1.0
1041061,0.0
1041368,0.0
1041514,1.0
1041657,1.0
1041859,1.0
1042046,0.0
1042187,1.0
1042418,1.0
1042729,0.0
1042776,1.0
1042893,0.0
1043000,1.0
1043186,0.0
1043219,0.0
1043277,0.0
1043337,1.0
1043509,0.0
1043951,0.0
1044777,0.0
1045450,0.0
1045609,0.0
1045810,0.0
1046025,0.0
1046050,0.0
1046102,0.0
1046257,0.0
1046311,0.0
1046568,0.0
1047127,0.0
1047335,0.0
1047340,1.0
1047862,0.0
1048286,0.0
1048477,1.0
1048911,0.0
1049502,0.0
1049521,1.0
1049606,0.0
1050377,0.0
1050441,1.0
1050446,0.0
1050743,0.0
1050797,0.0
1050915,0.0
1051470,0.0
1051512,1.0
1051627,1.0
1052752,0.0
1053691,1.0
1053706,0.0
1054102,0.0
1055160,0.0
1055726,1.0
1056288,0.0
1056358,0.0
1056696,0.0
1056903,0.0
1056943,0.0
1057352,1.0
1057379,0.0
1057706,0.0
1058090,0.0
1058290,0.0
1058307,1.0
1058623,1.0
1059142,0.0
1059556,0.0
1060391,0.0
1060822,0.0
1060955,1.0
1061069,0.0
1061219,0.0
1061630,0.0
1061983,1.0
1062231,0.0
1062822,1.0
1064728,1.0
1065059,0.0
1065078,1.0
1065088,0.0
1065280,0.0
1065696,0.0
1066194,0.0
1066656,0.0
1066764,1.0
1066923,1.0
1067294,1.0
1067701,0.0
1067983,0.0
1068148,0.0
1068689,1.0
1068851,0.0
1069157,0.0
1069183,1.0
1069202,0.0
1069258,0.0
1069394,1.0
1069530,1.0
1069878,0.0
1069899,0.0
1070050,1.0
1070081,0.0
1070296,0.0
1070412,0.0
1070423,0.0
1070494,0.0
1070524,0.0
1070680,0.0
1070750,0.0
1071236,0.0
1071739,1.0
1072379,1.0
1074902,0.0
1075415,1.0
1075736,0.0
1076930,0.0
1077183,1.0
1077428,0.0
1077688,1.0
1078271,0.0
1080340,0.0
1080448,1.0
1080657,1.0
1081316,0.0
1081745,1.0
1081938,1.0
1082324,1.0
1082554,0.0
1082733,1.0
1083220,1.0
1083301,1.0
1083446,0.0
1083490,0.0
1083522,1.0
1084048,1.0
1084267,1.0
1084554,1.0
1084765,1.0
1084869,1.0
1084961,0.0
1084991,0.0
1085243,1.0
1085277,1.0
1085392,0.0
1085913,0.0
1086222,0.0
1086600,0.0
1086745,1.0
1087294,1.0
1088034,1.0
1088413,1.0
1088856,0.0
1089063,0.0
1089815,1.0
1089872,1.0
1090009,0.0
1090012,0.0
1090396,0.0
1090425,0.0
1091596,1.0
1091667,0.0
1092699,0.0
1093557,0.0
1093672,0.0
1093691,1.0
1094038,1.0
1094285,0.0
1094831,0.0
1095073,0.0
1095146,1.0
1095565,0.0
1095651,0.0
1095981,1.0
1096056,0.0
1096275,1.0
1096296,0.0
1096343,0.0
1096938,1.0
1097149,0.0
1097864,0.0
1098009,1.0
1098146,1.0
1098151,0.0
1099160,1.0
1099219,0.0
1099590,0.0
1099800,0.0
1100682,0.0
1101215,0.0
1101239,0.0
1101302,0.0
1101433,1.0
1102238,0.0
1102993,0.0
1103795,1.0
1103833,1.0
1103982,0.0
1104038,1.0
1104485,1.0
1104506,1.0
1104657,0.0
1106213,1.0
1106644,1.0
1107280,1.0
1107421,1.0
1107843,0.0
1108109,0.0
1108134,1.0
1108205,1.0
1108524,0.0
1109242,0.0
1109354,1.0
1109448,0.0
1110607,1.0
1110803,0.0
1111335,1.0
1111485,1.0
1111711,0.0
1111741,0.0
1111928,0.0
1113169,0.0
1113232,0.0
1113809,0.0
1114483,0.0
1114925,1.0
1114927,0.0
1114995,1.0
1116132,0.0
1116463,1.0
1116942,0.0
1117057,1.0
1117171,0.0
1117297,0.0
1118004,0.0
1119190,1.0
1119643,1.0
1120193,0.0
1120370,0.0
1120914,0.0
1120970,1.0
1121484,0.0
1121788,0.0
1121795,1.0
1122904,1.0
1122976,0.0
1123360,0.0
1123494,1.0
1123596,0.0
1123852,0.0
1124105,0.0
1124198,1.0
1124524,1.0
1124796,1.0
1125345,0.0
1125376,0.0
1126328,0.0
1127371,0.0
1127537,1.0
1127703,0.0
1128281,1.0
1128361,0.0
1128928,0.0
1129155,0.0
1130144,0.0
1130166,1.0
1130310,0.0
1130464,0.0
1130598,1.0
1130713,1.0
1130781,1.0
1131312,1.0
1132105,0.0
1132651,0.0
1133311,0.0
1133416,1.0
1133421,0.0
1133818,1.0
1133869,1.0
1134115,1.0
1134765,0.0
1134982,1.0
1136869,0.0
1136893,0.0
1137091,0.0
1137774,0.0
1137789,0.0
1138118,0.0
1138476,0.0
1138723,1.0
1140102,0.0
1140215,1.0
1140536,0.0
1141103,1.0
1141197,1.0
1141240,1.0
1141284,1.0
1141688,0.0
1142417,0.0
1142750,0.0
1144980,0.0
1145197,0.0
1145604,1.0
1145765,1.0
1145986,1.0
1156039,0.0
1156041,1.0
1157408,0.0
1157601,1.0
1157647,0.0
1158114,1.0
1158172,0.0
1158324,1.0
1158449,1.0
1158463,1.0
1158780,1.0
1158895,0.0
1159036,0.0
1160308,1.0
1160791,1.0
1161728,0.0
1162194,1.0
1162896,0.0
1163165,0.0
1163370,0.0
1163389,0.0
1163609,0.0
1163668,0.0
1163739,0.0
1164727,0.0
1164863,0.0
1165002,0.0
1166003,0.0
1166691,0.0
1166708,0.0
1166928,0.0
1167419,0.0
1168455,0.0
1169138,0.0
1169445,0.0
1169770,0.0
1171155,0.0
1171326,0.0
1171759,1.0
1172052,0.0
1172178,1.0
1172358,0.0
1173313,1.0
1173420,1.0
1173489,1.0
1173514,1.0
1174850,0.0
1174891,1.0
1174922,0.0
1174940,1.0
1175151,1.0
1175454,0.0
1175535,0.0
1175680,1.0
1176309,0.0
1176334,1.0
1176948,0.0
1177394,0.0
1177609,0.0
1177702,0.0
1178253,1.0
1178670,0.0
1178697,1.0
1178970,0.0
1179929,0.0
1180262,0.0
1185348,1.0
1187953,1.0
1191070,1.0
1192323,0.0
1192448,1.0
1193311,0.0
1196298,0.0
1200375,1.0
1201792,0.0
1206264,0.0
1209709,0.0
1210677,0.0
1210708,1.0
1211583,1.0
1211805,1.0
1212545,0.0
1213037,1.0
1213809,1.0
1214816,0.0
1217234,0.0
1218683,0.0
1219601,0.0
1224133,1.0
1224608,0.0
1226616,1.0
1227265,0.0
1227500,1.0
1227636,1.0
1228454,0.0
1228627,1.0
1230058,1.0
1230245,0.0
1230524,1.0
1231457,1.0
1232524,0.0
1232582,1.0
1234006,0.0
1235912,1.0
1236275,1.0
1237831,0.0
1253689,1.0
1254699,0.0
1257640,1.0
1258602,0.0
1259429,1.0
1261333,0.0
1262039,0.0
1262104,1.0
1262823,1.0
1262976,0.0
1263364,1.0
1265131,0.0
1265521,1.0
1266806,1.0
1267238,0.0
1267565,0.0
1269026,1.0
1270436,0.0
1271833,0.0
1272842,1.0
1273441,1.0
1273685,0.0
1273813,0.0
1274173,0.0
1274494,0.0
1274737,1.0
1275014,1.0
1275101,0.0
1275158,1.0
1275168,0.0
1275187,1.0
1275477,0.0
1276187,0.0
1276520,0.0
1278021,0.0
1278027,1.0
1278752,0.0
1279620,0.0
1279704,1.0
1279715,1.0
1280058,0.0
1280263,1.0
1280452,0.0
1280776,1.0
1280784,0.0
1281761,0.0
1281895,1.0
1282224,1.0
1282631,1.0
1282637,0.0
1282648,1.0
1282980,1.0
1283699,0.0
1284812,0.0
1285550,1.0
1285785,0.0
1285819,1.0
1286043,1.0
1286139,0.0
1286613,0.0
1286681,0.0
1287032,0.0
1287098,1.0
1287213,0.0
1287750,0.0
1287865,1.0
1288403,1.0
1288469,1.0
1288847,0.0
1288855,0.0
1289237,0.0
1289340,1.0
1289490,0.0
1289848,0.0
1289945,0.0
1290658,1.0
1290677,0.0
1290900,1.0
1293818,1.0
1294133,1.0
1295401,0.0
1295514,1.0
1296445,0.0
1296884,0.0
1297107,0.0
1297184,0.0
1297341,0.0
1297989,0.0
1297996,0.0
1298946,0.0
1299130,1.0
1299709,0.0
1299969,0.0
1300514,0.0
1301787,0.0
1302387,0.0
1306830,1.0
1307579,1.0
1307748,0.0
1307954,1.0
1308027,1.0
1308208,1.0
1309082,1.0
1309108,0.0
1309402,0.0
1310383,1.0
1310488,1.0
1310630,1.0
1311370,0.0
1311673,1.0
1314102,1.0
1314152,1.0
1315098,1.0
1315257,0.0
1315399,0.0
1316835,0.0
1317630,0.0
1317685,0.0
1317945,0.0
1318008,0.0
1318268,1.0
1318605,0.0
1318742,0.0
1319947,0.0
1320350,1.0
1320414,0.0
1320461,1.0
1320760,1.0
1321655,0.0
1321732,0.0
1321834,1.0
1323468,0.0
1323885,1.0
1324424,0.0
1324759,0.0
1325618,0.0
1325670,0.0
1325676,1.0
1325702,1.0
1325964,1.0
1326110,1.0
1326160,0.0
1326190,1.0
1326200,1.0
1326205,1.0
1326380,0.0
1326706,0.0
1326732,1.0
1326801,0.0
1327068,0.0
1327567,0.0
1327607,0.0
1327688,0.0
1327811,0.0
1327978,1.0
1328237,0.0
1328581,0.0
1328598,0.0
1329606,1.0
1331421,1.0
1331520,0.0
1331875,0.0
1332349,1.0
1333274,1.0
1333493,1.0
1333986,1.0
1334036,0.0
1334933,1.0
1334978,1.0
1335258,0.0
1336047,0.0
1336706,0.0
1336920,0.0
1337013,0.0
1337298,1.0
1337634,1.0
1339005,1.0
1339688,1.0
1339970,1.0
1340476,1.0
1341235,1.0
1341317,0.0
1341439,0.0
1341766,1.0
1345016,0.0
1345126,1.0
1346830,1.0
1347123,1.0
1347178,1.0
1347858,0.0
1348911,1.0
1349436,0.0
1350102,1.0
1350156,1.0
1350653,1.0
1351636,1.0
1352010,0.0
1352952,1.0
1353611,0.0
1353612,0.0
1353613,1.0
1353614,0.0
1353615,1.0
1354866,0.0
1355096,1.0
1355790,0.0
1355839,1.0
1355848,1.0
1356090,1.0
1356093,1.0
1356115,1.0
1356576,1.0
1357459,1.0
1357615,0.0
1357874,1.0
1358633,1.0
1359931,1.0
1360214,0.0
1360442,1.0
1360565,0.0
1360604,1.0
1360901,0.0
1361113,1.0
1361538,0.0
1361658,0.0
1362004,0.0
1362190,1.0
1362468,1.0
1364250,1.0
1364479,0.0
1364954,1.0
1365135,0.0
1366868,0.0
1367644,0.0
1367859,0.0
1367993,1.0
1368265,1.0
1368514,0.0
1368757,0.0
1369290,1.0
1369568,0.0
1370053,0.0
1370450,0.0
1370637,0.0
1370755,0.0
1370946,1.0
1371128,1.0
1371451,0.0
1371489,0.0
1372299,1.0
1372514,0.0
1372612,0.0
1372807,0.0
1373670,0.0
1373715,0.0
1374310,0.0
1374328,0.0
1374339,1.0
1374567,1.0
1374690,1.0
1375205,1.0
1375348,1.0
1375365,0.0
1376139,0.0
1376227,1.0
1376231,1.0
1376321,1.0
1376339,0.0
1376793,1.0
1377121,1.0
1377149,1.0
1377630,0.0
1377789,0.0
1378325,1.0
1378950,1.0
1379006,1.0
1379041,1.0
1380106,1.0
1381531,1.0
1382101,1.0
1382574,1.0
1383057,0.0
1383058,0.0
1383062,0.0
1383082,0.0
1383084,0.0
1383149,1.0
1383151,0.0
1383312,0.0
1383650,0.0
1384101,0.0
1384195,1.0
1384905,0.0
1385613,1.0
1385818,0.0
1385849,1.0
1386278,1.0
1386301,0.0
1386570,0.0
1387061,1.0
1387467,1.0
1388320,1.0
1388658,1.0
1389050,0.0
1389170,0.0
1389545,1.0
1390478,1.0
1390777,0.0
1391135,0.0
1391933,1.0
1392272,0.0
1392380,1.0
1392694,1.0
1393052,0.0
1393311,0.0
1393434,1.0
1393584,1.0
1393726,0.0
1393772,1.0
1393781,1.0
1393818,0.0
1393883,1.0
1394056,0.0
1394108,1.0
1395585,0.0
1395937,1.0
1395942,0.0
1396009,0.0
1396440,0.0
1396536,1.0
1396814,0.0
1396878,0.0
1397183,1.0
1397187,0.0
1397911,1.0
1398659,0.0
1398733,1.0
1398805,1.0
1399520,1.0
1400118,1.0
1400810,0.0
1400891,1.0
1401040,1.0
1401257,1.0
1401521,0.0
1401667,0.0
1401914,1.0
1402057,0.0
1402328,1.0
1402436,0.0
1402829,0.0
1403475,0.0
1403528,0.0
1403568,0.0
1404281,1.0
1404644,1.0
1404655,0.0
1404804,0.0
1404912,0.0
1405495,0.0
1405513,1.0
1405528,0.0
1406666,0.0
1407583,1.0
1407704,0.0
1408198,0.0
1408443,1.0
1408534,1.0
1408710,0.0
1409171,0.0
1409493,1.0
1409970,0.0
1410098,0.0
1410384,0.0
1410428,1.0
1410636,0.0
1411057,1.0
1411207,0.0
1411342,0.0
1411579,1.0
1411690,1.0
1412126,1.0
1412408,0.0
1412486,1.0
1412502,0.0
1413119,1.0
1413329,0.0
1413447,0.0
1414382,0.0
1414953,1.0
1415311,0.0
1415332,1.0
1415397,1.0
1415404,1.0
1415744,1.0
1416090,1.0
1416265,1.0
1416876,1.0
1417663,0.0
1417926,1.0
1418076,0.0
1418121,0.0
1418135,0.0
1418819,0.0
1419041,1.0
1419275,1.0
1419536,0.0
1419554,1.0
1419612,1.0
1419793,1.0
1419806,0.0
1419951,0.0
1420520,1.0
1420565,1.0
1420720,1.0
1420800,1.0
1421461,0.0
1421517,0.0
1422142,1.0
1422143,1.0
1422183,0.0
1422892,1.0
1422930,1.0
1423689,0.0
1423869,0.0
1423902,0.0
1424182,0.0
1424657,1.0
1424768,0.0
1424864,1.0
1424929,1.0
1425205,1.0
1425287,1.0
1425292,0.0
1425355,1.0
1425450,1.0
1425627,1.0
1426800,1.0
1427570,1.0
1427925,1.0
1428205,0.0
1428336,0.0
1428439,0.0
1429260,0.0
1429393,1.0
1429764,1.0
1430306,1.0
1430723,0.0
1431567,0.0
1432133,1.0
1433195,0.0
1433551,1.0
1433607,1.0
1433660,0.0
1434316,1.0
1434524,1.0
1434588,0.0
1434601,1.0
1434621,0.0
1434647,1.0
1434728,0.0
1434868,1.0
1435617,1.0
1436126,0.0
1436208,0.0
1436229,0.0
1436425,0.0
1436975,1.0
1437071,0.0
1437107,1.0
1437226,0.0
1437283,1.0
1437402,1.0
1437479,0.0
1437517,1.0
1437578,0.0
1437750,1.0
1437925,0.0
1437958,0.0
1438133,1.0
1438231,1.0
1438423,0.0
1438472,1.0
1438533,0.0
1438943,1.0
1439222,1.0
1439264,0.0
1439288,0.0
1439725,1.0
1441236,1.0
1441683,0.0
1441816,1.0
1442145,0.0
1442236,1.0
1442492,1.0
1443575,1.0
1443669,0.0
1443863,1.0
1445305,0.0
1445815,1.0
1446159,1.0
1446847,0.0
1447028,1.0
1447362,1.0
1447669,0.0
1448038,0.0
1448431,0.0
1448893,0.0
1449349,1.0
1449792,1.0
1449794,0.0
1450704,1.0
1450922,0.0
1450923,0.0
1451505,1.0
1451809,1.0
1452477,0.0
1453593,0.0
1453687,1.0
1454938,1.0
1455365,1.0
1455863,1.0
1456189,0.0
1456772,1.0
1459188,1.0
1459839,1.0
1459862,0.0
1460235,0.0
1460329,1.0
1460702,1.0
1462056,1.0
1462120,0.0
1462223,1.0
1463101,0.0
1463208,1.0
1463913,0.0
1463972,1.0
1464343,0.0
1464423,0.0
1464521,1.0
1464790,0.0
1465128,0.0
1465740,1.0
1466026,0.0
1466085,0.0
1466258,0.0
1466369,1.0
1466593,0.0
1467373,0.0
1467623,0.0
1467760,0.0
1467761,1.0
1467858,0.0
1468174,1.0
1468327,0.0
1468328,0.0
1468748,1.0
1468929,1.0
1469367,0.0
1469443,0.0
1471265,0.0
1471781,1.0
1472012,1.0
1472091,1.0
1472494,0.0
1472787,0.0
1473334,1.0
1473490,1.0
1473844,0.0
1474098,1.0
1474167,1.0
1474432,0.0
1474735,0.0
1474903,1.0
1475841,0.0
1476034,0.0
1476045,0.0
1476150,0.0
1476204,0.0
1476840,1.0
1477294,1.0
1477333,1.0
1477449,1.0
1477720,1.0
1477815,1.0
1477845,1.0
1478242,0.0
1478320,0.0
1478454,0.0
1479094,0.0
1479419,1.0
1479615,1.0
1479681,0.0
1479915,1.0
1481028,1.0
1481443,1.0
1481504,0.0
1481582,1.0
1481792,0.0
1482430,1.0
1482554,0.0
1482981,0.0
1483386,0.0
1484565,0.0
1484612,1.0
1484769,1.0
1484778,1.0
1486159,0.0
1486957,0.0
1487197,1.0
1487428,0.0
1487712,0.0
1487718,1.0
1487918,1.0
1487952,0.0
1488039,1.0
1488139,0.0
1488813,0.0
1488917,0.0
1489300,1.0
1489874,0.0
1490161,1.0
1490281,1.0
1490873,1.0
1490978,1.0
1492298,0.0
1492422,0.0
1492691,0.0
1493137,1.0
1493225,0.0
1493761,0.0
1494259,0.0
1494413,1.0
1494582,1.0
1494891,1.0
1494904,0.0
1495231,0.0
1495240,0.0
1495320,1.0
1495584,1.0
1495932,0.0
1496099,0.0
1496443,0.0
1497770,0.0
1498067,1.0
1498372,1.0
1498382,1.0
1498547,0.0
1499200,0.0
1499832,1.0
1500375,0.0
1500412,1.0
1500435,1.0
1500881,1.0
1501585,0.0
1501697,1.0
1501796,1.0
1501989,1.0
1502377,1.0
1503274,1.0
1503658,1.0
1503802,1.0
1504008,0.0
1504776,0.0
1505155,1.0
1505497,1.0
1505732,0.0
1505952,1.0
1506293,0.0
1506307,0.0
1506492,0.0
1506929,1.0
1506983,1.0
1507079,0.0
1507957,1.0
1508655,0.0
1509261,1.0
1509470,0.0
1509745,1.0
1509991,1.0
1510295,0.0
1510964,1.0
1511337,1.0
1511737,0.0
1511820,1.0
1512228,1.0
1512499,0.0
1512673,0.0
1512762,1.0
1513525,1.0
1513761,0.0
1514183,1.0
1514281,0.0
1514416,1.0
1514705,0.0
1514991,0.0
1515139,0.0
1515156,1.0
1515317,1.0
1515673,1.0
1516551,1.0
1516912,0.0
1517022,0.0
1517175,0.0
1517228,0.0
1517302,0.0
1517375,1.0
1517413,1.0
1517681,1.0
1518461,1.0
1518621,0.0
1518715,0.0
1519061,1.0
1519401,0.0
1519449,0.0
1519472,1.0
1520006,0.0
1520118,1.0
1520262,0.0
1520358,0.0
1520697,0.0
1521036,0.0
1521332,1.0
1521945,1.0
1521951,0.0
1522540,1.0
1522727,0.0
1522767,1.0
1524025,1.0
1524358,1.0
1524472,0.0
1524566,0.0
1525221,0.0
1525306,0.0
1525769,1.0
1526119,1.0
1526243,1.0
1526520,0.0
1527166,0.0
1527352,1.0
1527469,0.0
1527541,0.0
1527599,1.0
1527702,1.0
1527728,0.0
1527753,1.0
1528115,1.0
1528287,1.0
1528356,0.0
1528849,0.0
1528985,1.0
1529113,1.0
1529377,0.0
1529628,0.0
1529864,0.0
1530185,0.0
1530249,0.0
1530425,1.0
1530766,1.0
1530804,1.0
1530979,0.0
1531031,0.0
1531152,0.0
1531177,1.0
1532286,1.0
1532383,1.0
1532619,0.0
1533040,1.0
1533743,1.0
1533924,1.0
1533998,1.0
1534120,1.0
1534133,1.0
1534154,1.0
1534254,0.0
1534504,0.0
1534525,1.0
1534675,0.0
1534701,0.0
1534708,1.0
1534969,1.0
1535527,1.0
1535778,0.0
1535929,0.0
1535955,1.0
1537054,1.0
1537435,1.0
1538263,0.0
1538379,0.0
1538716,0.0
1538990,0.0
1539638,0.0
1539680,1.0
1539838,0.0
1540684,1.0
1541119,0.0
1541157,1.0
1542447,0.0
1543151,0.0
1543418,1.0
1543652,1.0
1544190,0.0
1544206,0.0
1544227,1.0
1544522,1.0
1546296,1.0
1546417,1.0
1546652,0.0
1547546,0.0
1547903,0.0
1549084,1.0
1549145,1.0
1549346,0.0
1549595,1.0
1549631,1.0
1549966,0.0
1550453,1.0
1551152,0.0
1551182,0.0
1551306,0.0
1551901,0.0
1552033,0.0
1552198,1.0
1553643,1.0
1553788,1.0
1554818,1.0
1555279,1.0
1555280,0.0
1556593,0.0
1556739,0.0
1556801,1.0
1557746,1.0
1557798,1.0
1558569,1.0
1559053,1.0
1559432,0.0
1559720,0.0
1559865,0.0
1560258,1.0
1560293,1.0
1560327,0.0
1560385,0.0
1560452,1.0
1561550,0.0
1561680,0.0
1561894,0.0
1561921,1.0
1562088,0.0
1562151,0.0
1562463,1.0
1562476,0.0
1562528,0.0
1562733,0.0
1563190,1.0
1563411,0.0
1563568,1.0
1563577,1.0
1563665,1.0
1563756,0.0
1563880,1.0
1563922,1.0
1564408,1.0
1564708,0.0
1564902,0.0
1565687,1.0
1566011,0.0
1566610,0.0
1566826,1.0
1567094,0.0
1567264,1.0
1567683,0.0
1567892,1.0
1567900,1.0
1567925,0.0
1568100,0.0
1568385,1.0
1568651,1.0
1568969,1.0
1569187,0.0
1569345,0.0
1569994,0.0
1570562,1.0
1570585,1.0
1570827,0.0
1570937,1.0
1571123,0.0
1571283,0.0
1571934,1.0
1571949,0.0
1571996,0.0
1572334,0.0
1572386,1.0
1572616,1.0
1572694,0.0
1573221,1.0
1573516,0.0
1574085,0.0
1574094,1.0
1574197,0.0
1574235,1.0
1575142,1.0
1575515,0.0
1575793,1.0
1575828,0.0
1575858,1.0
1575965,0.0
1576018,0.0
1576280,1.0
1576873,1.0
1576885,1.0
1576940,0.0
1576942,1.0
1577437,0.0
1577445,1.0
1578329,1.0
1578348,1.0
1578732,0.0
1579091,0.0
1579157,0.0
1579214,1.0
1579298,0.0
1579428,1.0
1579684,1.0
1579733,0.0
1579877,0.0
1579878,1.0
1580149,1.0
1580345,0.0
1580490,1.0
1580560,0.0
1580670,0.0
1580808,0.0
1580864,1.0
1580905,0.0
1581068,0.0
1581091,0.0
1581552,0.0
1581760,0.0
1581990,0.0
1582313,1.0
1582554,1.0
1582961,0.0
1582982,0.0
1583107,0.0
1583648,1.0
1583708,1.0
1583771,1.0
1584207,0.0
1584549,0.0
1584693,1.0
1584831,1.0
1585101,1.0
1585364,0.0
1585389,0.0
1585521,0.0
1585689,0.0
1586554,1.0
1587523,0.0
1587732,0.0
1587987,0.0
1588014,0.0
1588272,0.0
1588978,1.0
1589149,1.0
1590418,1.0
1590496,1.0
1590560,1.0
1590584,1.0
1590714,0.0
1590717,0.0
1590750,1.0
1590877,1.0
1590895,1.0
1590955,0.0
1590976,1.0
1591588,1.0
1591670,0.0
1591698,0.0
1591913,1.0
1591956,1.0
1592386,0.0
1593001,1.0
1593184,1.0
1593538,1.0
1593549,1.0
1593899,1.0
1594805,0.0
1595097,1.0
1595248,1.0
1595974,0.0
1596532,0.0
1596961,1.0
1597672,1.0
1597846,1.0
1598428,0.0
1598646,1.0
1598665,0.0
1598981,1.0
1599117,0.0
1599298,1.0
1599407,0.0
1599617,0.0
1600033,0.0
1600347,1.0
1600620,0.0
1600626,0.0
1600641,1.0
1600983,1.0
1601485,1.0
1601548,0.0
1601712,0.0
1601830,1.0
1602658,0.0
1603015,1.0
1603145,1.0
1603454,1.0
1603480,1.0
1603923,0.0
1603978,1.0
1604464,1.0
1604665,0.0
1604821,1.0
1604868,1.0
1605301,1.0
1605481,1.0
1605888,1.0
1606163,0.0
1606268,0.0
1606366,0.0
1606498,1.0
1606757,0.0
1606909,0.0
1607678,1.0
1607939,0.0
1607962,1.0
1609065,0.0
1609151,1.0
1609253,0.0
1609550,0.0
1609711,0.0
1609804,1.0
1609809,0.0
1610820,1.0
1610853,1.0
1610940,0.0
1611046,1.0
1611052,1.0
1611115,1.0
1611547,0.0
1611647,0.0
1611983,1.0
1613780,1.0
1614178,0.0
1614806,1.0
1615063,1.0
1615165,1.0
1615219,1.0
1616000,1.0
1616156,1.0
1616543,1.0
1616707,1.0
1616862,0.0
1617242,0.0
1617406,1.0
1617553,1.0
1617640,0.0
1618563,0.0
1618673,0.0
1618732,0.0
1618835,1.0
1619096,1.0
1619312,1.0
1619856,1.0
1620393,1.0
1620459,0.0
1620463,1.0
1620533,0.0
1620749,1.0
1621221,1.0
1621672,1.0
1621832,1.0
1621906,1.0
1622194,0.0
1622229,1.0
1622345,1.0
1622996,1.0
1623526,1.0
1624322,0.0
1624326,1.0
1624512,1.0
1624985,1.0
1625101,1.0
1625278,0.0
1625297,0.0
1625641,1.0
1625941,1.0
1626115,0.0
1626450,1.0
1626644,1.0
1626878,1.0
1626971,1.0
1627223,0.0
1627282,1.0
1627475,0.0
1628171,1.0
1628369,0.0
1628808,1.0
1628908,1.0
1629019,0.0
1629210,1.0
1630176,1.0
1630212,1.0
1630472,0.0
1630627,1.0
1630805,0.0
1631569,0.0
1631574,1.0
1631596,0.0
1632127,0.0
1632970,0.0
1633336,0.0
1633858,0.0
1633917,0.0
1633931,0.0
1633978,0.0
1634452,0.0
1635077,1.0
1635282,0.0
1636222,0.0
1636282,1.0
1636422,1.0
1636519,1.0
1636639,0.0
1636651,1.0
1637147,1.0
1637207,0.0
1637459,0.0
1637715,1.0
1637757,0.0
1637873,1.0
1637880,0.0
1638097,1.0
1638287,1.0
1638290,0.0
1638826,1.0
1638833,1.0
1638911,1.0
1639068,0.0
1639300,0.0
1639438,0.0
1639691,0.0
1639723,1.0
1639825,0.0
1640147,1.0
1640266,1.0
1640384,1.0
1640428,0.0
1640967,1.0
1641281,1.0
1641398,0.0
1641489,1.0
1641601,0.0
1641614,0.0
1642380,1.0
1642896,0.0
1643154,1.0
1643615,0.0
1643721,1.0
1643953,1.0
1644963,1.0
1645113,1.0
1645155,1.0
1645460,1.0
1645469,1.0
1645666,1.0
1645873,0.0
1646188,1.0
1646614,0.0
1647088,0.0
1647639,0.0
1648087,1.0
1648960,1.0
1649094,1.0
1649739,1.0
1649744,1.0
1649749,0.0
1649904,1.0
1650132,0.0
1650164,0.0
1650372,1.0
1650648,1.0
1650664,1.0
1650696,1.0
1650729,0.0
1651308,0.0
1651562,1.0
1651721,1.0
1652044,0.0
1652130,1.0
1652535,1.0
1652539,1.0
1652561,1.0
1652935,1.0
1652958,0.0
1653087,1.0
1653384,0.0
1653477,0.0
1653482,1.0
1653653,0.0
1653909,1.0
1654595,1.0
1655050,0.0
1655210,1.0
1655759,1.0
1655887,0.0
1655888,0.0
1655923,1.0
1656472,0.0
1657214,1.0
1657642,0.0
1657853,0.0
1658247,1.0
1658551,1.0
1658566,0.0
1659166,0.0
1659617,1.0
1660134,0.0
1660280,0.0
1660334,1.0
1660734,0.0
1661053,1.0
1661059,1.0
1661181,0.0
1661306,1.0
1661458,1.0
1661600,1.0
1661779,0.0
1661998,1.0
1662579,1.0
1662684,1.0
1662774,1.0
1662972,1.0
1662991,0.0
1664710,1.0
1665300,1.0
1665918,0.0
1665988,0.0
1666071,1.0
1666134,0.0
1666244,1.0
1666291,1.0
1666700,1.0
1667011,1.0
1667313,0.0
1668010,1.0
1668243,1.0
1668397,0.0
1669162,0.0
1669779,1.0
1669811,1.0
1670076,1.0
1670592,0.0
1671502,1.0
1671584,1.0
1671858,1.0
1671927,1.0
1671933,0.0
1672013,0.0
1672619,1.0
1672688,1.0
1672909,0.0
1673358,0.0
1673743,1.0
1673985,1.0
1674101,0.0
1674168,0.0
1674227,1.0
1674335,1.0
1674356,1.0
1674416,1.0
1674632,1.0
1674760,0.0
1674930,1.0
1675149,0.0
1675644,0.0
1676047,1.0
1676163,1.0
1676238,1.0
1676725,0.0
1677576,0.0
1677940,1.0
1678660,1.0
1679049,0.0
1679268,1.0
1679273,0.0
1679628,1.0
1679688,0.0
1679788,0.0
1680048,1.0
1680062,0.0
1680132,0.0
1680139,1.0
1680247,1.0
1680367,1.0
1680378,1.0
1680581,1.0
1680873,1.0
1681087,1.0
1681206,1.0
1681459,0.0
1681682,1.0
1681769,1.0
1682149,1.0
1682220,0.0
1682265,1.0
1682639,0.0
1682745,0.0
1682852,1.0
1683553,1.0
1683606,0.0
1683695,0.0
1684144,1.0
1684682,0.0
1685040,0.0
1685766,1.0
1687187,1.0
1687229,0.0
1687932,0.0
1688126,1.0
1688757,1.0
1689375,1.0
1689548,1.0
1689796,1.0
1690012,1.0
1690080,1.0
1690384,1.0
1690437,0.0
1690536,0.0
1690585,1.0
1690680,0.0
1690820,0.0
1690842,0.0
1691082,1.0
1691303,0.0
1691421,1.0
1692063,0.0
1692115,0.0
1692376,0.0
1692415,1.0
1692427,0.0
1692787,0.0
1692819,0.0
1692951,1.0
1693256,0.0
1693317,0.0
1693577,0.0
1694028,0.0
1694426,0.0
1695295,1.0
1695473,1.0
1696025,1.0
1696088,1.0
1697500,0.0
1697851,1.0
1697884,1.0
1698022,0.0
1698514,0.0
1698530,1.0
1698538,1.0
1698990,0.0
1698991,0.0
1699031,1.0
1699039,0.0
1699136,0.0
1699150,0.0
1699350,1.0
1699382,1.0
1701108,1.0
1701478,1.0
1701541,1.0
1701605,0.0
1701758,1.0
1701963,1.0
1702510,0.0
1702750,0.0
1702780,1.0
1702924,1.0
1703056,0.0
1703057,1.0
1703073,1.0
1703157,0.0
1703644,0.0
1703647,1.0
1704287,1.0
1704292,1.0
1704711,0.0
1704715,1.0
1704720,1.0
1705181,0.0
1705696,0.0
1705843,1.0
1706431,1.0
1706524,1.0
1706946,1.0
1707910,1.0
1707919,1.0
1707925,0.0
1708035,1.0
1708055,1.0
1708341,1.0
1708527,1.0
1708599,1.0
1708646,0.0
1709164,0.0
1709442,0.0
1709542,1.0
1709628,1.0
1709682,1.0
1709941,1.0
1710072,1.0
1710155,0.0
1710340,1.0
1710350,0.0
1710366,0.0
1710482,0.0
1711269,0.0
1711279,0.0
1711754,1.0
1711786,1.0
1711799,0.0
1711929,1.0
1712184,0.0
1712189,1.0
1712463,1.0
1712762,1.0
1713210,1.0
1713407,1.0
1713445,0.0
1713683,1.0
1713863,1.0
1714174,1.0
1714562,1.0
1714899,1.0
1715933,0.0
1716166,1.0
1716621,1.0
1717115,1.0
1717307,1.0
1717310,1.0
1717547,0.0
1718224,0.0
1718405,1.0
1718500,0.0
1718512,0.0
1718939,1.0
1719406,1.0
1719714,1.0
1720025,1.0
1720116,0.0
1720265,0.0
1720286,1.0
1720420,0.0
1720580,1.0
1720592,1.0
1720635,0.0
1720893,1.0
1721056,1.0
1721484,1.0
1722010,0.0
1722482,1.0
1722556,1.0
1722684,0.0
1722731,0.0
1723059,0.0
1723128,0.0
1723596,0.0
1723788,0.0
1724521,1.0
1724965,1.0
1725160,1.0
1725210,0.0
1725255,0.0
1725262,0.0
1725430,1.0
1725911,1.0
1726126,0.0
1726173,1.0
1726445,1.0
1726548,0.0
1726711,1.0
1726978,0.0
1727196,1.0
1727255,1.0
1727263,0.0
1728117,1.0
1728328,1.0
1728688,0.0
1728951,0.0
1729149,0.0
1729427,1.0
1729637,1.0
1730430,0.0
1730463,1.0
1730773,1.0
1730984,0.0
1731348,1.0
1732406,0.0
1732409,0.0
1733998,1.0
1734342,0.0
1734722,0.0
1734750,1.0
1735041,0.0
1735438,1.0
1735707,0.0
1736035,0.0
1736243,1.0
1736297,0.0
1736730,1.0
1736946,0.0
1737287,1.0
1737523,1.0
1737706,1.0
1737924,0.0
1737995,1.0
1738021,1.0
1738177,1.0
1738827,1.0
1739104,1.0
1739174,1.0
1739410,0.0
1739445,0.0
1739566,1.0
1740279,1.0
1740332,0.0
1740742,1.0
1741489,0.0
1742313,0.0
1742927,1.0
1743415,0.0
1743725,0.0
1743745,1.0
1743759,1.0
1743907,0.0
1745078,1.0
1745916,0.0
1745999,1.0
1746109,0.0
1746119,1.0
1746129,0.0
1746466,1.0
1746473,1.0
1746618,0.0
1747068,0.0
1747079,1.0
1747172,0.0
1747777,0.0
1748137,1.0
1748790,0.0
1748824,0.0
1750106,0.0
1750149,1.0
1750155,1.0
1750284,1.0
1750735,0.0
1750777,1.0
1751008,0.0
1751707,0.0
1751783,0.0
1751788,0.0
1753162,1.0
1753373,1.0
1753391,1.0
1753539,1.0
1754068,1.0
1754170,1.0
1754226,0.0
1755101,0.0
1755237,1.0
1755347,1.0
1755672,1.0
1755755,1.0
1755953,0.0
1756180,1.0
1756262,0.0
1756655,1.0
1757073,1.0
1757499,1.0
1757715,1.0
1758009,0.0
1758021,0.0
1758488,0.0
1758699,1.0
1758730,0.0
1759138,1.0
1759186,1.0
1759425,0.0
1759509,0.0
1759546,0.0
1759631,1.0
1759655,0.0
1759774,0.0
1759824,1.0
1760026,1.0
1760233,1.0
1760903,1.0
1760965,0.0
1761312,0.0
1761612,1.0
1761918,1.0
1762303,1.0
1763329,1.0
1763415,0.0
1763660,1.0
1763925,1.0
1763950,1.0
1764046,1.0
1765048,1.0
1766037,0.0
1766140,1.0
1766368,1.0
1766400,0.0
1766478,0.0
1766502,0.0
1767042,1.0
1767258,0.0
1767837,0.0
1768224,1.0
1768446,1.0
1769624,1.0
1769628,1.0
1769663,0.0
1770069,1.0
1770121,1.0
1770236,0.0
1770450,1.0
1770501,1.0
1770787,1.0
1771514,1.0
1771515,0.0
1771706,1.0
1771910,1.0
1771995,1.0
1772704,0.0
1772720,1.0
1773751,0.0
1774675,1.0
1774857,1.0
1775194,0.0
1776111,1.0
1776661,0.0
1776909,1.0
1777319,0.0
1777393,1.0
1777835,0.0
1777921,0.0
1778129,1.0
1779128,0.0
1779372,1.0
1779474,0.0
1779523,1.0
1780201,1.0
1780312,1.0
1781162,1.0
1781174,1.0
1781335,0.0
1781629,1.0
1781730,0.0
1781755,1.0
1781983,1.0
1782107,1.0
1782170,0.0
1782223,1.0
1782303,1.0
1782430,0.0
1782524,0.0
1783180,0.0
1783183,1.0
1783328,1.0
1783398,1.0
1783879,0.0
1784058,1.0
1784440,1.0
1784535,1.0
1784570,1.0
1784700,0.0
1784970,1.0
1785056,1.0
1785279,1.0
1785424,1.0
1785530,1.0
1786117,1.0
1786352,1.0
1786431,0.0
1786471,1.0
1787297,1.0
1787306,0.0
1787400,1.0
1787414,0.0
1787740,1.0
1788028,1.0
1788060,1.0
1788230,0.0
1788882,1.0
1789029,0.0
1789192,0.0
1789769,1.0
1789832,0.0
1789940,0.0
1790340,1.0
1791145,0.0
1792509,0.0
1792580,0.0
1792781,1.0
1792789,0.0
1792849,1.0
1793229,1.0
1793659,0.0
1794515,0.0
1794546,1.0
1794669,0.0
1794776,0.0
1794783,1.0
1795091,1.0
1795139,0.0
1795250,1.0
1795586,1.0
1795815,0.0
1796209,0.0
1796280,1.0
1796949,1.0
1798100,0.0
1798562,1.0
1798749,1.0
1799011,1.0
1799191,1.0
1799448,1.0
1799788,1.0
1800227,1.0
1800315,1.0
1800373,1.0
1800637,1.0
1800667,1.0
1801169,1.0
1801170,1.0
1801368,1.0
1801417,1.0
1801602,0.0
1801661,1.0
1802156,1.0
1802255,0.0
1802457,1.0
1802665,0.0
1802768,0.0
1803498,0.0
1803599,0.0
1803696,0.0
1803737,0.0
1803901,0.0
1803977,1.0
1804176,1.0
1805077,1.0
1805284,1.0
1805385,1.0
1805521,1.0
1805526,0.0
1805651,0.0
1805833,1.0
1806201,1.0
1806310,1.0
1806347,1.0
1806837,0.0
1806952,1.0
1807046,1.0
1807120,1.0
1807166,1.0
1807616,1.0
1807689,0.0
1807765,1.0
1807887,1.0
1807893,0.0
1808220,1.0
1808377,1.0
1808665,0.0
1808805,1.0
1808834,0.0
1808898,1.0
1809104,1.0
1809519,0.0
1809750,1.0
1809987,0.0
1810019,1.0
1810182,1.0
1810546,0.0
1810560,1.0
1810806,1.0
1811063,1.0
1811074,0.0
1811210,1.0
1811414,1.0
1811935,1.0
1811999,1.0
1812360,1.0
1812364,1.0
1812447,1.0
1812554,0.0
1812727,1.0
1813452,1.0
1813814,1.0
1814114,1.0
1814215,1.0
1814287,0.0
1815442,1.0
1815776,1.0
1815903,1.0
1816017,1.0
1816431,1.0
1816581,1.0
1816590,1.0
1816708,0.0
1816736,1.0
1816937,1.0
1817004,1.0
1817229,1.0
1817232,1.0
1817241,1.0
1817358,0.0
1817713,1.0
1817760,1.0
1817825,1.0
1818093,1.0
1818274,1.0
1818331,1.0
1818382,1.0
1818383,0.0
1818502,0.0
1818643,0.0
1818644,1.0
1818794,1.0
1818844,1.0
1818874,0.0
1819133,0.0
1819142,1.0
1819253,0.0
1819404,1.0
1819411,1.0
1819438,1.0
1819493,0.0
1819516,1.0
1819576,1.0
1819790,1.0
1819796,0.0
1819810,1.0
1819848,1.0
1819928,0.0
1819974,0.0
1819989,1.0
1819994,1.0
1820144,0.0
1820190,1.0
1820302,1.0
1820721,0.0
1820875,1.0
1820953,0.0
1821159,1.0
1821175,0.0
1821534,0.0
1821586,1.0
1821825,0.0
1822359,1.0
1822462,1.0
1822479,0.0
1822492,0.0
1822791,1.0
1822928,1.0
1822966,1.0
1822993,0.0
1823144,1.0
1823239,1.0
1823406,0.0
1823466,1.0
1823584,0.0
1823587,1.0
1823608,0.0
1823635,1.0
1823652,1.0
1823794,0.0
1823878,1.0
1823945,0.0
1824293,1.0
1824502,1.0
1824893,1.0
1824920,1.0
1825024,1.0
1825079,1.0
1825088,0.0
1825248,0.0
1825265,0.0
1825384,0.0
1825452,1.0
1826000,1.0
1826011,1.0
1826397,1.0
1826457,1.0
1826470,0.0
1826600,0.0
1826660,0.0
1826667,1.0
1826681,1.0
1826889,0.0
1826892,1.0
1827090,0.0
1827899,1.0
1828016,0.0
1828105,0.0
1828108,1.0
1828161,1.0
1828185,1.0
1828318,1.0
1828377,0.0
1828536,1.0
1828588,0.0
1828673,1.0
1828748,0.0
1828791,0.0
1828805,1.0
1828937,1.0
1828962,0.0
1828972,1.0
1829247,1.0
1829280,1.0
1829576,0.0
1829635,1.0
1829794,1.0
1829802,1.0
1829864,0.0
1830033,1.0
1830043,0.0
1830081,1.0
1830214,1.0
1831097,1.0
1831359,1.0
1831481,1.0
1831631,1.0
1831651,0.0
1831828,1.0
1831868,1.0
1831979,1.0
1832038,1.0
1832148,0.0
1832161,1.0
1832332,0.0
1832466,0.0
1832483,1.0
1832487,1.0
1832511,1.0
1833197,0.0
1833214,0.0
1833498,1.0
1833756,0.0
1833769,1.0
1833835,1.0
1834032,1.0
1834105,1.0
1834376,0.0
1834488,0.0
1834526,0.0
1834584,0.0
1834622,0.0
1835022,1.0
1835268,1.0
1835385,0.0
1835579,1.0
1835597,1.0
1835632,0.0
1835830,1.0
1835856,1.0
1836295,1.0
1836754,0.0
1836833,1.0
1836875,1.0
1836981,0.0
1837014,1.0
1837254,0.0
1837532,0.0
1837607,1.0
1837671,0.0
1838126,0.0
1838163,1.0
1838359,1.0
1838406,0.0
1838615,1.0
1838987,1.0
1839285,1.0
1839341,1.0
1839530,1.0
1839839,0.0
1840102,1.0
1840229,1.0
1840233,1.0
1840317,0.0
1840439,1.0
1840502,0.0
1840563,1.0
1840572,1.0
1840780,1.0
1840856,1.0
1840877,1.0
1841156,0.0
1841175,0.0
1841330,1.0
1841387,1.0
1841408,0.0
1841425,1.0
1841514,0.0
1841610,1.0
1841666,0.0
1841761,1.0
1841925,1.0
1841968,0.0
1842022,0.0
1842295,1.0
1842563,1.0
1842566,0.0
1842939,1.0
1842952,1.0
1843162,0.0
1843165,1.0
1843656,1.0
1843714,0.0
1843724,0.0
1843973,1.0
1844392,1.0
1844417,1.0
1844452,1.0
1844505,1.0
1844862,1.0
1844971,0.0
1845149,1.0
1845257,0.0
1845437,1.0
1845550,1.0
1845815,0.0
1846069,1.0
1846084,1.0
1846253,1.0
1846416,0.0
1846576,0.0
1847064,1.0
1847345,1.0
1847367,1.0
1847398,0.0
1847590,0.0
1847874,1.0
1847903,1.0
1847986,1.0
1848334,1.0
1848416,1.0
1848672,1.0
1849056,1.0
1849089,0.0
1849253,0.0
1849380,1.0
1849466,0.0
1849820,1.0
1849867,0.0
1849894,0.0
1850059,0.0
1850119,1.0
1850270,1.0
1850767,1.0
1850787,0.0
1850902,1.0
1850938,0.0
1851003,1.0
1851322,0.0
1851909,1.0
1851959,0.0
1851961,1.0
1852016,1.0
1852019,1.0
1852207,0.0
1852244,0.0
1852973,1.0
1853047,1.0
1853070,0.0
1853138,1.0
1853145,0.0
1853513,0.0
1853816,1.0
1853825,1.0
1853962,1.0
1854139,1.0
1854149,0.0
1854270,1.0
1854445,1.0
1854463,1.0
1854480,1.0
1854526,1.0
1854963,0.0
1854964,0.0
1855175,1.0
1855447,1.0
1855457,1.0
1855474,1.0
1855485,1.0
1855509,1.0
1855644,1.0
1855747,0.0
1855781,0.0
1856314,0.0
1856365,0.0
1856437,1.0
1856485,0.0
1856525,0.0
1856725,1.0
1857044,1.0
1857086,1.0
1857154,1.0
1857475,0.0
1857816,0.0
1857853,1.0
1858681,0.0
1858685,1.0
1858848,1.0
1859007,1.0
1859035,1.0
1859199,1.0
1859392,0.0
1859807,1.0
1860160,1.0
1860424,1.0
1860484,1.0
1860543,0.0
1860657,1.0
1860742,1.0
1860871,1.0
1861107,1.0
1861560,1.0
1861622,1.0
1861657,1.0
1861795,1.0
1862150,1.0
1862463,1.0
1863127,1.0
1863990,1.0
1864531,1.0
1864943,1.0
1865107,1.0
1865111,1.0
1865200,1.0
1865506,1.0
1865631,0.0
1865782,0.0
1866175,1.0
1866226,1.0
1866368,1.0
1866581,0.0
1866633,0.0
1866692,1.0
1866757,1.0
1866816,1.0
1867066,1.0
1867096,0.0
1867949,0.0
1868159,1.0
1868275,0.0
1868279,1.0
1868419,1.0
1868516,1.0
1868726,0.0
1869105,1.0
1869198,0.0
1869453,0.0
1869699,0.0
1870144,1.0
1870404,1.0
1870940,1.0
1871181,1.0
1871509,0.0
1871638,1.0
1872228,0.0
1872525,1.0
1873213,1.0
1873529,0.0
1873722,1.0
1873835,1.0
1873875,1.0
1873923,1.0
1873951,0.0
1874071,0.0
1874097,1.0
1874178,1.0
1874315,0.0
1874875,0.0
1874999,1.0
1875444,0.0
1875558,1.0
1876042,0.0
1876255,0.0
1876716,1.0
1877322,0.0
1877461,1.0
1877939,0.0
1878313,1.0
1878379,1.0
1878848,0.0
1878897,1.0
1879016,1.0
1879270,1.0
1879293,1.0
1879403,1.0
1879726,1.0
1879814,1.0
1880319,1.0
1880343,1.0
1880438,1.0
1880613,1.0
1880661,0.0
1881487,1.0
1881551,1.0
1881592,0.0
1882198,0.0
1882464,1.0
1882781,1.0
1882850,0.0
1883085,0.0
1883313,1.0
1883685,1.0
1883814,1.0
1883835,1.0
1883984,1.0
1884046,1.0
1884164,1.0
1884516,1.0
1885522,1.0
1885968,0.0
1886362,1.0
1886428,0.0
1886894,1.0
1887944,1.0
1888654,1.0
1888886,1.0
1889112,0.0
1889123,0.0
1889539,0.0
1889983,0.0
1890361,0.0
1891027,0.0
1891101,1.0
1891856,1.0
1892316,1.0
1892322,0.0
1892492,1.0
1892747,0.0
1893657,1.0
1893899,1.0
1894525,1.0
1894562,1.0
1894954,0.0
1895249,1.0
1895262,1.0
1895316,1.0
1895582,1.0
1895618,1.0
1896212,1.0
1896677,0.0
1897245,1.0
1897463,0.0
1897525,1.0
1897762,0.0
1898795,1.0
1899017,0.0
1899287,1.0
1900520,1.0
1900679,1.0
1901037,0.0
1901164,0.0
1901203,0.0
1901336,1.0
1901440,0.0
1901637,0.0
1902314,0.0
1902649,0.0
1902733,0.0
1903595,0.0
1904286,1.0
1905824,1.0
1905956,1.0
1906324,1.0
1906364,0.0
1907108,1.0
1907223,1.0
1907982,1.0
1910139,1.0
1910975,1.0
1911066,0.0
1911321,0.0
1911467,1.0
1912540,1.0
1912582,1.0
1912954,1.0
1913577,1.0
1913724,0.0
1913971,0.0
1914496,1.0
1914605,0.0
1915328,1.0
1915657,0.0
1916099,0.0
1916558,1.0
1916608,0.0
1918080,1.0
1918414,1.0
1918712,0.0
1919182,1.0
1919246,1.0
1919369,0.0
1920406,1.0
1921865,1.0
1921963,0.0
1922335,1.0
1923622,0.0
1923780,1.0
1925309,0.0
1925531,0.0
1926599,0.0
1927958,1.0
1928446,0.0
1929561,1.0
1930313,0.0
1930679,0.0
1932213,1.0
1932393,0.0
1932591,0.0
1933414,1.0
1933567,1.0
1934245,1.0
1934642,1.0
1934850,0.0
1935092,1.0
1935799,1.0
1935979,1.0
1936224,1.0
1936258,1.0
1936756,1.0
1937653,1.0
1937891,1.0
1937926,0.0
1937993,1.0
1938046,1.0
1938338,1.0
1938569,1.0
1938570,1.0
1938571,1.0
1939433,1.0
1940243,1.0
1941029,1.0
1941365,0.0
1941536,0.0
1943289,1.0
1943802,0.0
1943896,1.0
1944013,0.0
1944048,0.0
1944366,0.0
1944558,1.0
1944831,0.0
1945619,1.0
1946021,0.0
1946563,1.0
1946573,1.0
1946997,1.0
1947016,1.0
1947210,0.0
1947244,1.0
1947861,1.0
1948056,0.0
1948455,1.0
1948864,1.0
1950803,0.0
1950976,0.0
1951276,0.0
1951667,1.0
1952073,1.0
1952853,0.0
1952976,1.0
1953366,0.0
1953926,1.0
1953984,0.0
1954360,0.0
1955010,0.0
1955520,0.0
1956439,0.0
1956648,0.0
1956741,1.0
1956744,0.0
1956955,0.0
1957845,0.0
1958086,0.0
1958140,0.0
1958777,1.0
1958928,1.0
1959023,1.0
1959568,0.0
1959604,0.0
1959961,1.0
1960262,0.0
1960847,1.0
1962011,1.0
1962481,1.0
1963088,1.0
1964333,0.0
1964738,0.0
1964789,0.0
1964979,1.0
1965040,1.0
1965052,1.0
1965934,0.0
1966394,0.0
1966983,1.0
1967656,0.0
1967680,0.0
1968487,0.0
1968915,0.0
1969475,1.0
1970622,1.0
1971213,1.0
1971381,0.0
1971387,1.0
1971532,1.0
1972234,1.0
1972529,1.0
1973266,0.0
1973476,0.0
1974138,0.0
1974395,1.0
1974640,1.0
1975736,0.0
1976663,1.0
1976719,0.0
1978111,1.0
1978528,1.0
1979005,0.0
1979306,0.0
1979330,0.0
1979414,1.0
1980088,1.0
1981535,0.0
1981546,0.0
1981599,0.0
1981792,0.0
1982518,0.0
1983514,0.0
1983736,0.0
1984086,0.0
1985375,0.0
1985554,1.0
1985840,0.0
1986817,0.0
1987221,0.0
1987731,1.0
1988494,0.0
1989788,1.0
1989817,0.0
1990354,0.0
1991792,1.0
1992508,0.0
1993004,0.0
1994214,1.0
1994373,1.0
1994702,1.0
1995569,0.0
1995807,0.0
1996192,1.0
1996810,0.0
1996862,0.0
1997296,1.0
1997652,1.0
1997859,1.0
1998387,0.0
1999001,1.0
1999480,1.0
1999538,0.0
1999784,0.0
2000178,0.0
2000597,0.0
2000775,0.0
2001184,0.0
2001557,1.0
2002038,0.0
2002473,0.0
2005951,0.0
2006291,0.0
2006758,0.0
2006815,0.0
2006986,1.0
2007587,0.0
2007596,0.0
2007825,1.0
2007919,1.0
2009183,0.0
2009312,1.0
2009684,1.0
2010653,0.0
2010788,1.0
2010930,0.0
2010982,1.0
2011134,0.0
2011208,1.0
2011498,1.0
2011514,1.0
2011641,0.0
2012139,0.0
2012318,1.0
2012383,0.0
2012593,1.0
2012706,0.0
2012726,0.0
2012807,0.0
2012839,0.0
2013639,0.0
2013744,0.0
2013745,0.0
2013792,1.0
2013807,1.0
2014596,0.0
2014982,0.0
2015034,0.0
2015502,0.0
2015845,0.0
2015947,0.0
2015955,0.0
2016072,1.0
2016221,0.0
2017206,0.0
2017526,0.0
2017636,0.0
2017758,1.0
2017950,0.0
2018064,1.0
2018145,0.0
2019410,0.0
2019505,0.0
2019793,1.0
2019804,0.0
2020354,0.0
2020385,0.0
2020455,0.0
2020737,1.0
2020795,0.0
2020987,0.0
2022308,0.0
2022416,1.0
2022626,1.0
2023016,1.0
2023554,0.0
2023658,1.0
2023676,0.0
2024203,0.0
2024218,1.0
2024306,1.0
2024459,0.0
2024460,0.0
2025341,0.0
2025401,0.0
2025410,0.0
2025608,0.0
2025878,1.0
2025942,1.0
2026448,0.0
2026478,1.0
2026767,1.0
2027033,0.0
2027317,0.0
2027537,0.0
2027708,0.0
2028027,0.0
2028201,0.0
2028293,1.0
2028336,1.0
2028355,0.0
2028516,0.0
2028614,0.0
2028686,0.0
2028699,1.0
2028707,0.0
2028735,1.0
2028835,0.0
2028935,0.0
2029014,1.0
2029118,0.0
2029303,0.0
2029492,0.0
2029586,1.0
2029769,0.0
2029976,0.0
2030482,0.0
2030663,0.0
2030763,1.0
2030772,0.0
2030781,1.0
2030829,0.0
2030954,1.0
2031069,0.0
2031283,0.0
2031561,0.0
2031750,0.0
2032020,0.0
2032379,0.0
2032528,0.0
2032545,1.0
2032609,1.0
2032950,0.0
2032966,1.0
2033122,0.0
2033264,1.0
2033593,0.0
2033615,1.0
2033695,0.0
2033770,1.0
2033807,0.0
2033991,1.0
2034037,0.0
2034266,1.0
2034267,0.0
2034268,0.0
2034269,0.0
2034288,1.0
2034313,0.0
2034334,0.0
2035016,0.0
2035149,0.0
2035173,0.0
2035428,0.0
2035644,0.0
2035713,0.0
2035989,0.0
2036042,1.0
2036060,0.0
2037804,0.0
2038118,0.0
2038564,1.0
2039058,0.0
2039497,1.0
2040127,0.0
2040381,0.0
2040475,1.0
2040491,0.0
2041047,0.0
2041385,0.0
2041493,1.0
2041610,1.0
2042022,1.0
2042182,0.0
2042292,1.0
2042460,1.0
2042694,0.0
2042902,0.0
2043508,1.0
2043699,0.0
2043759,0.0
2043766,0.0
2044523,0.0
2044635,0.0
2044725,1.0
2044820,0.0
2045370,0.0
2045458,0.0
2045473,0.0
2046042,0.0
2047177,0.0
2047235,0.0
2047455,0.0
2048519,0.0
2048948,0.0
2048951,0.0
2049248,0.0
2049595,1.0
2049662,0.0
2049733,0.0
2050501,0.0
2051380,1.0
2051587,0.0
2051820,1.0
2052152,0.0
2052153,0.0
2052161,0.0
2052162,0.0
2052547,0.0
2052568,1.0
2053641,1.0
2053799,0.0
2053927,0.0
2054272,0.0
2054696,1.0
2054876,0.0
2055116,1.0
2055459,0.0
2055592,1.0
2055879,0.0
2056016,0.0
2056634,0.0
2057030,0.0
2057043,0.0
2057381,1.0
2057463,1.0
2058359,0.0
2058758,1.0
2059033,0.0
2059165,0.0
2059653,0.0
2059654,0.0
2060337,0.0
2061379,0.0
2061473,0.0
2063196,1.0
2063816,0.0
2063863,1.0
2064124,0.0
2064177,1.0
2064307,1.0
2064355,1.0
2064658,1.0
2064683,0.0
2064947,1.0
2064953,1.0
2065779,0.0
2065948,0.0
2066337,0.0
2067129,0.0
2067592,0.0
2067627,1.0
2067767,1.0
2068577,1.0
2069238,0.0
2069785,1.0
2069856,0.0
2070602,0.0
2070849,0.0
2070887,0.0
2071607,1.0
2071778,1.0
2072404,0.0
2072421,0.0
2073153,0.0
2073340,0.0
2073537,0.0
2073553,1.0
2073653,0.0
2073928,0.0
2074065,1.0
2074176,1.0
2074643,1.0
2074697,1.0
2074850,0.0
2074872,1.0
2075109,1.0
2075239,1.0
2075310,0.0
2075336,1.0
2075816,1.0
2076192,1.0
2076427,0.0
2076616,1.0
2077010,0.0
2077033,1.0
2077954,1.0
2078416,1.0
2078653,1.0
2079106,1.0
2079173,1.0
2079253,1.0
2079292,1.0
2079320,1.0
2080019,1.0
2080023,1.0
2080985,1.0
2081125,1.0
2081468,1.0
2081532,1.0
2081628,0.0
2082149,1.0
2082542,1.0
2082844,1.0
2083002,1.0
2083143,1.0
2083728,1.0
2084272,1.0
2084563,1.0
2085659,1.0
2087447,1.0
2088221,1.0
