date,DGS2,DGS10,T10Y2Y
2010-01-04,1.09,3.85,2.76
2010-01-05,1.01,3.77,2.76
2010-01-06,1.01,3.85,2.84
2010-01-07,1.03,3.85,2.82
2010-01-08,0.96,3.83,2.87
2010-01-11,0.95,3.85,2.9
2010-01-12,0.92,3.74,2.82
2010-01-13,0.97,3.8,2.83
2010-01-14,0.94,3.76,2.82
2010-01-15,0.89,3.7,2.81
2010-01-18,,,
2010-01-19,0.93,3.73,2.8
2010-01-20,0.92,3.68,2.76
2010-01-21,0.87,3.62,2.75
2010-01-22,0.84,3.62,2.78
2010-01-25,0.86,3.66,2.8
2010-01-26,0.87,3.65,2.78
2010-01-27,0.9,3.66,2.76
2010-01-28,0.87,3.68,2.81
2010-01-29,0.82,3.63,2.81
2010-02-01,0.86,3.68,2.82
2010-02-02,0.86,3.67,2.81
2010-02-03,0.88,3.73,2.85
2010-02-04,0.8,3.62,2.82
2010-02-05,0.77,3.59,2.82
2010-02-08,0.79,3.62,2.83
2010-02-09,0.84,3.67,2.83
2010-02-10,0.91,3.72,2.81
2010-02-11,0.91,3.73,2.82
2010-02-12,0.84,3.69,2.85
2010-02-15,,,
2010-02-16,0.82,3.66,2.84
2010-02-17,0.87,3.74,2.87
2010-02-18,0.9,3.79,2.89
2010-02-19,0.95,3.78,2.83
2010-02-22,0.91,3.8,2.89
2010-02-23,0.87,3.69,2.82
2010-02-24,0.87,3.7,2.83
2010-02-25,0.82,3.64,2.82
2010-02-26,0.81,3.61,2.8
2010-03-01,0.8,3.61,2.81
2010-03-02,0.8,3.62,2.82
2010-03-03,0.82,3.63,2.81
2010-03-04,0.86,3.61,2.75
2010-03-05,0.91,3.69,2.78
2010-03-08,0.9,3.72,2.82
2010-03-09,0.89,3.71,2.82
2010-03-10,0.92,3.73,2.81
2010-03-11,0.97,3.73,2.76
2010-03-12,0.97,3.71,2.74
2010-03-15,0.96,3.71,2.75
2010-03-16,0.93,3.66,2.73
2010-03-17,0.95,3.65,2.7
2010-03-18,0.98,3.68,2.7
2010-03-19,1.02,3.7,2.68
2010-03-22,1.01,3.67,2.66
2010-03-23,1.02,3.69,2.67
2010-03-24,1.08,3.84,2.76
2010-03-25,1.1,3.91,2.81
2010-03-26,1.04,3.86,2.82
2010-03-29,1.04,3.88,2.84
2010-03-30,1.06,3.88,2.82
2010-03-31,1.02,3.84,2.82
2010-04-01,1.05,3.89,2.84
2010-04-02,1.11,3.96,2.85
2010-04-05,1.18,4.01,2.83
2010-04-06,1.14,3.98,2.84
2010-04-07,1.06,3.89,2.83
2010-04-08,1.09,3.91,2.82
2010-04-09,1.08,3.9,2.82
2010-04-12,1.07,3.87,2.8
2010-04-13,1.07,3.84,2.77
2010-04-14,1.07,3.88,2.81
2010-04-15,1.04,3.86,2.82
2010-04-16,0.98,3.79,2.81
2010-04-19,1.01,3.83,2.82
2010-04-20,1.05,3.82,2.77
2010-04-21,1.03,3.77,2.74
2010-04-22,1.07,3.8,2.73
2010-04-23,1.1,3.84,2.74
2010-04-26,1.09,3.83,2.74
2010-04-27,1.03,3.71,2.68
2010-04-28,1.03,3.8,2.77
2010-04-29,1.01,3.76,2.75
2010-04-30,0.97,3.69,2.72
2010-05-03,1.0,3.72,2.72
2010-05-04,0.96,3.63,2.67
2010-05-05,0.88,3.58,2.7
2010-05-06,0.75,3.41,2.66
2010-05-07,0.83,3.45,2.62
2010-05-10,0.87,3.57,2.7
2010-05-11,0.85,3.56,2.71
2010-05-12,0.89,3.56,2.67
2010-05-13,0.87,3.55,2.68
2010-05-14,0.79,3.44,2.65
2010-05-17,0.81,3.47,2.66
2010-05-18,0.76,3.38,2.62
2010-05-19,0.8,3.36,2.56
2010-05-20,0.76,3.25,2.49
2010-05-21,0.76,3.2,2.44
2010-05-24,0.77,3.23,2.46
2010-05-25,0.81,3.18,2.37
2010-05-26,0.82,3.21,2.39
2010-05-27,0.87,3.34,2.47
2010-05-28,0.76,3.31,2.55
2010-05-31,,,
2010-06-01,0.78,3.29,2.51
2010-06-02,0.82,3.35,2.53
2010-06-03,0.82,3.39,2.57
2010-06-04,0.72,3.2,2.48
2010-06-07,0.74,3.17,2.43
2010-06-08,0.74,3.18,2.44
2010-06-09,0.74,3.2,2.46
2010-06-10,0.79,3.33,2.54
2010-06-11,0.75,3.24,2.49
2010-06-14,0.77,3.28,2.51
2010-06-15,0.79,3.32,2.53
2010-06-16,0.75,3.27,2.52
2010-06-17,0.72,3.21,2.49
2010-06-18,0.74,3.24,2.5
2010-06-21,0.74,3.26,2.52
2010-06-22,0.71,3.18,2.47
2010-06-23,0.66,3.13,2.47
2010-06-24,0.67,3.14,2.47
2010-06-25,0.65,3.12,2.47
2010-06-28,0.62,3.05,2.43
2010-06-29,0.61,2.97,2.36
2010-06-30,0.61,2.97,2.36
2010-07-01,0.63,2.96,2.33
2010-07-02,0.63,3.0,2.37
2010-07-05,,,
2010-07-06,0.62,2.95,2.33
2010-07-07,0.63,3.0,2.37
2010-07-08,0.63,3.04,2.41
2010-07-09,0.63,3.07,2.44
2010-07-12,0.65,3.08,2.43
2010-07-13,0.67,3.15,2.48
2010-07-14,0.62,3.07,2.45
2010-07-15,0.61,3.0,2.39
2010-07-16,0.61,2.96,2.35
2010-07-19,0.61,2.99,2.38
2010-07-20,0.61,2.98,2.37
2010-07-21,0.58,2.9,2.32
2010-07-22,0.6,2.96,2.36
2010-07-23,0.6,3.02,2.42
2010-07-26,0.62,3.03,2.41
2010-07-27,0.65,3.08,2.43
2010-07-28,0.61,3.03,2.42
2010-07-29,0.59,3.03,2.44
2010-07-30,0.55,2.94,2.39
2010-08-02,0.56,2.99,2.43
2010-08-03,0.53,2.94,2.41
2010-08-04,0.56,2.98,2.42
2010-08-05,0.53,2.94,2.41
2010-08-06,0.5,2.86,2.36
2010-08-09,0.54,2.86,2.32
2010-08-10,0.52,2.79,2.27
2010-08-11,0.54,2.72,2.18
2010-08-12,0.55,2.74,2.19
2010-08-13,0.54,2.68,2.14
2010-08-16,0.51,2.58,2.07
2010-08-17,0.52,2.64,2.12
2010-08-18,0.51,2.64,2.13
2010-08-19,0.49,2.58,2.09
2010-08-20,0.49,2.62,2.13
2010-08-23,0.49,2.6,2.11
2010-08-24,0.5,2.5,2.0
2010-08-25,0.53,2.54,2.01
2010-08-26,0.51,2.5,1.99
2010-08-27,0.56,2.66,2.1
2010-08-30,0.5,2.54,2.04
2010-08-31,0.47,2.47,2.0
2010-09-01,0.5,2.58,2.08
2010-09-02,0.5,2.63,2.13
2010-09-03,0.52,2.72,2.2
2010-09-06,,,
2010-09-07,0.49,2.61,2.12
2010-09-08,0.52,2.66,2.14
2010-09-09,0.57,2.77,2.2
2010-09-10,0.58,2.81,2.23
2010-09-13,0.53,2.74,2.21
2010-09-14,0.5,2.68,2.18
2010-09-15,0.5,2.74,2.24
2010-09-16,0.48,2.77,2.29
2010-09-17,0.48,2.75,2.27
2010-09-20,0.47,2.72,2.25
2010-09-21,0.43,2.61,2.18
2010-09-22,0.44,2.56,2.12
2010-09-23,0.45,2.56,2.11
2010-09-24,0.45,2.62,2.17
2010-09-27,0.44,2.54,2.1
2010-09-28,0.37,2.48,2.11
2010-09-29,0.44,2.52,2.08
2010-09-30,0.42,2.53,2.11
2010-10-01,0.42,2.54,2.12
2010-10-04,0.41,2.5,2.09
2010-10-05,0.41,2.5,2.09
2010-10-06,0.38,2.41,2.03
2010-10-07,0.36,2.41,2.05
2010-10-08,0.35,2.41,2.06
2010-10-11,,,
2010-10-12,0.37,2.44,2.07
2010-10-13,0.37,2.46,2.09
2010-10-14,0.38,2.52,2.14
2010-10-15,0.37,2.59,2.22
2010-10-18,0.38,2.52,2.14
2010-10-19,0.37,2.5,2.13
2010-10-20,0.35,2.51,2.16
2010-10-21,0.37,2.57,2.2
2010-10-22,0.35,2.59,2.24
2010-10-25,0.37,2.59,2.22
2010-10-26,0.4,2.67,2.27
2010-10-27,0.4,2.75,2.35
2010-10-28,0.37,2.69,2.32
2010-10-29,0.34,2.63,2.29
2010-11-01,0.34,2.66,2.32
2010-11-02,0.34,2.63,2.29
2010-11-03,0.34,2.67,2.33
2010-11-04,0.33,2.53,2.2
2010-11-05,0.38,2.58,2.2
2010-11-08,0.41,2.6,2.19
2010-11-09,0.46,2.72,2.26
2010-11-10,0.44,2.65,2.21
2010-11-11,,,
2010-11-12,0.51,2.76,2.25
2010-11-15,0.53,2.92,2.39
2010-11-16,0.51,2.85,2.34
2010-11-17,0.5,2.89,2.39
2010-11-18,0.52,2.9,2.38
2010-11-19,0.52,2.88,2.36
2010-11-22,0.49,2.8,2.31
2010-11-23,0.45,2.77,2.32
2010-11-24,0.53,2.93,2.4
2010-11-25,,,
2010-11-26,0.51,2.87,2.36
2010-11-29,0.52,2.84,2.32
2010-11-30,0.45,2.81,2.36
2010-12-01,0.53,2.97,2.44
2010-12-02,0.55,3.01,2.46
2010-12-03,0.49,3.03,2.54
2010-12-06,0.42,2.95,2.53
2010-12-07,0.54,3.15,2.61
2010-12-08,0.63,3.26,2.63
2010-12-09,0.64,3.23,2.59
2010-12-10,0.64,3.32,2.68
2010-12-13,0.61,3.29,2.68
2010-12-14,0.66,3.49,2.83
2010-12-15,0.68,3.53,2.85
2010-12-16,0.66,3.47,2.81
2010-12-17,0.61,3.33,2.72
2010-12-20,0.62,3.36,2.74
2010-12-21,0.63,3.35,2.72
2010-12-22,0.65,3.36,2.71
2010-12-23,0.67,3.41,2.74
2010-12-24,,,
2010-12-27,0.71,3.36,2.65
2010-12-28,0.75,3.5,2.75
2010-12-29,0.64,3.35,2.71
2010-12-30,0.66,3.38,2.72
2010-12-31,0.61,3.3,2.69
2011-01-03,0.61,3.36,2.75
2011-01-04,0.63,3.36,2.73
2011-01-05,0.71,3.5,2.79
2011-01-06,0.68,3.44,2.76
2011-01-07,0.6,3.34,2.74
2011-01-10,0.59,3.32,2.73
2011-01-11,0.6,3.37,2.77
2011-01-12,0.61,3.4,2.79
2011-01-13,0.59,3.34,2.75
2011-01-14,0.59,3.35,2.76
2011-01-17,,,
2011-01-18,0.6,3.39,2.79
2011-01-19,0.6,3.37,2.77
2011-01-20,0.65,3.47,2.82
2011-01-21,0.63,3.44,2.81
2011-01-24,0.65,3.43,2.78
2011-01-25,0.62,3.35,2.73
2011-01-26,0.62,3.45,2.83
2011-01-27,0.59,3.42,2.83
2011-01-28,0.54,3.36,2.82
2011-01-31,0.58,3.42,2.84
2011-02-01,0.61,3.48,2.87
2011-02-02,0.67,3.52,2.85
2011-02-03,0.71,3.58,2.87
2011-02-04,0.77,3.68,2.91
2011-02-07,0.78,3.68,2.9
2011-02-08,0.86,3.75,2.89
2011-02-09,0.81,3.65,2.84
2011-02-10,0.85,3.7,2.85
2011-02-11,0.85,3.64,2.79
2011-02-14,0.87,3.62,2.75
2011-02-15,0.84,3.61,2.77
2011-02-16,0.86,3.62,2.76
2011-02-17,0.8,3.58,2.78
2011-02-18,0.78,3.59,2.81
2011-02-21,,,
2011-02-22,0.74,3.46,2.72
2011-02-23,0.74,3.49,2.75
2011-02-24,0.73,3.46,2.73
2011-02-25,0.72,3.42,2.7
2011-02-28,0.69,3.42,2.73
2011-03-01,0.66,3.41,2.75
2011-03-02,0.69,3.46,2.77
2011-03-03,0.79,3.58,2.79
2011-03-04,0.68,3.49,2.81
2011-03-07,0.7,3.51,2.81
2011-03-08,0.73,3.56,2.83
2011-03-09,0.7,3.48,2.78
2011-03-10,0.65,3.37,2.72
2011-03-11,0.64,3.4,2.76
2011-03-14,0.61,3.36,2.75
2011-03-15,0.63,3.33,2.7
2011-03-16,0.58,3.22,2.64
2011-03-17,0.6,3.25,2.65
2011-03-18,0.61,3.28,2.67
2011-03-21,0.67,3.34,2.67
2011-03-22,0.68,3.34,2.66
2011-03-23,0.69,3.36,2.67
2011-03-24,0.72,3.42,2.7
2011-03-25,0.79,3.46,2.67
2011-03-28,0.81,3.47,2.66
2011-03-29,0.81,3.5,2.69
2011-03-30,0.8,3.47,2.67
2011-03-31,0.8,3.47,2.67
2011-04-01,0.8,3.46,2.66
2011-04-04,0.77,3.45,2.68
2011-04-05,0.84,3.5,2.66
2011-04-06,0.85,3.56,2.71
2011-04-07,0.81,3.58,2.77
2011-04-08,0.83,3.59,2.76
2011-04-11,0.85,3.59,2.74
2011-04-12,0.77,3.52,2.75
2011-04-13,0.75,3.49,2.74
2011-04-14,0.77,3.51,2.74
2011-04-15,0.71,3.43,2.72
2011-04-18,0.69,3.4,2.71
2011-04-19,0.68,3.39,2.71
2011-04-20,0.69,3.43,2.74
2011-04-21,0.68,3.42,2.74
2011-04-22,,,
2011-04-25,0.67,3.39,2.72
2011-04-26,0.65,3.34,2.69
2011-04-27,0.65,3.39,2.74
2011-04-28,0.62,3.34,2.72
2011-04-29,0.61,3.32,2.71
2011-05-02,0.61,3.31,2.7
2011-05-03,0.61,3.28,2.67
2011-05-04,0.6,3.25,2.65
2011-05-05,0.58,3.18,2.6
2011-05-06,0.57,3.19,2.62
2011-05-09,0.57,3.17,2.6
2011-05-10,0.59,3.23,2.64
2011-05-11,0.56,3.19,2.63
2011-05-12,0.57,3.22,2.65
2011-05-13,0.57,3.18,2.61
2011-05-16,0.54,3.15,2.61
2011-05-17,0.55,3.12,2.57
2011-05-18,0.58,3.18,2.6
2011-05-19,0.55,3.17,2.62
2011-05-20,0.55,3.15,2.6
2011-05-23,0.55,3.13,2.58
2011-05-24,0.56,3.12,2.56
2011-05-25,0.54,3.13,2.59
2011-05-26,0.48,3.07,2.59
2011-05-27,0.48,3.07,2.59
2011-05-30,,,
2011-05-31,0.45,3.05,2.6
2011-06-01,0.44,2.96,2.52
2011-06-02,0.45,3.04,2.59
2011-06-03,0.42,2.99,2.57
2011-06-06,0.43,3.01,2.58
2011-06-07,0.39,3.01,2.62
2011-06-08,0.39,2.98,2.59
2011-06-09,0.43,3.01,2.58
2011-06-10,0.41,2.99,2.58
2011-06-13,0.4,3.0,2.6
2011-06-14,0.45,3.11,2.66
2011-06-15,0.38,2.98,2.6
2011-06-16,0.38,2.93,2.55
2011-06-17,0.38,2.94,2.56
2011-06-20,0.38,2.97,2.59
2011-06-21,0.4,2.99,2.59
2011-06-22,0.39,3.01,2.62
2011-06-23,0.35,2.93,2.58
2011-06-24,0.35,2.88,2.53
2011-06-27,0.41,2.95,2.54
2011-06-28,0.48,3.05,2.57
2011-06-29,0.47,3.14,2.67
2011-06-30,0.45,3.18,2.73
2011-07-01,0.5,3.22,2.72
2011-07-04,,,
2011-07-05,0.44,3.16,2.72
2011-07-06,0.43,3.12,2.69
2011-07-07,0.49,3.17,2.68
2011-07-08,0.4,3.03,2.63
2011-07-11,0.37,2.94,2.57
2011-07-12,0.37,2.92,2.55
2011-07-13,0.37,2.92,2.55
2011-07-14,0.38,2.98,2.6
2011-07-15,0.37,2.94,2.57
2011-07-18,0.37,2.94,2.57
2011-07-19,0.39,2.91,2.52
2011-07-20,0.4,2.96,2.56
2011-07-21,0.4,3.03,2.63
2011-07-22,0.4,2.99,2.59
2011-07-25,0.42,3.03,2.61
2011-07-26,0.41,2.99,2.58
2011-07-27,0.44,3.01,2.57
2011-07-28,0.42,2.98,2.56
2011-07-29,0.36,2.82,2.46
2011-08-01,0.38,2.77,2.39
2011-08-02,0.33,2.66,2.33
2011-08-03,0.33,2.64,2.31
2011-08-04,0.27,2.47,2.2
2011-08-05,0.28,2.58,2.3
2011-08-08,0.27,2.4,2.13
2011-08-09,0.19,2.2,2.01
2011-08-10,0.19,2.17,1.98
2011-08-11,0.19,2.34,2.15
2011-08-12,0.2,2.24,2.04
2011-08-15,0.19,2.29,2.1
2011-08-16,0.2,2.23,2.03
2011-08-17,0.19,2.17,1.98
2011-08-18,0.2,2.08,1.88
2011-08-19,0.2,2.07,1.87
2011-08-22,0.22,2.1,1.88
2011-08-23,0.22,2.15,1.93
2011-08-24,0.23,2.29,2.06
2011-08-25,0.22,2.23,2.01
2011-08-26,0.2,2.19,1.99
2011-08-29,0.2,2.28,2.08
2011-08-30,0.2,2.19,1.99
2011-08-31,0.2,2.23,2.03
2011-09-01,0.19,2.15,1.96
2011-09-02,0.2,2.02,1.82
2011-09-05,,,
2011-09-06,0.21,1.98,1.77
2011-09-07,0.21,2.05,1.84
2011-09-08,0.19,2.0,1.81
2011-09-09,0.17,1.93,1.76
2011-09-12,0.21,1.94,1.73
2011-09-13,0.21,2.0,1.79
2011-09-14,0.19,2.03,1.84
2011-09-15,0.21,2.09,1.88
2011-09-16,0.18,2.08,1.9
2011-09-19,0.16,1.97,1.81
2011-09-20,0.18,1.95,1.77
2011-09-21,0.21,1.88,1.67
2011-09-22,0.2,1.72,1.52
2011-09-23,0.23,1.84,1.61
2011-09-26,0.25,1.91,1.66
2011-09-27,0.25,2.0,1.75
2011-09-28,0.27,2.03,1.76
2011-09-29,0.27,1.99,1.72
2011-09-30,0.25,1.92,1.67
2011-10-03,0.24,1.8,1.56
2011-10-04,0.25,1.81,1.56
2011-10-05,0.25,1.92,1.67
2011-10-06,0.29,2.01,1.72
2011-10-07,0.3,2.1,1.8
2011-10-10,,,
2011-10-11,0.32,2.18,1.86
2011-10-12,0.29,2.24,1.95
2011-10-13,0.29,2.19,1.9
2011-10-14,0.28,2.26,1.98
2011-10-17,0.28,2.18,1.9
2011-10-18,0.28,2.19,1.91
2011-10-19,0.28,2.18,1.9
2011-10-20,0.28,2.2,1.92
2011-10-21,0.3,2.23,1.93
2011-10-24,0.3,2.25,1.95
2011-10-25,0.26,2.14,1.88
2011-10-26,0.28,2.23,1.95
2011-10-27,0.31,2.42,2.11
2011-10-28,0.28,2.34,2.06
2011-10-31,0.25,2.17,1.92
2011-11-01,0.23,2.01,1.78
2011-11-02,0.23,2.03,1.8
2011-11-03,0.24,2.09,1.85
2011-11-04,0.22,2.06,1.84
2011-11-07,0.25,2.04,1.79
2011-11-08,0.25,2.1,1.85
2011-11-09,0.24,2.0,1.76
2011-11-10,0.24,2.04,1.8
2011-11-11,,,
2011-11-14,0.24,2.04,1.8
2011-11-15,0.26,2.06,1.8
2011-11-16,0.26,2.01,1.75
2011-11-17,0.27,1.96,1.69
2011-11-18,0.29,2.01,1.72
2011-11-21,0.27,1.97,1.7
2011-11-22,0.26,1.94,1.68
2011-11-23,0.26,1.89,1.63
2011-11-24,,,
2011-11-25,0.28,1.97,1.69
2011-11-28,0.26,1.97,1.71
2011-11-29,0.27,2.0,1.73
2011-11-30,0.25,2.08,1.83
2011-12-01,0.27,2.11,1.84
2011-12-02,0.25,2.05,1.8
2011-12-05,0.27,2.04,1.77
2011-12-06,0.25,2.08,1.83
2011-12-07,0.24,2.02,1.78
2011-12-08,0.22,1.99,1.77
2011-12-09,0.22,2.07,1.85
2011-12-12,0.24,2.03,1.79
2011-12-13,0.24,1.96,1.72
2011-12-14,0.25,1.92,1.67
2011-12-15,0.26,1.92,1.66
2011-12-16,0.24,1.86,1.62
2011-12-19,0.24,1.82,1.58
2011-12-20,0.26,1.94,1.68
2011-12-21,0.28,1.98,1.7
2011-12-22,0.28,1.97,1.69
2011-12-23,0.28,2.03,1.75
2011-12-26,,,
2011-12-27,0.3,2.02,1.72
2011-12-28,0.28,1.93,1.65
2011-12-29,0.28,1.91,1.63
2011-12-30,0.25,1.89,1.64
2012-01-02,,,
2012-01-03,0.27,1.97,1.7
2012-01-04,0.25,2.0,1.75
2012-01-05,0.27,2.02,1.75
2012-01-06,0.25,1.98,1.73
2012-01-09,0.26,1.98,1.72
2012-01-10,0.24,2.0,1.76
2012-01-11,0.24,1.93,1.69
2012-01-12,0.22,1.94,1.72
2012-01-13,0.24,1.89,1.65
2012-01-16,,,
2012-01-17,0.21,1.87,1.66
2012-01-18,0.24,1.92,1.68
2012-01-19,0.26,2.01,1.75
2012-01-20,0.26,2.05,1.79
2012-01-23,0.26,2.09,1.83
2012-01-24,0.24,2.08,1.84
2012-01-25,0.22,2.01,1.79
2012-01-26,0.22,1.96,1.74
2012-01-27,0.22,1.93,1.71
2012-01-30,0.22,1.87,1.65
2012-01-31,0.22,1.83,1.61
2012-02-01,0.23,1.87,1.64
2012-02-02,0.23,1.86,1.63
2012-02-03,0.23,1.97,1.74
2012-02-06,0.24,1.93,1.69
2012-02-07,0.25,2.0,1.75
2012-02-08,0.27,2.01,1.74
2012-02-09,0.27,2.04,1.77
2012-02-10,0.27,1.96,1.69
2012-02-13,0.29,1.99,1.7
2012-02-14,0.29,1.92,1.63
2012-02-15,0.29,1.93,1.64
2012-02-16,0.29,1.99,1.7
2012-02-17,0.29,2.01,1.72
2012-02-20,,,
2012-02-21,0.31,2.05,1.74
2012-02-22,0.29,2.01,1.72
2012-02-23,0.31,1.99,1.68
2012-02-24,0.31,1.98,1.67
2012-02-27,0.3,1.92,1.62
2012-02-28,0.3,1.94,1.64
2012-02-29,0.3,1.98,1.68
2012-03-01,0.3,2.03,1.73
2012-03-02,0.28,1.99,1.71
2012-03-05,0.31,2.0,1.69
2012-03-06,0.3,1.96,1.66
2012-03-07,0.3,1.98,1.68
2012-03-08,0.32,2.03,1.71
2012-03-09,0.33,2.04,1.71
2012-03-12,0.33,2.04,1.71
2012-03-13,0.35,2.14,1.79
2012-03-14,0.4,2.29,1.89
2012-03-15,0.37,2.29,1.92
2012-03-16,0.37,2.31,1.94
2012-03-19,0.39,2.39,2.0
2012-03-20,0.41,2.38,1.97
2012-03-21,0.39,2.31,1.92
2012-03-22,0.37,2.29,1.92
2012-03-23,0.37,2.25,1.88
2012-03-26,0.36,2.26,1.9
2012-03-27,0.33,2.2,1.87
2012-03-28,0.34,2.21,1.87
2012-03-29,0.33,2.18,1.85
2012-03-30,0.33,2.23,1.9
2012-04-02,0.33,2.22,1.89
2012-04-03,0.36,2.3,1.94
2012-04-04,0.35,2.25,1.9
2012-04-05,0.35,2.19,1.84
2012-04-06,0.32,2.07,1.75
2012-04-09,0.32,2.06,1.74
2012-04-10,0.28,2.01,1.73
2012-04-11,0.3,2.05,1.75
2012-04-12,0.29,2.08,1.79
2012-04-13,0.27,2.02,1.75
2012-04-16,0.27,2.0,1.73
2012-04-17,0.27,2.03,1.76
2012-04-18,0.27,2.0,1.73
2012-04-19,0.27,1.98,1.71
2012-04-20,0.29,1.99,1.7
2012-04-23,0.27,1.96,1.69
2012-04-24,0.27,2.0,1.73
2012-04-25,0.26,2.01,1.75
2012-04-26,0.26,1.98,1.72
2012-04-27,0.26,1.96,1.7
2012-04-30,0.27,1.95,1.68
2012-05-01,0.27,1.98,1.71
2012-05-02,0.27,1.96,1.69
2012-05-03,0.28,1.96,1.68
2012-05-04,0.27,1.91,1.64
2012-05-07,0.27,1.92,1.65
2012-05-08,0.27,1.88,1.61
2012-05-09,0.27,1.87,1.6
2012-05-10,0.27,1.89,1.62
2012-05-11,0.27,1.84,1.57
2012-05-14,0.29,1.78,1.49
2012-05-15,0.29,1.76,1.47
2012-05-16,0.3,1.76,1.46
2012-05-17,0.32,1.7,1.38
2012-05-18,0.32,1.71,1.39
2012-05-21,0.3,1.75,1.45
2012-05-22,0.3,1.79,1.49
2012-05-23,0.28,1.73,1.45
2012-05-24,0.29,1.77,1.48
2012-05-25,0.3,1.75,1.45
2012-05-28,,,
2012-05-29,0.3,1.74,1.44
2012-05-30,0.27,1.63,1.36
2012-05-31,0.27,1.59,1.32
2012-06-01,0.25,1.47,1.22
2012-06-04,0.25,1.53,1.28
2012-06-05,0.25,1.57,1.32
2012-06-06,0.26,1.66,1.4
2012-06-07,0.27,1.66,1.39
2012-06-08,0.28,1.65,1.37
2012-06-11,0.27,1.6,1.33
2012-06-12,0.3,1.67,1.37
2012-06-13,0.3,1.61,1.31
2012-06-14,0.3,1.64,1.34
2012-06-15,0.29,1.6,1.31
2012-06-18,0.29,1.59,1.3
2012-06-19,0.3,1.64,1.34
2012-06-20,0.32,1.65,1.33
2012-06-21,0.32,1.63,1.31
2012-06-22,0.31,1.69,1.38
2012-06-25,0.31,1.63,1.32
2012-06-26,0.31,1.66,1.35
2012-06-27,0.31,1.65,1.34
2012-06-28,0.31,1.6,1.29
2012-06-29,0.33,1.67,1.34
2012-07-02,0.3,1.61,1.31
2012-07-03,0.3,1.65,1.35
2012-07-04,,,
2012-07-05,0.28,1.62,1.34
2012-07-06,0.27,1.57,1.3
2012-07-09,0.27,1.53,1.26
2012-07-10,0.27,1.53,1.26
2012-07-11,0.27,1.54,1.27
2012-07-12,0.25,1.5,1.25
2012-07-13,0.25,1.52,1.27
2012-07-16,0.24,1.5,1.26
2012-07-17,0.25,1.53,1.28
2012-07-18,0.22,1.52,1.3
2012-07-19,0.22,1.54,1.32
2012-07-20,0.22,1.49,1.27
2012-07-23,0.22,1.47,1.25
2012-07-24,0.22,1.44,1.22
2012-07-25,0.22,1.43,1.21
2012-07-26,0.23,1.45,1.22
2012-07-27,0.25,1.58,1.33
2012-07-30,0.23,1.53,1.3
2012-07-31,0.23,1.51,1.28
2012-08-01,0.24,1.56,1.32
2012-08-02,0.24,1.51,1.27
2012-08-03,0.24,1.6,1.36
2012-08-06,0.24,1.59,1.35
2012-08-07,0.27,1.66,1.39
2012-08-08,0.29,1.68,1.39
2012-08-09,0.29,1.69,1.4
2012-08-10,0.27,1.65,1.38
2012-08-13,0.27,1.65,1.38
2012-08-14,0.27,1.73,1.46
2012-08-15,0.27,1.8,1.53
2012-08-16,0.29,1.83,1.54
2012-08-17,0.29,1.81,1.52
2012-08-20,0.29,1.82,1.53
2012-08-21,0.31,1.8,1.49
2012-08-22,0.26,1.71,1.45
2012-08-23,0.26,1.68,1.42
2012-08-24,0.28,1.68,1.4
2012-08-27,0.28,1.65,1.37
2012-08-28,0.27,1.64,1.37
2012-08-29,0.27,1.66,1.39
2012-08-30,0.27,1.63,1.36
2012-08-31,0.22,1.57,1.35
2012-09-03,,,
2012-09-04,0.23,1.59,1.36
2012-09-05,0.25,1.6,1.35
2012-09-06,0.27,1.68,1.41
2012-09-07,0.25,1.67,1.42
2012-09-10,0.25,1.68,1.43
2012-09-11,0.25,1.7,1.45
2012-09-12,0.25,1.77,1.52
2012-09-13,0.24,1.75,1.51
2012-09-14,0.27,1.88,1.61
2012-09-17,0.25,1.85,1.6
2012-09-18,0.25,1.82,1.57
2012-09-19,0.27,1.79,1.52
2012-09-20,0.27,1.8,1.53
2012-09-21,0.27,1.77,1.5
2012-09-24,0.27,1.74,1.47
2012-09-25,0.27,1.7,1.43
2012-09-26,0.26,1.64,1.38
2012-09-27,0.25,1.66,1.41
2012-09-28,0.23,1.65,1.42
2012-10-01,0.25,1.64,1.39
2012-10-02,0.23,1.64,1.41
2012-10-03,0.23,1.64,1.41
2012-10-04,0.23,1.7,1.47
2012-10-05,0.27,1.75,1.48
2012-10-08,,,
2012-10-09,0.25,1.74,1.49
2012-10-10,0.27,1.72,1.45
2012-10-11,0.28,1.7,1.42
2012-10-12,0.27,1.69,1.42
2012-10-15,0.27,1.7,1.43
2012-10-16,0.27,1.75,1.48
2012-10-17,0.3,1.83,1.53
2012-10-18,0.29,1.86,1.57
2012-10-19,0.3,1.79,1.49
2012-10-22,0.32,1.83,1.51
2012-10-23,0.29,1.79,1.5
2012-10-24,0.29,1.8,1.51
2012-10-25,0.31,1.86,1.55
2012-10-26,0.3,1.78,1.48
2012-10-29,0.3,1.74,1.44
2012-10-30,,,
2012-10-31,0.3,1.72,1.42
2012-11-01,0.3,1.75,1.45
2012-11-02,0.28,1.75,1.47
2012-11-05,0.28,1.72,1.44
2012-11-06,0.3,1.78,1.48
2012-11-07,0.27,1.68,1.41
2012-11-08,0.27,1.62,1.35
2012-11-09,0.27,1.61,1.34
2012-11-12,,,
2012-11-13,0.27,1.59,1.32
2012-11-14,0.25,1.59,1.34
2012-11-15,0.24,1.58,1.34
2012-11-16,0.24,1.58,1.34
2012-11-19,0.25,1.61,1.36
2012-11-20,0.27,1.66,1.39
2012-11-21,0.27,1.69,1.42
2012-11-22,,,
2012-11-23,0.29,1.7,1.41
2012-11-26,0.27,1.66,1.39
2012-11-27,0.27,1.64,1.37
2012-11-28,0.27,1.63,1.36
2012-11-29,0.25,1.62,1.37
2012-11-30,0.25,1.62,1.37
2012-12-03,0.25,1.63,1.38
2012-12-04,0.25,1.62,1.37
2012-12-05,0.25,1.6,1.35
2012-12-06,0.25,1.59,1.34
2012-12-07,0.25,1.64,1.39
2012-12-10,0.24,1.63,1.39
2012-12-11,0.24,1.66,1.42
2012-12-12,0.25,1.72,1.47
2012-12-13,0.27,1.74,1.47
2012-12-14,0.24,1.72,1.48
2012-12-17,0.25,1.78,1.53
2012-12-18,0.28,1.84,1.56
2012-12-19,0.28,1.82,1.54
2012-12-20,0.28,1.81,1.53
2012-12-21,0.26,1.77,1.51
2012-12-24,0.26,1.79,1.53
2012-12-25,,,
2012-12-26,0.26,1.77,1.51
2012-12-27,0.26,1.74,1.48
2012-12-28,0.27,1.73,1.46
2012-12-31,0.25,1.78,1.53
2013-01-01,,,
2013-01-02,0.27,1.86,1.59
2013-01-03,0.27,1.92,1.65
2013-01-04,0.27,1.93,1.66
2013-01-07,0.27,1.92,1.65
2013-01-08,0.25,1.89,1.64
2013-01-09,0.24,1.88,1.64
2013-01-10,0.26,1.91,1.65
2013-01-11,0.26,1.89,1.63
2013-01-14,0.26,1.89,1.63
2013-01-15,0.26,1.86,1.6
2013-01-16,0.26,1.84,1.58
2013-01-17,0.28,1.89,1.61
2013-01-18,0.26,1.87,1.61
2013-01-21,,,
2013-01-22,0.26,1.86,1.6
2013-01-23,0.26,1.86,1.6
2013-01-24,0.23,1.88,1.65
2013-01-25,0.28,1.98,1.7
2013-01-28,0.29,2.0,1.71
2013-01-29,0.3,2.03,1.73
2013-01-30,0.27,2.03,1.76
2013-01-31,0.27,2.02,1.75
2013-02-01,0.27,2.04,1.77
2013-02-04,0.25,2.0,1.75
2013-02-05,0.27,2.04,1.77
2013-02-06,0.27,2.0,1.73
2013-02-07,0.25,1.99,1.74
2013-02-08,0.25,1.99,1.74
2013-02-11,0.27,1.99,1.72
2013-02-12,0.29,2.02,1.73
2013-02-13,0.29,2.05,1.76
2013-02-14,0.27,2.0,1.73
2013-02-15,0.29,2.01,1.72
2013-02-18,,,
2013-02-19,0.29,2.03,1.74
2013-02-20,0.27,2.02,1.75
2013-02-21,0.26,1.99,1.73
2013-02-22,0.27,1.97,1.7
2013-02-25,0.25,1.88,1.63
2013-02-26,0.25,1.88,1.63
2013-02-27,0.27,1.91,1.64
2013-02-28,0.25,1.89,1.64
2013-03-01,0.25,1.86,1.61
2013-03-04,0.24,1.88,1.64
2013-03-05,0.25,1.9,1.65
2013-03-06,0.25,1.95,1.7
2013-03-07,0.25,2.0,1.75
2013-03-08,0.27,2.06,1.79
2013-03-11,0.27,2.07,1.8
2013-03-12,0.27,2.03,1.76
2013-03-13,0.27,2.04,1.77
2013-03-14,0.27,2.04,1.77
2013-03-15,0.25,2.01,1.76
2013-03-18,0.26,1.96,1.7
2013-03-19,0.24,1.92,1.68
2013-03-20,0.26,1.96,1.7
2013-03-21,0.27,1.95,1.68
2013-03-22,0.26,1.93,1.67
2013-03-25,0.24,1.93,1.69
2013-03-26,0.25,1.92,1.67
2013-03-27,0.25,1.87,1.62
2013-03-28,0.25,1.87,1.62
2013-03-29,,,
2013-04-01,0.23,1.86,1.63
2013-04-02,0.25,1.88,1.63
2013-04-03,0.24,1.83,1.59
2013-04-04,0.22,1.78,1.56
2013-04-05,0.24,1.72,1.48
2013-04-08,0.24,1.76,1.52
2013-04-09,0.24,1.78,1.54
2013-04-10,0.24,1.84,1.6
2013-04-11,0.24,1.82,1.58
2013-04-12,0.22,1.75,1.53
2013-04-15,0.22,1.72,1.5
2013-04-16,0.24,1.75,1.51
2013-04-17,0.24,1.73,1.49
2013-04-18,0.24,1.72,1.48
2013-04-19,0.24,1.73,1.49
2013-04-22,0.24,1.72,1.48
2013-04-23,0.23,1.74,1.51
2013-04-24,0.23,1.73,1.5
2013-04-25,0.23,1.74,1.51
2013-04-26,0.22,1.7,1.48
2013-04-29,0.2,1.7,1.5
2013-04-30,0.22,1.7,1.48
2013-05-01,0.2,1.66,1.46
2013-05-02,0.2,1.66,1.46
2013-05-03,0.22,1.78,1.56
2013-05-06,0.22,1.8,1.58
2013-05-07,0.22,1.82,1.6
2013-05-08,0.22,1.81,1.59
2013-05-09,0.22,1.81,1.59
2013-05-10,0.26,1.9,1.64
2013-05-13,0.24,1.92,1.68
2013-05-14,0.26,1.96,1.7
2013-05-15,0.26,1.94,1.68
2013-05-16,0.23,1.87,1.64
2013-05-17,0.26,1.95,1.69
2013-05-20,0.26,1.97,1.71
2013-05-21,0.26,1.94,1.68
2013-05-22,0.26,2.03,1.77
2013-05-23,0.26,2.02,1.76
2013-05-24,0.26,2.01,1.75
2013-05-27,,,
2013-05-28,0.29,2.15,1.86
2013-05-29,0.3,2.13,1.83
2013-05-30,0.31,2.13,1.82
2013-05-31,0.3,2.16,1.86
2013-06-03,0.3,2.13,1.83
2013-06-04,0.32,2.14,1.82
2013-06-05,0.3,2.1,1.8
2013-06-06,0.3,2.08,1.78
2013-06-07,0.32,2.17,1.85
2013-06-10,0.32,2.22,1.9
2013-06-11,0.34,2.2,1.86
2013-06-12,0.34,2.25,1.91
2013-06-13,0.32,2.19,1.87
2013-06-14,0.29,2.14,1.85
2013-06-17,0.27,2.19,1.92
2013-06-18,0.27,2.2,1.93
2013-06-19,0.31,2.33,2.02
2013-06-20,0.33,2.41,2.08
2013-06-21,0.38,2.52,2.14
2013-06-24,0.42,2.57,2.15
2013-06-25,0.43,2.6,2.17
2013-06-26,0.39,2.55,2.16
2013-06-27,0.36,2.49,2.13
2013-06-28,0.36,2.52,2.16
2013-07-01,0.34,2.5,2.16
2013-07-02,0.34,2.48,2.14
2013-07-03,0.36,2.52,2.16
2013-07-04,,,
2013-07-05,0.4,2.73,2.33
2013-07-08,0.37,2.65,2.28
2013-07-09,0.37,2.65,2.28
2013-07-10,0.38,2.7,2.32
2013-07-11,0.34,2.6,2.26
2013-07-12,0.37,2.61,2.24
2013-07-15,0.34,2.57,2.23
2013-07-16,0.34,2.55,2.21
2013-07-17,0.32,2.52,2.2
2013-07-18,0.32,2.56,2.24
2013-07-19,0.32,2.5,2.18
2013-07-22,0.32,2.5,2.18
2013-07-23,0.33,2.53,2.2
2013-07-24,0.34,2.61,2.27
2013-07-25,0.32,2.61,2.29
2013-07-26,0.31,2.58,2.27
2013-07-29,0.33,2.61,2.28
2013-07-30,0.33,2.63,2.3
2013-07-31,0.31,2.6,2.29
2013-08-01,0.35,2.74,2.39
2013-08-02,0.3,2.63,2.33
2013-08-05,0.32,2.67,2.35
2013-08-06,0.32,2.67,2.35
2013-08-07,0.32,2.61,2.29
2013-08-08,0.3,2.58,2.28
2013-08-09,0.32,2.57,2.25
2013-08-12,0.32,2.61,2.29
2013-08-13,0.34,2.71,2.37
2013-08-14,0.34,2.71,2.37
2013-08-15,0.36,2.77,2.41
2013-08-16,0.36,2.84,2.48
2013-08-19,0.36,2.88,2.52
2013-08-20,0.36,2.82,2.46
2013-08-21,0.38,2.87,2.49
2013-08-22,0.42,2.9,2.48
2013-08-23,0.4,2.82,2.42
2013-08-26,0.41,2.79,2.38
2013-08-27,0.38,2.72,2.34
2013-08-28,0.4,2.78,2.38
2013-08-29,0.39,2.75,2.36
2013-08-30,0.39,2.78,2.39
2013-09-02,,,
2013-09-03,0.43,2.86,2.43
2013-09-04,0.46,2.9,2.44
2013-09-05,0.52,2.98,2.46
2013-09-06,0.46,2.94,2.48
2013-09-09,0.45,2.9,2.45
2013-09-10,0.5,2.96,2.46
2013-09-11,0.47,2.93,2.46
2013-09-12,0.45,2.92,2.47
2013-09-13,0.45,2.9,2.45
2013-09-16,0.41,2.88,2.47
2013-09-17,0.39,2.86,2.47
2013-09-18,0.34,2.69,2.35
2013-09-19,0.34,2.76,2.42
2013-09-20,0.34,2.75,2.41
2013-09-23,0.35,2.72,2.37
2013-09-24,0.35,2.67,2.32
2013-09-25,0.36,2.63,2.27
2013-09-26,0.34,2.66,2.32
2013-09-27,0.34,2.64,2.3
2013-09-30,0.33,2.64,2.31
2013-10-01,0.33,2.66,2.33
2013-10-02,0.31,2.63,2.32
2013-10-03,0.33,2.62,2.29
2013-10-04,0.33,2.66,2.33
2013-10-07,0.37,2.65,2.28
2013-10-08,0.4,2.66,2.26
2013-10-09,0.37,2.68,2.31
2013-10-10,0.35,2.71,2.36
2013-10-11,0.35,2.7,2.35
2013-10-14,,,
2013-10-15,0.37,2.75,2.38
2013-10-16,0.34,2.69,2.35
2013-10-17,0.33,2.61,2.28
2013-10-18,0.33,2.6,2.27
2013-10-21,0.33,2.63,2.3
2013-10-22,0.31,2.54,2.23
2013-10-23,0.31,2.51,2.2
2013-10-24,0.33,2.53,2.2
2013-10-25,0.32,2.53,2.21
2013-10-28,0.32,2.54,2.22
2013-10-29,0.31,2.53,2.22
2013-10-30,0.33,2.55,2.22
2013-10-31,0.31,2.57,2.26
2013-11-01,0.33,2.65,2.32
2013-11-04,0.32,2.63,2.31
2013-11-05,0.32,2.69,2.37
2013-11-06,0.3,2.67,2.37
2013-11-07,0.29,2.63,2.34
2013-11-08,0.32,2.77,2.45
2013-11-11,,,
2013-11-12,0.34,2.8,2.46
2013-11-13,0.32,2.75,2.43
2013-11-14,0.29,2.69,2.4
2013-11-15,0.31,2.71,2.4
2013-11-18,0.31,2.67,2.36
2013-11-19,0.29,2.71,2.42
2013-11-20,0.28,2.8,2.52
2013-11-21,0.29,2.79,2.5
2013-11-22,0.31,2.75,2.44
2013-11-25,0.3,2.74,2.44
2013-11-26,0.29,2.71,2.42
2013-11-27,0.28,2.74,2.46
2013-11-28,,,
2013-11-29,0.28,2.75,2.47
2013-12-02,0.3,2.81,2.51
2013-12-03,0.28,2.79,2.51
2013-12-04,0.3,2.84,2.54
2013-12-05,0.3,2.88,2.58
2013-12-06,0.3,2.88,2.58
2013-12-09,0.3,2.86,2.56
2013-12-10,0.3,2.81,2.51
2013-12-11,0.31,2.86,2.55
2013-12-12,0.34,2.89,2.55
2013-12-13,0.34,2.88,2.54
2013-12-16,0.34,2.89,2.55
2013-12-17,0.34,2.85,2.51
2013-12-18,0.32,2.89,2.57
2013-12-19,0.35,2.94,2.59
2013-12-20,0.37,2.89,2.52
2013-12-23,0.38,2.94,2.56
2013-12-24,0.38,2.99,2.61
2013-12-25,,,
2013-12-26,0.42,3.0,2.58
2013-12-27,0.4,3.02,2.62
2013-12-30,0.39,2.99,2.6
2013-12-31,0.38,3.04,2.66
2014-01-01,,,
2014-01-02,0.39,3.0,2.61
2014-01-03,0.41,3.01,2.6
2014-01-06,0.4,2.98,2.58
2014-01-07,0.4,2.96,2.56
2014-01-08,0.43,3.01,2.58
2014-01-09,0.44,2.97,2.53
2014-01-10,0.39,2.88,2.49
2014-01-13,0.39,2.84,2.45
2014-01-14,0.39,2.88,2.49
2014-01-15,0.41,2.9,2.49
2014-01-16,0.41,2.86,2.45
2014-01-17,0.4,2.84,2.44
2014-01-20,,,
2014-01-21,0.4,2.85,2.45
2014-01-22,0.44,2.87,2.43
2014-01-23,0.39,2.79,2.4
2014-01-24,0.37,2.75,2.38
2014-01-27,0.37,2.78,2.41
2014-01-28,0.38,2.77,2.39
2014-01-29,0.36,2.69,2.33
2014-01-30,0.36,2.72,2.36
2014-01-31,0.34,2.67,2.33
2014-02-03,0.3,2.61,2.31
2014-02-04,0.31,2.64,2.33
2014-02-05,0.32,2.7,2.38
2014-02-06,0.33,2.73,2.4
2014-02-07,0.3,2.71,2.41
2014-02-10,0.32,2.7,2.38
2014-02-11,0.35,2.75,2.4
2014-02-12,0.35,2.8,2.45
2014-02-13,0.32,2.73,2.41
2014-02-14,0.32,2.75,2.43
2014-02-17,,,
2014-02-18,0.31,2.71,2.4
2014-02-19,0.33,2.73,2.4
2014-02-20,0.34,2.76,2.42
2014-02-21,0.33,2.73,2.4
2014-02-24,0.35,2.75,2.4
2014-02-25,0.34,2.7,2.36
2014-02-26,0.33,2.67,2.34
2014-02-27,0.33,2.65,2.32
2014-02-28,0.33,2.66,2.33
2014-03-03,0.32,2.6,2.28
2014-03-04,0.33,2.7,2.37
2014-03-05,0.33,2.7,2.37
2014-03-06,0.37,2.74,2.37
2014-03-07,0.38,2.8,2.42
2014-03-10,0.37,2.79,2.42
2014-03-11,0.37,2.77,2.4
2014-03-12,0.37,2.73,2.36
2014-03-13,0.34,2.66,2.32
2014-03-14,0.36,2.65,2.29
2014-03-17,0.38,2.7,2.32
2014-03-18,0.36,2.68,2.32
2014-03-19,0.47,2.78,2.31
2014-03-20,0.45,2.79,2.34
2014-03-21,0.45,2.75,2.3
2014-03-24,0.47,2.74,2.27
2014-03-25,0.47,2.75,2.28
2014-03-26,0.45,2.71,2.26
2014-03-27,0.45,2.69,2.24
2014-03-28,0.45,2.73,2.28
2014-03-31,0.44,2.73,2.29
2014-04-01,0.44,2.77,2.33
2014-04-02,0.47,2.82,2.35
2014-04-03,0.46,2.8,2.34
2014-04-04,0.43,2.74,2.31
2014-04-07,0.41,2.71,2.3
2014-04-08,0.4,2.69,2.29
2014-04-09,0.37,2.71,2.34
2014-04-10,0.37,2.65,2.28
2014-04-11,0.37,2.63,2.26
2014-04-14,0.37,2.65,2.28
2014-04-15,0.39,2.64,2.25
2014-04-16,0.39,2.65,2.26
2014-04-17,0.43,2.73,2.3
2014-04-18,,,
2014-04-21,0.42,2.73,2.31
2014-04-22,0.45,2.73,2.28
2014-04-23,0.43,2.7,2.27
2014-04-24,0.43,2.7,2.27
2014-04-25,0.43,2.68,2.25
2014-04-28,0.44,2.7,2.26
2014-04-29,0.44,2.71,2.27
2014-04-30,0.42,2.67,2.25
2014-05-01,0.41,2.63,2.22
2014-05-02,0.42,2.6,2.18
2014-05-05,0.43,2.63,2.2
2014-05-06,0.43,2.61,2.18
2014-05-07,0.41,2.62,2.21
2014-05-08,0.4,2.61,2.21
2014-05-09,0.4,2.62,2.22
2014-05-12,0.41,2.66,2.25
2014-05-13,0.39,2.61,2.22
2014-05-14,0.39,2.54,2.15
2014-05-15,0.38,2.5,2.12
2014-05-16,0.38,2.52,2.14
2014-05-19,0.36,2.54,2.18
2014-05-20,0.35,2.52,2.17
2014-05-21,0.37,2.54,2.17
2014-05-22,0.37,2.56,2.19
2014-05-23,0.37,2.54,2.17
2014-05-26,,,
2014-05-27,0.39,2.52,2.13
2014-05-28,0.37,2.44,2.07
2014-05-29,0.37,2.45,2.08
2014-05-30,0.37,2.48,2.11
2014-06-02,0.39,2.54,2.15
2014-06-03,0.41,2.6,2.19
2014-06-04,0.41,2.61,2.2
2014-06-05,0.4,2.59,2.19
2014-06-06,0.41,2.6,2.19
2014-06-09,0.43,2.62,2.19
2014-06-10,0.45,2.64,2.19
2014-06-11,0.44,2.65,2.21
2014-06-12,0.42,2.58,2.16
2014-06-13,0.45,2.6,2.15
2014-06-16,0.49,2.61,2.12
2014-06-17,0.51,2.66,2.15
2014-06-18,0.48,2.61,2.13
2014-06-19,0.48,2.64,2.16
2014-06-20,0.5,2.63,2.13
2014-06-23,0.48,2.63,2.15
2014-06-24,0.49,2.59,2.1
2014-06-25,0.48,2.57,2.09
2014-06-26,0.46,2.53,2.07
2014-06-27,0.45,2.54,2.09
2014-06-30,0.47,2.53,2.06
2014-07-01,0.47,2.58,2.11
2014-07-02,0.49,2.64,2.15
2014-07-03,0.52,2.65,2.13
2014-07-04,,,
2014-07-07,0.52,2.63,2.11
2014-07-08,0.51,2.58,2.07
2014-07-09,0.51,2.57,2.06
2014-07-10,0.46,2.55,2.09
2014-07-11,0.48,2.53,2.05
2014-07-14,0.48,2.55,2.07
2014-07-15,0.49,2.56,2.07
2014-07-16,0.5,2.55,2.05
2014-07-17,0.47,2.47,2.0
2014-07-18,0.51,2.5,1.99
2014-07-21,0.51,2.49,1.98
2014-07-22,0.49,2.48,1.99
2014-07-23,0.5,2.48,1.98
2014-07-24,0.53,2.52,1.99
2014-07-25,0.53,2.48,1.95
2014-07-28,0.54,2.5,1.96
2014-07-29,0.54,2.47,1.93
2014-07-30,0.56,2.57,2.01
2014-07-31,0.53,2.58,2.05
2014-08-01,0.47,2.52,2.05
2014-08-04,0.47,2.51,2.04
2014-08-05,0.47,2.49,2.02
2014-08-06,0.48,2.49,2.01
2014-08-07,0.44,2.43,1.99
2014-08-08,0.45,2.44,1.99
2014-08-11,0.47,2.44,1.97
2014-08-12,0.45,2.46,2.01
2014-08-13,0.43,2.43,2.0
2014-08-14,0.42,2.4,1.98
2014-08-15,0.42,2.34,1.92
2014-08-18,0.44,2.39,1.95
2014-08-19,0.46,2.4,1.94
2014-08-20,0.49,2.43,1.94
2014-08-21,0.49,2.41,1.92
2014-08-22,0.53,2.4,1.87
2014-08-25,0.53,2.39,1.86
2014-08-26,0.52,2.39,1.87
2014-08-27,0.51,2.37,1.86
2014-08-28,0.5,2.34,1.84
2014-08-29,0.48,2.35,1.87
2014-09-01,,,
2014-09-02,0.53,2.42,1.89
2014-09-03,0.52,2.41,1.89
2014-09-04,0.54,2.45,1.91
2014-09-05,0.52,2.46,1.94
2014-09-08,0.54,2.48,1.94
2014-09-09,0.56,2.5,1.94
2014-09-10,0.58,2.54,1.96
2014-09-11,0.58,2.54,1.96
2014-09-12,0.58,2.62,2.04
2014-09-15,0.58,2.6,2.02
2014-09-16,0.55,2.6,2.05
2014-09-17,0.59,2.62,2.03
2014-09-18,0.59,2.63,2.04
2014-09-19,0.59,2.59,2.0
2014-09-22,0.58,2.57,1.99
2014-09-23,0.57,2.54,1.97
2014-09-24,0.59,2.57,1.98
2014-09-25,0.56,2.52,1.96
2014-09-26,0.59,2.54,1.95
2014-09-29,0.58,2.5,1.92
2014-09-30,0.58,2.52,1.94
2014-10-01,0.53,2.42,1.89
2014-10-02,0.53,2.44,1.91
2014-10-03,0.57,2.45,1.88
2014-10-06,0.54,2.43,1.89
2014-10-07,0.52,2.36,1.84
2014-10-08,0.46,2.35,1.89
2014-10-09,0.46,2.34,1.88
2014-10-10,0.45,2.31,1.86
2014-10-13,,,
2014-10-14,0.39,2.21,1.82
2014-10-15,0.34,2.15,1.81
2014-10-16,0.35,2.17,1.82
2014-10-17,0.39,2.22,1.83
2014-10-20,0.37,2.2,1.83
2014-10-21,0.38,2.23,1.85
2014-10-22,0.41,2.25,1.84
2014-10-23,0.41,2.29,1.88
2014-10-24,0.41,2.29,1.88
2014-10-27,0.41,2.27,1.86
2014-10-28,0.42,2.3,1.88
2014-10-29,0.48,2.34,1.86
2014-10-30,0.48,2.32,1.84
2014-10-31,0.5,2.35,1.85
2014-11-03,0.52,2.36,1.84
2014-11-04,0.52,2.35,1.83
2014-11-05,0.52,2.36,1.84
2014-11-06,0.54,2.39,1.85
2014-11-07,0.51,2.32,1.81
2014-11-10,0.55,2.38,1.83
2014-11-11,,,
2014-11-12,0.55,2.37,1.82
2014-11-13,0.53,2.35,1.82
2014-11-14,0.54,2.32,1.78
2014-11-17,0.54,2.34,1.8
2014-11-18,0.53,2.32,1.79
2014-11-19,0.54,2.36,1.82
2014-11-20,0.53,2.34,1.81
2014-11-21,0.53,2.31,1.78
2014-11-24,0.53,2.3,1.77
2014-11-25,0.51,2.27,1.76
2014-11-26,0.53,2.24,1.71
2014-11-27,,,
2014-11-28,0.47,2.18,1.71
2014-12-01,0.49,2.22,1.73
2014-12-02,0.55,2.28,1.73
2014-12-03,0.57,2.29,1.72
2014-12-04,0.55,2.25,1.7
2014-12-05,0.65,2.31,1.66
2014-12-08,0.64,2.26,1.62
2014-12-09,0.64,2.22,1.58
2014-12-10,0.59,2.18,1.59
2014-12-11,0.62,2.19,1.57
2014-12-12,0.56,2.1,1.54
2014-12-15,0.6,2.12,1.52
2014-12-16,0.58,2.07,1.49
2014-12-17,0.62,2.14,1.52
2014-12-18,0.67,2.22,1.55
2014-12-19,0.67,2.17,1.5
2014-12-22,0.71,2.17,1.46
2014-12-23,0.73,2.26,1.53
2014-12-24,0.73,2.27,1.54
2014-12-25,,,
2014-12-26,0.73,2.25,1.52
2014-12-29,0.72,2.22,1.5
2014-12-30,0.69,2.2,1.51
2014-12-31,0.67,2.17,1.5
2015-01-01,,,
2015-01-02,0.66,2.12,1.46
2015-01-05,0.68,2.04,1.36
2015-01-06,0.65,1.97,1.32
2015-01-07,0.62,1.96,1.34
2015-01-08,0.62,2.03,1.41
2015-01-09,0.59,1.98,1.39
2015-01-12,0.56,1.92,1.36
2015-01-13,0.54,1.91,1.37
2015-01-14,0.51,1.86,1.35
2015-01-15,0.44,1.77,1.33
2015-01-16,0.49,1.83,1.34
2015-01-19,,,
2015-01-20,0.53,1.82,1.29
2015-01-21,0.53,1.87,1.34
2015-01-22,0.53,1.9,1.37
2015-01-23,0.52,1.81,1.29
2015-01-26,0.54,1.83,1.29
2015-01-27,0.54,1.83,1.29
2015-01-28,0.5,1.73,1.23
2015-01-29,0.51,1.77,1.26
2015-01-30,0.47,1.68,1.21
2015-02-02,0.49,1.68,1.19
2015-02-03,0.52,1.79,1.27
2015-02-04,0.52,1.81,1.29
2015-02-05,0.52,1.83,1.31
2015-02-06,0.65,1.95,1.3
2015-02-09,0.65,1.96,1.31
2015-02-10,0.67,2.01,1.34
2015-02-11,0.67,2.0,1.33
2015-02-12,0.61,1.99,1.38
2015-02-13,0.66,2.02,1.36
2015-02-16,,,
2015-02-17,0.7,2.14,1.44
2015-02-18,0.62,2.07,1.45
2015-02-19,0.67,2.11,1.44
2015-02-20,0.67,2.13,1.46
2015-02-23,0.64,2.06,1.42
2015-02-24,0.6,1.99,1.39
2015-02-25,0.61,1.96,1.35
2015-02-26,0.66,2.03,1.37
2015-02-27,0.63,2.0,1.37
2015-03-02,0.66,2.08,1.42
2015-03-03,0.68,2.12,1.44
2015-03-04,0.66,2.12,1.46
2015-03-05,0.65,2.11,1.46
2015-03-06,0.73,2.24,1.51
2015-03-09,0.7,2.2,1.5
2015-03-10,0.7,2.14,1.44
2015-03-11,0.7,2.11,1.41
2015-03-12,0.67,2.1,1.43
2015-03-13,0.68,2.13,1.45
2015-03-16,0.66,2.1,1.44
2015-03-17,0.7,2.06,1.36
2015-03-18,0.57,1.93,1.36
2015-03-19,0.63,1.98,1.35
2015-03-20,0.6,1.93,1.33
2015-03-23,0.6,1.92,1.32
2015-03-24,0.58,1.88,1.3
2015-03-25,0.59,1.93,1.34
2015-03-26,0.61,2.01,1.4
2015-03-27,0.58,1.95,1.37
2015-03-30,0.58,1.96,1.38
2015-03-31,0.56,1.94,1.38
2015-04-01,0.55,1.87,1.32
2015-04-02,0.55,1.92,1.37
2015-04-03,0.49,1.85,1.36
2015-04-06,0.51,1.92,1.41
2015-04-07,0.52,1.89,1.37
2015-04-08,0.54,1.92,1.38
2015-04-09,0.56,1.97,1.41
2015-04-10,0.57,1.96,1.39
2015-04-13,0.54,1.94,1.4
2015-04-14,0.53,1.9,1.37
2015-04-15,0.51,1.91,1.4
2015-04-16,0.5,1.9,1.4
2015-04-17,0.51,1.87,1.36
2015-04-20,0.55,1.9,1.35
2015-04-21,0.55,1.92,1.37
2015-04-22,0.57,1.99,1.42
2015-04-23,0.55,1.96,1.41
2015-04-24,0.54,1.93,1.39
2015-04-27,0.54,1.94,1.4
2015-04-28,0.56,2.0,1.44
2015-04-29,0.56,2.06,1.5
2015-04-30,0.58,2.05,1.47
2015-05-01,0.6,2.12,1.52
2015-05-04,0.6,2.16,1.56
2015-05-05,0.62,2.19,1.57
2015-05-06,0.65,2.25,1.6
2015-05-07,0.63,2.18,1.55
2015-05-08,0.59,2.16,1.57
2015-05-11,0.62,2.28,1.66
2015-05-12,0.61,2.28,1.67
2015-05-13,0.59,2.27,1.68
2015-05-14,0.56,2.23,1.67
2015-05-15,0.55,2.14,1.59
2015-05-18,0.58,2.23,1.65
2015-05-19,0.63,2.27,1.64
2015-05-20,0.6,2.26,1.66
2015-05-21,0.6,2.19,1.59
2015-05-22,0.64,2.21,1.57
2015-05-25,,,
2015-05-26,0.64,2.14,1.5
2015-05-27,0.64,2.14,1.5
2015-05-28,0.62,2.13,1.51
2015-05-29,0.61,2.12,1.51
2015-06-01,0.64,2.19,1.55
2015-06-02,0.64,2.27,1.63
2015-06-03,0.69,2.38,1.69
2015-06-04,0.66,2.31,1.65
2015-06-05,0.73,2.41,1.68
2015-06-08,0.7,2.39,1.69
2015-06-09,0.72,2.42,1.7
2015-06-10,0.75,2.5,1.75
2015-06-11,0.73,2.39,1.66
2015-06-12,0.74,2.39,1.65
2015-06-15,0.72,2.36,1.64
2015-06-16,0.71,2.32,1.61
2015-06-17,0.67,2.32,1.65
2015-06-18,0.66,2.35,1.69
2015-06-19,0.65,2.26,1.61
2015-06-22,0.68,2.37,1.69
2015-06-23,0.7,2.42,1.72
2015-06-24,0.68,2.38,1.7
2015-06-25,0.68,2.4,1.72
2015-06-26,0.72,2.49,1.77
2015-06-29,0.64,2.33,1.69
2015-06-30,0.64,2.35,1.71
2015-07-01,0.69,2.43,1.74
2015-07-02,0.64,2.4,1.76
2015-07-03,,,
2015-07-06,0.6,2.3,1.7
2015-07-07,0.58,2.27,1.69
2015-07-08,0.55,2.22,1.67
2015-07-09,0.6,2.32,1.72
2015-07-10,0.65,2.42,1.77
2015-07-13,0.69,2.44,1.75
2015-07-14,0.66,2.41,1.75
2015-07-15,0.64,2.36,1.72
2015-07-16,0.67,2.36,1.69
2015-07-17,0.68,2.34,1.66
2015-07-20,0.71,2.38,1.67
2015-07-21,0.71,2.35,1.64
2015-07-22,0.75,2.33,1.58
2015-07-23,0.71,2.28,1.57
2015-07-24,0.7,2.27,1.57
2015-07-27,0.68,2.23,1.55
2015-07-28,0.69,2.26,1.57
2015-07-29,0.7,2.29,1.59
2015-07-30,0.72,2.28,1.56
2015-07-31,0.67,2.2,1.53
2015-08-03,0.68,2.16,1.48
2015-08-04,0.74,2.23,1.49
2015-08-05,0.73,2.28,1.55
2015-08-06,0.71,2.23,1.52
2015-08-07,0.73,2.18,1.45
2015-08-10,0.73,2.24,1.51
2015-08-11,0.68,2.15,1.47
2015-08-12,0.67,2.14,1.47
2015-08-13,0.72,2.19,1.47
2015-08-14,0.73,2.2,1.47
2015-08-17,0.72,2.16,1.44
2015-08-18,0.74,2.2,1.46
2015-08-19,0.67,2.12,1.45
2015-08-20,0.69,2.09,1.4
2015-08-21,0.64,2.05,1.41
2015-08-24,0.59,2.01,1.42
2015-08-25,0.67,2.12,1.45
2015-08-26,0.67,2.18,1.51
2015-08-27,0.68,2.18,1.5
2015-08-28,0.72,2.19,1.47
2015-08-31,0.74,2.21,1.47
2015-09-01,0.7,2.17,1.47
2015-09-02,0.72,2.2,1.48
2015-09-03,0.71,2.18,1.47
2015-09-04,0.71,2.13,1.42
2015-09-07,,,
2015-09-08,0.74,2.2,1.46
2015-09-09,0.75,2.21,1.46
2015-09-10,0.75,2.23,1.48
2015-09-11,0.71,2.2,1.49
2015-09-14,0.73,2.18,1.45
2015-09-15,0.82,2.28,1.46
2015-09-16,0.82,2.3,1.48
2015-09-17,0.7,2.21,1.51
2015-09-18,0.69,2.13,1.44
2015-09-21,0.72,2.2,1.48
2015-09-22,0.69,2.14,1.45
2015-09-23,0.7,2.16,1.46
2015-09-24,0.67,2.13,1.46
2015-09-25,0.7,2.17,1.47
2015-09-28,0.67,2.1,1.43
2015-09-29,0.64,2.05,1.41
2015-09-30,0.64,2.06,1.42
2015-10-01,0.64,2.05,1.41
2015-10-02,0.58,1.99,1.41
2015-10-05,0.61,2.07,1.46
2015-10-06,0.61,2.05,1.44
2015-10-07,0.65,2.08,1.43
2015-10-08,0.65,2.12,1.47
2015-10-09,0.65,2.12,1.47
2015-10-12,,,
2015-10-13,0.64,2.06,1.42
2015-10-14,0.57,1.99,1.42
2015-10-15,0.61,2.04,1.43
2015-10-16,0.61,2.04,1.43
2015-10-19,0.61,2.04,1.43
2015-10-20,0.66,2.08,1.42
2015-10-21,0.64,2.04,1.4
2015-10-22,0.61,2.04,1.43
2015-10-23,0.66,2.09,1.43
2015-10-26,0.66,2.07,1.41
2015-10-27,0.65,2.05,1.4
2015-10-28,0.73,2.1,1.37
2015-10-29,0.75,2.19,1.44
2015-10-30,0.75,2.16,1.41
2015-11-02,0.77,2.2,1.43
2015-11-03,0.8,2.23,1.43
2015-11-04,0.84,2.25,1.41
2015-11-05,0.85,2.26,1.41
2015-11-06,0.9,2.34,1.44
2015-11-09,0.89,2.36,1.47
2015-11-10,0.87,2.32,1.45
2015-11-11,,,
2015-11-12,0.89,2.32,1.43
2015-11-13,0.86,2.28,1.42
2015-11-16,0.88,2.27,1.39
2015-11-17,0.86,2.25,1.39
2015-11-18,0.9,2.27,1.37
2015-11-19,0.91,2.24,1.33
2015-11-20,0.93,2.26,1.33
2015-11-23,0.94,2.25,1.31
2015-11-24,0.93,2.24,1.31
2015-11-25,0.93,2.23,1.3
2015-11-26,,,
2015-11-27,0.92,2.22,1.3
2015-11-30,0.94,2.21,1.27
2015-12-01,0.91,2.15,1.24
2015-12-02,0.94,2.18,1.24
2015-12-03,0.96,2.33,1.37
2015-12-04,0.96,2.28,1.32
2015-12-07,0.94,2.23,1.29
2015-12-08,0.94,2.24,1.3
2015-12-09,0.93,2.22,1.29
2015-12-10,0.95,2.24,1.29
2015-12-11,0.88,2.13,1.25
2015-12-14,0.97,2.23,1.26
2015-12-15,0.98,2.28,1.3
2015-12-16,1.02,2.3,1.28
2015-12-17,1.0,2.24,1.24
2015-12-18,0.97,2.19,1.22
2015-12-21,0.96,2.2,1.24
2015-12-22,0.99,2.24,1.25
2015-12-23,1.01,2.27,1.26
2015-12-24,1.03,2.25,1.22
2015-12-25,,,
2015-12-28,1.05,2.24,1.19
2015-12-29,1.09,2.32,1.23
2015-12-30,1.08,2.31,1.23
2015-12-31,1.06,2.27,1.21
2016-01-01,,,
2016-01-04,1.02,2.24,1.22
2016-01-05,1.04,2.25,1.21
2016-01-06,0.99,2.18,1.19
2016-01-07,0.96,2.16,1.2
2016-01-08,0.94,2.13,1.19
2016-01-11,0.94,2.17,1.23
2016-01-12,0.93,2.12,1.19
2016-01-13,0.91,2.08,1.17
2016-01-14,0.9,2.1,1.2
2016-01-15,0.85,2.03,1.18
2016-01-18,,,
2016-01-19,0.88,2.06,1.18
2016-01-20,0.85,2.01,1.16
2016-01-21,0.84,2.02,1.18
2016-01-22,0.88,2.07,1.19
2016-01-25,0.88,2.03,1.15
2016-01-26,0.85,2.01,1.16
2016-01-27,0.84,2.02,1.18
2016-01-28,0.83,2.0,1.17
2016-01-29,0.76,1.94,1.18
2016-02-01,0.81,1.97,1.16
2016-02-02,0.75,1.87,1.12
2016-02-03,0.72,1.88,1.16
2016-02-04,0.7,1.87,1.17
2016-02-05,0.74,1.86,1.12
2016-02-08,0.66,1.75,1.09
2016-02-09,0.69,1.74,1.05
2016-02-10,0.71,1.71,1.0
2016-02-11,0.64,1.63,0.99
2016-02-12,0.71,1.74,1.03
2016-02-15,,,
2016-02-16,0.74,1.78,1.04
2016-02-17,0.74,1.81,1.07
2016-02-18,0.71,1.75,1.04
2016-02-19,0.76,1.76,1.0
2016-02-22,0.78,1.77,0.99
2016-02-23,0.76,1.74,0.98
2016-02-24,0.75,1.75,1.0
2016-02-25,0.72,1.71,0.99
2016-02-26,0.8,1.76,0.96
2016-02-29,0.78,1.74,0.96
2016-03-01,0.85,1.83,0.98
2016-03-02,0.85,1.84,0.99
2016-03-03,0.85,1.83,0.98
2016-03-04,0.88,1.88,1.0
2016-03-07,0.91,1.91,1.0
2016-03-08,0.88,1.83,0.95
2016-03-09,0.9,1.9,1.0
2016-03-10,0.93,1.93,1.0
2016-03-11,0.97,1.98,1.01
2016-03-14,0.97,1.97,1.0
2016-03-15,0.98,1.97,0.99
2016-03-16,0.87,1.94,1.07
2016-03-17,0.87,1.91,1.04
2016-03-18,0.84,1.88,1.04
2016-03-21,0.87,1.92,1.05
2016-03-22,0.91,1.94,1.03
2016-03-23,0.87,1.88,1.01
2016-03-24,0.89,1.91,1.02
2016-03-25,,,
2016-03-28,0.89,1.89,1.0
2016-03-29,0.78,1.81,1.03
2016-03-30,0.76,1.83,1.07
2016-03-31,0.73,1.78,1.05
2016-04-01,0.76,1.79,1.03
2016-04-04,0.75,1.78,1.03
2016-04-05,0.72,1.73,1.01
2016-04-06,0.73,1.76,1.03
2016-04-07,0.7,1.7,1.0
2016-04-08,0.7,1.72,1.02
2016-04-11,0.7,1.73,1.03
2016-04-12,0.74,1.79,1.05
2016-04-13,0.75,1.77,1.02
2016-04-14,0.77,1.8,1.03
2016-04-15,0.74,1.76,1.02
2016-04-18,0.75,1.78,1.03
2016-04-19,0.77,1.79,1.02
2016-04-20,0.8,1.85,1.05
2016-04-21,0.82,1.88,1.06
2016-04-22,0.84,1.89,1.05
2016-04-25,0.85,1.91,1.06
2016-04-26,0.86,1.94,1.08
2016-04-27,0.83,1.87,1.04
2016-04-28,0.78,1.84,1.06
2016-04-29,0.77,1.83,1.06
2016-05-02,0.8,1.88,1.08
2016-05-03,0.75,1.81,1.06
2016-05-04,0.75,1.79,1.04
2016-05-05,0.72,1.76,1.04
2016-05-06,0.74,1.79,1.05
2016-05-09,0.72,1.77,1.05
2016-05-10,0.72,1.77,1.05
2016-05-11,0.74,1.73,0.99
2016-05-12,0.76,1.75,0.99
2016-05-13,0.76,1.71,0.95
2016-05-16,0.79,1.75,0.96
2016-05-17,0.82,1.76,0.94
2016-05-18,0.9,1.87,0.97
2016-05-19,0.89,1.85,0.96
2016-05-20,0.89,1.85,0.96
2016-05-23,0.91,1.84,0.93
2016-05-24,0.92,1.86,0.94
2016-05-25,0.92,1.87,0.95
2016-05-26,0.87,1.83,0.96
2016-05-27,0.9,1.85,0.95
2016-05-30,,,
2016-05-31,0.87,1.84,0.97
2016-06-01,0.91,1.85,0.94
2016-06-02,0.89,1.81,0.92
2016-06-03,0.78,1.71,0.93
2016-06-06,0.8,1.73,0.93
2016-06-07,0.78,1.72,0.94
2016-06-08,0.78,1.71,0.93
2016-06-09,0.77,1.68,0.91
2016-06-10,0.73,1.64,0.91
2016-06-13,0.73,1.62,0.89
2016-06-14,0.74,1.62,0.88
2016-06-15,0.69,1.6,0.91
2016-06-16,0.7,1.57,0.87
2016-06-17,0.7,1.62,0.92
2016-06-20,0.74,1.67,0.93
2016-06-21,0.76,1.71,0.95
2016-06-22,0.75,1.69,0.94
2016-06-23,0.78,1.74,0.96
2016-06-24,0.64,1.57,0.93
2016-06-27,0.61,1.46,0.85
2016-06-28,0.61,1.46,0.85
2016-06-29,0.62,1.5,0.88
2016-06-30,0.58,1.49,0.91
2016-07-01,0.59,1.46,0.87
2016-07-04,,,
2016-07-05,0.56,1.37,0.81
2016-07-06,0.58,1.38,0.8
2016-07-07,0.58,1.4,0.82
2016-07-08,0.61,1.37,0.76
2016-07-11,0.66,1.43,0.77
2016-07-12,0.69,1.53,0.84
2016-07-13,0.68,1.48,0.8
2016-07-14,0.68,1.53,0.85
2016-07-15,0.71,1.6,0.89
2016-07-18,0.68,1.59,0.91
2016-07-19,0.7,1.56,0.86
2016-07-20,0.73,1.59,0.86
2016-07-21,0.7,1.57,0.87
2016-07-22,0.71,1.57,0.86
2016-07-25,0.72,1.58,0.86
2016-07-26,0.75,1.57,0.82
2016-07-27,0.73,1.52,0.79
2016-07-28,0.72,1.52,0.8
2016-07-29,0.67,1.46,0.79
2016-08-01,0.67,1.51,0.84
2016-08-02,0.67,1.55,0.88
2016-08-03,0.67,1.55,0.88
2016-08-04,0.64,1.51,0.87
2016-08-05,0.72,1.59,0.87
2016-08-08,0.74,1.59,0.85
2016-08-09,0.71,1.55,0.84
2016-08-10,0.69,1.5,0.81
2016-08-11,0.76,1.57,0.81
2016-08-12,0.71,1.51,0.8
2016-08-15,0.72,1.55,0.83
2016-08-16,0.76,1.57,0.81
2016-08-17,0.74,1.56,0.82
2016-08-18,0.71,1.53,0.82
2016-08-19,0.76,1.58,0.82
2016-08-22,0.76,1.55,0.79
2016-08-23,0.74,1.55,0.81
2016-08-24,0.76,1.56,0.8
2016-08-25,0.78,1.58,0.8
2016-08-26,0.84,1.62,0.78
2016-08-29,0.81,1.57,0.76
2016-08-30,0.8,1.57,0.77
2016-08-31,0.8,1.58,0.78
2016-09-01,0.78,1.57,0.79
2016-09-02,0.8,1.6,0.8
2016-09-05,,,
2016-09-06,0.74,1.55,0.81
2016-09-07,0.74,1.54,0.8
2016-09-08,0.78,1.61,0.83
2016-09-09,0.79,1.67,0.88
2016-09-12,0.79,1.68,0.89
2016-09-13,0.8,1.73,0.93
2016-09-14,0.77,1.7,0.93
2016-09-15,0.74,1.71,0.97
2016-09-16,0.77,1.7,0.93
2016-09-19,0.79,1.7,0.91
2016-09-20,0.79,1.69,0.9
2016-09-21,0.79,1.66,0.87
2016-09-22,0.79,1.63,0.84
2016-09-23,0.77,1.62,0.85
2016-09-26,0.76,1.59,0.83
2016-09-27,0.75,1.56,0.81
2016-09-28,0.75,1.57,0.82
2016-09-29,0.73,1.56,0.83
2016-09-30,0.77,1.6,0.83
2016-10-03,0.8,1.63,0.83
2016-10-04,0.82,1.69,0.87
2016-10-05,0.85,1.72,0.87
2016-10-06,0.86,1.75,0.89
2016-10-07,0.83,1.73,0.9
2016-10-10,,,
2016-10-11,0.87,1.77,0.9
2016-10-12,0.87,1.79,0.92
2016-10-13,0.85,1.75,0.9
2016-10-14,0.84,1.8,0.96
2016-10-17,0.81,1.77,0.96
2016-10-18,0.82,1.75,0.93
2016-10-19,0.81,1.76,0.95
2016-10-20,0.84,1.76,0.92
2016-10-21,0.84,1.74,0.9
2016-10-24,0.84,1.77,0.93
2016-10-25,0.86,1.77,0.91
2016-10-26,0.86,1.79,0.93
2016-10-27,0.87,1.85,0.98
2016-10-28,0.86,1.86,1.0
2016-10-31,0.86,1.84,0.98
2016-11-01,0.83,1.83,1.0
2016-11-02,0.81,1.81,1.0
2016-11-03,0.81,1.82,1.01
2016-11-04,0.8,1.79,0.99
2016-11-07,0.82,1.83,1.01
2016-11-08,0.87,1.88,1.01
2016-11-09,0.9,2.07,1.17
2016-11-10,0.92,2.15,1.23
2016-11-11,,,
2016-11-14,1.0,2.23,1.23
2016-11-15,1.02,2.23,1.21
2016-11-16,1.0,2.22,1.22
2016-11-17,1.04,2.29,1.25
2016-11-18,1.07,2.34,1.27
2016-11-21,1.08,2.33,1.25
2016-11-22,1.07,2.31,1.24
2016-11-23,1.12,2.36,1.24
2016-11-24,,,
2016-11-25,1.12,2.36,1.24
2016-11-28,1.11,2.32,1.21
2016-11-29,1.09,2.3,1.21
2016-11-30,1.11,2.37,1.26
2016-12-01,1.14,2.45,1.31
2016-12-02,1.11,2.4,1.29
2016-12-05,1.13,2.39,1.26
2016-12-06,1.12,2.39,1.27
2016-12-07,1.1,2.34,1.24
2016-12-08,1.12,2.4,1.28
2016-12-09,1.15,2.47,1.32
2016-12-12,1.15,2.49,1.34
2016-12-13,1.17,2.48,1.31
2016-12-14,1.27,2.54,1.27
2016-12-15,1.29,2.6,1.31
2016-12-16,1.28,2.6,1.32
2016-12-19,1.24,2.54,1.3
2016-12-20,1.25,2.57,1.32
2016-12-21,1.21,2.55,1.34
2016-12-22,1.22,2.55,1.33
2016-12-23,1.22,2.55,1.33
2016-12-26,,,
2016-12-27,1.28,2.57,1.29
2016-12-28,1.26,2.51,1.25
2016-12-29,1.22,2.49,1.27
2016-12-30,1.2,2.45,1.25
2017-01-02,,,
2017-01-03,1.22,2.45,1.23
2017-01-04,1.24,2.46,1.22
2017-01-05,1.17,2.37,1.2
2017-01-06,1.22,2.42,1.2
2017-01-09,1.21,2.38,1.17
2017-01-10,1.19,2.38,1.19
2017-01-11,1.2,2.38,1.18
2017-01-12,1.18,2.36,1.18
2017-01-13,1.21,2.4,1.19
2017-01-16,,,
2017-01-17,1.17,2.33,1.16
2017-01-18,1.23,2.42,1.19
2017-01-19,1.25,2.47,1.22
2017-01-20,1.2,2.48,1.28
2017-01-23,1.16,2.41,1.25
2017-01-24,1.21,2.47,1.26
2017-01-25,1.23,2.53,1.3
2017-01-26,1.21,2.51,1.3
2017-01-27,1.22,2.49,1.27
2017-01-30,1.22,2.49,1.27
2017-01-31,1.19,2.45,1.26
2017-02-01,1.22,2.48,1.26
2017-02-02,1.21,2.48,1.27
2017-02-03,1.21,2.49,1.28
2017-02-06,1.16,2.42,1.26
2017-02-07,1.16,2.4,1.24
2017-02-08,1.15,2.34,1.19
2017-02-09,1.2,2.4,1.2
2017-02-10,1.2,2.41,1.21
2017-02-13,1.2,2.43,1.23
2017-02-14,1.25,2.47,1.22
2017-02-15,1.27,2.51,1.24
2017-02-16,1.22,2.45,1.23
2017-02-17,1.21,2.42,1.21
2017-02-20,,,
2017-02-21,1.22,2.43,1.21
2017-02-22,1.22,2.42,1.2
2017-02-23,1.18,2.38,1.2
2017-02-24,1.12,2.31,1.19
2017-02-27,1.2,2.36,1.16
2017-02-28,1.22,2.36,1.14
2017-03-01,1.29,2.46,1.17
2017-03-02,1.32,2.49,1.17
2017-03-03,1.32,2.49,1.17
2017-03-06,1.31,2.49,1.18
2017-03-07,1.32,2.52,1.2
2017-03-08,1.36,2.57,1.21
2017-03-09,1.37,2.6,1.23
2017-03-10,1.36,2.58,1.22
2017-03-13,1.4,2.62,1.22
2017-03-14,1.4,2.6,1.2
2017-03-15,1.33,2.51,1.18
2017-03-16,1.35,2.53,1.18
2017-03-17,1.33,2.5,1.17
2017-03-20,1.3,2.47,1.17
2017-03-21,1.27,2.43,1.16
2017-03-22,1.27,2.4,1.13
2017-03-23,1.26,2.41,1.15
2017-03-24,1.26,2.4,1.14
2017-03-27,1.27,2.38,1.11
2017-03-28,1.3,2.42,1.12
2017-03-29,1.26,2.39,1.13
2017-03-30,1.28,2.42,1.14
2017-03-31,1.27,2.4,1.13
2017-04-03,1.24,2.35,1.11
2017-04-04,1.25,2.36,1.11
2017-04-05,1.24,2.34,1.1
2017-04-06,1.24,2.34,1.1
2017-04-07,1.29,2.38,1.09
2017-04-10,1.29,2.37,1.08
2017-04-11,1.24,2.32,1.08
2017-04-12,1.24,2.28,1.04
2017-04-13,1.21,2.24,1.03
2017-04-14,,,
2017-04-17,1.21,2.26,1.05
2017-04-18,1.18,2.18,1.0
2017-04-19,1.19,2.21,1.02
2017-04-20,1.21,2.24,1.03
2017-04-21,1.2,2.24,1.04
2017-04-24,1.25,2.28,1.03
2017-04-25,1.29,2.35,1.06
2017-04-26,1.28,2.32,1.04
2017-04-27,1.25,2.3,1.05
2017-04-28,1.28,2.29,1.01
2017-05-01,1.28,2.33,1.05
2017-05-02,1.27,2.29,1.02
2017-05-03,1.3,2.33,1.03
2017-05-04,1.32,2.36,1.04
2017-05-05,1.32,2.36,1.04
2017-05-08,1.33,2.39,1.06
2017-05-09,1.37,2.42,1.05
2017-05-10,1.35,2.41,1.06
2017-05-11,1.35,2.39,1.04
2017-05-12,1.29,2.33,1.04
2017-05-15,1.31,2.34,1.03
2017-05-16,1.29,2.33,1.04
2017-05-17,1.26,2.22,0.96
2017-05-18,1.27,2.23,0.96
2017-05-19,1.28,2.23,0.95
2017-05-22,1.29,2.25,0.96
2017-05-23,1.31,2.29,0.98
2017-05-24,1.29,2.26,0.97
2017-05-25,1.3,2.25,0.95
2017-05-26,1.3,2.25,0.95
2017-05-29,,,
2017-05-30,1.28,2.21,0.93
2017-05-31,1.28,2.21,0.93
2017-06-01,1.28,2.21,0.93
2017-06-02,1.28,2.15,0.87
2017-06-05,1.32,2.18,0.86
2017-06-06,1.3,2.14,0.84
2017-06-07,1.32,2.18,0.86
2017-06-08,1.33,2.19,0.86
2017-06-09,1.35,2.21,0.86
2017-06-12,1.35,2.21,0.86
2017-06-13,1.38,2.21,0.83
2017-06-14,1.35,2.15,0.8
2017-06-15,1.35,2.16,0.81
2017-06-16,1.32,2.16,0.84
2017-06-19,1.36,2.19,0.83
2017-06-20,1.36,2.16,0.8
2017-06-21,1.36,2.16,0.8
2017-06-22,1.34,2.15,0.81
2017-06-23,1.34,2.15,0.81
2017-06-26,1.36,2.14,0.78
2017-06-27,1.38,2.21,0.83
2017-06-28,1.34,2.22,0.88
2017-06-29,1.38,2.27,0.89
2017-06-30,1.38,2.31,0.93
2017-07-03,1.41,2.35,0.94
2017-07-04,,,
2017-07-05,1.41,2.33,0.92
2017-07-06,1.4,2.37,0.97
2017-07-07,1.4,2.39,0.99
2017-07-10,1.4,2.38,0.98
2017-07-11,1.37,2.37,1.0
2017-07-12,1.35,2.33,0.98
2017-07-13,1.37,2.35,0.98
2017-07-14,1.35,2.33,0.98
2017-07-17,1.36,2.31,0.95
2017-07-18,1.36,2.27,0.91
2017-07-19,1.37,2.27,0.9
2017-07-20,1.37,2.27,0.9
2017-07-21,1.36,2.24,0.88
2017-07-24,1.37,2.26,0.89
2017-07-25,1.4,2.33,0.93
2017-07-26,1.36,2.29,0.93
2017-07-27,1.36,2.32,0.96
2017-07-28,1.34,2.3,0.96
2017-07-31,1.34,2.3,0.96
2017-08-01,1.34,2.26,0.92
2017-08-02,1.36,2.27,0.91
2017-08-03,1.34,2.24,0.9
2017-08-04,1.36,2.27,0.91
2017-08-07,1.36,2.26,0.9
2017-08-08,1.36,2.29,0.93
2017-08-09,1.33,2.24,0.91
2017-08-10,1.33,2.2,0.87
2017-08-11,1.3,2.19,0.89
2017-08-14,1.33,2.22,0.89
2017-08-15,1.35,2.27,0.92
2017-08-16,1.33,2.23,0.9
2017-08-17,1.32,2.19,0.87
2017-08-18,1.33,2.19,0.86
2017-08-21,1.32,2.18,0.86
2017-08-22,1.33,2.22,0.89
2017-08-23,1.32,2.17,0.85
2017-08-24,1.33,2.19,0.86
2017-08-25,1.35,2.17,0.82
2017-08-28,1.33,2.16,0.83
2017-08-29,1.33,2.13,0.8
2017-08-30,1.33,2.15,0.82
2017-08-31,1.33,2.12,0.79
2017-09-01,1.35,2.16,0.81
2017-09-04,,,
2017-09-05,1.3,2.07,0.77
2017-09-06,1.3,2.1,0.8
2017-09-07,1.27,2.05,0.78
2017-09-08,1.27,2.06,0.79
2017-09-11,1.32,2.14,0.82
2017-09-12,1.33,2.17,0.84
2017-09-13,1.35,2.2,0.85
2017-09-14,1.37,2.2,0.83
2017-09-15,1.39,2.2,0.81
2017-09-18,1.4,2.23,0.83
2017-09-19,1.4,2.24,0.84
2017-09-20,1.45,2.28,0.83
2017-09-21,1.45,2.27,0.82
2017-09-22,1.46,2.26,0.8
2017-09-25,1.44,2.22,0.78
2017-09-26,1.45,2.24,0.79
2017-09-27,1.47,2.31,0.84
2017-09-28,1.45,2.31,0.86
2017-09-29,1.47,2.33,0.86
2017-10-02,1.49,2.34,0.85
2017-10-03,1.47,2.33,0.86
2017-10-04,1.47,2.33,0.86
2017-10-05,1.49,2.35,0.86
2017-10-06,1.54,2.37,0.83
2017-10-09,,,
2017-10-10,1.51,2.35,0.84
2017-10-11,1.51,2.35,0.84
2017-10-12,1.51,2.33,0.82
2017-10-13,1.51,2.28,0.77
2017-10-16,1.54,2.3,0.76
2017-10-17,1.54,2.3,0.76
2017-10-18,1.59,2.34,0.75
2017-10-19,1.58,2.33,0.75
2017-10-20,1.6,2.39,0.79
2017-10-23,1.58,2.38,0.8
2017-10-24,1.6,2.42,0.82
2017-10-25,1.61,2.44,0.83
2017-10-26,1.63,2.46,0.83
2017-10-27,1.59,2.42,0.83
2017-10-30,1.58,2.37,0.79
2017-10-31,1.6,2.38,0.78
2017-11-01,1.61,2.37,0.76
2017-11-02,1.61,2.35,0.74
2017-11-03,1.63,2.34,0.71
2017-11-06,1.61,2.32,0.71
2017-11-07,1.63,2.32,0.69
2017-11-08,1.65,2.32,0.67
2017-11-09,1.63,2.33,0.7
2017-11-10,1.67,2.4,0.73
2017-11-13,1.7,2.4,0.7
2017-11-14,1.68,2.38,0.7
2017-11-15,1.68,2.33,0.65
2017-11-16,1.72,2.37,0.65
2017-11-17,1.73,2.35,0.62
2017-11-20,1.77,2.37,0.6
2017-11-21,1.77,2.36,0.59
2017-11-22,1.74,2.32,0.58
2017-11-23,,,
2017-11-24,1.75,2.34,0.59
2017-11-27,1.74,2.32,0.58
2017-11-28,1.75,2.34,0.59
2017-11-29,1.78,2.37,0.59
2017-11-30,1.78,2.42,0.64
2017-12-01,1.78,2.37,0.59
2017-12-04,1.8,2.37,0.57
2017-12-05,1.83,2.36,0.53
2017-12-06,1.78,2.33,0.55
2017-12-07,1.8,2.37,0.57
2017-12-08,1.8,2.38,0.58
2017-12-11,1.82,2.39,0.57
2017-12-12,1.83,2.4,0.57
2017-12-13,1.79,2.36,0.57
2017-12-14,1.82,2.35,0.53
2017-12-15,1.84,2.35,0.51
2017-12-18,1.84,2.39,0.55
2017-12-19,1.87,2.46,0.59
2017-12-20,1.87,2.49,0.62
2017-12-21,1.89,2.48,0.59
2017-12-22,1.91,2.48,0.57
2017-12-25,,,
2017-12-26,1.92,2.47,0.55
2017-12-27,1.89,2.42,0.53
2017-12-28,1.91,2.43,0.52
2017-12-29,1.89,2.4,0.51
2018-01-01,,,
2018-01-02,1.92,2.46,0.54
2018-01-03,1.94,2.44,0.5
2018-01-04,1.96,2.46,0.5
2018-01-05,1.96,2.47,0.51
2018-01-08,1.96,2.49,0.53
2018-01-09,1.98,2.55,0.57
2018-01-10,1.98,2.55,0.57
2018-01-11,1.98,2.54,0.56
2018-01-12,1.99,2.55,0.56
2018-01-15,,,
2018-01-16,2.03,2.54,0.51
2018-01-17,2.05,2.57,0.52
2018-01-18,2.05,2.62,0.57
2018-01-19,2.06,2.64,0.58
2018-01-22,2.08,2.66,0.58
2018-01-23,2.06,2.63,0.57
2018-01-24,2.08,2.65,0.57
2018-01-25,2.08,2.63,0.55
2018-01-26,2.13,2.66,0.53
2018-01-29,2.11,2.7,0.59
2018-01-30,2.13,2.73,0.6
2018-01-31,2.14,2.72,0.58
2018-02-01,2.16,2.78,0.62
2018-02-02,2.15,2.84,0.69
2018-02-05,2.08,2.77,0.69
2018-02-06,2.1,2.79,0.69
2018-02-07,2.15,2.84,0.69
2018-02-08,2.13,2.85,0.72
2018-02-09,2.05,2.83,0.78
2018-02-12,2.09,2.86,0.77
2018-02-13,2.1,2.83,0.73
2018-02-14,2.17,2.91,0.74
2018-02-15,2.19,2.9,0.71
2018-02-16,2.21,2.87,0.66
2018-02-19,,,
2018-02-20,2.25,2.88,0.63
2018-02-21,2.26,2.94,0.68
2018-02-22,2.25,2.92,0.67
2018-02-23,2.25,2.88,0.63
2018-02-26,2.22,2.86,0.64
2018-02-27,2.27,2.9,0.63
2018-02-28,2.25,2.87,0.62
2018-03-01,2.22,2.81,0.59
2018-03-02,2.25,2.86,0.61
2018-03-05,2.24,2.88,0.64
2018-03-06,2.25,2.88,0.63
2018-03-07,2.25,2.89,0.64
2018-03-08,2.25,2.86,0.61
2018-03-09,2.27,2.9,0.63
2018-03-12,2.27,2.87,0.6
2018-03-13,2.26,2.84,0.58
2018-03-14,2.26,2.81,0.55
2018-03-15,2.29,2.82,0.53
2018-03-16,2.31,2.85,0.54
2018-03-19,2.31,2.85,0.54
2018-03-20,2.34,2.89,0.55
2018-03-21,2.31,2.89,0.58
2018-03-22,2.29,2.83,0.54
2018-03-23,2.28,2.82,0.54
2018-03-26,2.33,2.85,0.52
2018-03-27,2.26,2.78,0.52
2018-03-28,2.28,2.77,0.49
2018-03-29,2.27,2.74,0.47
2018-03-30,,,
2018-04-02,2.25,2.73,0.48
2018-04-03,2.28,2.79,0.51
2018-04-04,2.28,2.79,0.51
2018-04-05,2.3,2.83,0.53
2018-04-06,2.27,2.77,0.5
2018-04-09,2.29,2.78,0.49
2018-04-10,2.32,2.8,0.48
2018-04-11,2.32,2.79,0.47
2018-04-12,2.34,2.83,0.49
2018-04-13,2.37,2.82,0.45
2018-04-16,2.39,2.83,0.44
2018-04-17,2.41,2.82,0.41
2018-04-18,2.42,2.87,0.45
2018-04-19,2.44,2.92,0.48
2018-04-20,2.46,2.96,0.5
2018-04-23,2.49,2.98,0.49
2018-04-24,2.48,3.0,0.52
2018-04-25,2.49,3.03,0.54
2018-04-26,2.49,3.0,0.51
2018-04-27,2.49,2.96,0.47
2018-04-30,2.49,2.95,0.46
2018-05-01,2.5,2.97,0.47
2018-05-02,2.49,2.97,0.48
2018-05-03,2.49,2.94,0.45
2018-05-04,2.51,2.95,0.44
2018-05-07,2.49,2.95,0.46
2018-05-08,2.51,2.97,0.46
2018-05-09,2.54,3.0,0.46
2018-05-10,2.54,2.97,0.43
2018-05-11,2.54,2.97,0.43
2018-05-14,2.55,3.0,0.45
2018-05-15,2.58,3.08,0.5
2018-05-16,2.58,3.09,0.51
2018-05-17,2.57,3.11,0.54
2018-05-18,2.55,3.06,0.51
2018-05-21,2.58,3.06,0.48
2018-05-22,2.59,3.06,0.47
2018-05-23,2.53,3.01,0.48
2018-05-24,2.5,2.98,0.48
2018-05-25,2.48,2.93,0.45
2018-05-28,,,
2018-05-29,2.32,2.77,0.45
2018-05-30,2.42,2.84,0.42
2018-05-31,2.4,2.83,0.43
2018-06-01,2.47,2.89,0.42
2018-06-04,2.52,2.94,0.42
2018-06-05,2.49,2.92,0.43
2018-06-06,2.52,2.97,0.45
2018-06-07,2.5,2.93,0.43
2018-06-08,2.5,2.93,0.43
2018-06-11,2.52,2.96,0.44
2018-06-12,2.54,2.96,0.42
2018-06-13,2.59,2.98,0.39
2018-06-14,2.59,2.94,0.35
2018-06-15,2.55,2.93,0.38
2018-06-18,2.56,2.92,0.36
2018-06-19,2.54,2.89,0.35
2018-06-20,2.56,2.93,0.37
2018-06-21,2.56,2.9,0.34
2018-06-22,2.56,2.9,0.34
2018-06-25,2.54,2.87,0.33
2018-06-26,2.53,2.88,0.35
2018-06-27,2.52,2.83,0.31
2018-06-28,2.52,2.84,0.32
2018-06-29,2.52,2.85,0.33
2018-07-02,2.57,2.87,0.3
2018-07-03,2.53,2.83,0.3
2018-07-04,,,
2018-07-05,2.55,2.84,0.29
2018-07-06,2.53,2.82,0.29
2018-07-09,2.57,2.86,0.29
2018-07-10,2.59,2.87,0.28
2018-07-11,2.58,2.85,0.27
2018-07-12,2.6,2.85,0.25
2018-07-13,2.59,2.83,0.24
2018-07-16,2.59,2.85,0.26
2018-07-17,2.62,2.86,0.24
2018-07-18,2.6,2.88,0.28
2018-07-19,2.6,2.84,0.24
2018-07-20,2.6,2.89,0.29
2018-07-23,2.64,2.96,0.32
2018-07-24,2.63,2.95,0.32
2018-07-25,2.66,2.94,0.28
2018-07-26,2.69,2.98,0.29
2018-07-27,2.67,2.96,0.29
2018-07-30,2.66,2.98,0.32
2018-07-31,2.67,2.96,0.29
2018-08-01,2.67,3.0,0.33
2018-08-02,2.66,2.98,0.32
2018-08-03,2.63,2.95,0.32
2018-08-06,2.64,2.94,0.3
2018-08-07,2.68,2.98,0.3
2018-08-08,2.68,2.96,0.28
2018-08-09,2.64,2.93,0.29
2018-08-10,2.61,2.87,0.26
2018-08-13,2.61,2.88,0.27
2018-08-14,2.63,2.89,0.26
2018-08-15,2.61,2.86,0.25
2018-08-16,2.63,2.87,0.24
2018-08-17,2.61,2.87,0.26
2018-08-20,2.6,2.82,0.22
2018-08-21,2.61,2.85,0.24
2018-08-22,2.6,2.82,0.22
2018-08-23,2.61,2.82,0.21
2018-08-24,2.63,2.82,0.19
2018-08-27,2.67,2.85,0.18
2018-08-28,2.67,2.88,0.21
2018-08-29,2.67,2.89,0.22
2018-08-30,2.64,2.86,0.22
2018-08-31,2.62,2.86,0.24
2018-09-03,,,
2018-09-04,2.66,2.9,0.24
2018-09-05,2.66,2.9,0.24
2018-09-06,2.64,2.88,0.24
2018-09-07,2.71,2.94,0.23
2018-09-10,2.73,2.94,0.21
2018-09-11,2.76,2.98,0.22
2018-09-12,2.74,2.97,0.23
2018-09-13,2.76,2.97,0.21
2018-09-14,2.78,2.99,0.21
2018-09-17,2.78,2.99,0.21
2018-09-18,2.81,3.05,0.24
2018-09-19,2.81,3.08,0.27
2018-09-20,2.81,3.07,0.26
2018-09-21,2.81,3.07,0.26
2018-09-24,2.83,3.08,0.25
2018-09-25,2.83,3.1,0.27
2018-09-26,2.83,3.06,0.23
2018-09-27,2.83,3.06,0.23
2018-09-28,2.81,3.05,0.24
2018-10-01,2.82,3.09,0.27
2018-10-02,2.82,3.05,0.23
2018-10-03,2.85,3.15,0.3
2018-10-04,2.87,3.19,0.32
2018-10-05,2.88,3.23,0.35
2018-10-08,,,
2018-10-09,2.88,3.21,0.33
2018-10-10,2.88,3.22,0.34
2018-10-11,2.85,3.14,0.29
2018-10-12,2.85,3.15,0.3
2018-10-15,2.85,3.16,0.31
2018-10-16,2.87,3.16,0.29
2018-10-17,2.89,3.19,0.3
2018-10-18,2.87,3.17,0.3
2018-10-19,2.92,3.2,0.28
2018-10-22,2.92,3.2,0.28
2018-10-23,2.89,3.17,0.28
2018-10-24,2.84,3.1,0.26
2018-10-25,2.86,3.14,0.28
2018-10-26,2.81,3.08,0.27
2018-10-29,2.81,3.08,0.27
2018-10-30,2.84,3.12,0.28
2018-10-31,2.87,3.15,0.28
2018-11-01,2.84,3.14,0.3
2018-11-02,2.91,3.22,0.31
2018-11-05,2.91,3.2,0.29
2018-11-06,2.93,3.22,0.29
2018-11-07,2.96,3.22,0.26
2018-11-08,2.98,3.24,0.26
2018-11-09,2.94,3.19,0.25
2018-11-12,,,
2018-11-13,2.89,3.14,0.25
2018-11-14,2.86,3.12,0.26
2018-11-15,2.86,3.11,0.25
2018-11-16,2.81,3.08,0.27
2018-11-19,2.79,3.06,0.27
2018-11-20,2.79,3.06,0.27
2018-11-21,2.81,3.06,0.25
2018-11-22,,,
2018-11-23,2.81,3.05,0.24
2018-11-26,2.84,3.07,0.23
2018-11-27,2.83,3.06,0.23
2018-11-28,2.81,3.06,0.25
2018-11-29,2.81,3.03,0.22
2018-11-30,2.8,3.01,0.21
2018-12-03,2.83,2.98,0.15
2018-12-04,2.8,2.91,0.11
2018-12-05,,,
2018-12-06,2.75,2.87,0.12
2018-12-07,2.72,2.85,0.13
2018-12-10,2.72,2.85,0.13
2018-12-11,2.78,2.89,0.11
2018-12-12,2.77,2.91,0.14
2018-12-13,2.75,2.91,0.16
2018-12-14,2.73,2.89,0.16
2018-12-17,2.7,2.86,0.16
2018-12-18,2.65,2.82,0.17
2018-12-19,2.63,2.77,0.14
2018-12-20,2.67,2.79,0.12
2018-12-21,2.63,2.79,0.16
2018-12-24,2.55,2.74,0.19
2018-12-25,,,
2018-12-26,2.61,2.81,0.2
2018-12-27,2.56,2.77,0.21
2018-12-28,2.52,2.72,0.2
2018-12-31,2.48,2.69,0.21
2019-01-01,,,
2019-01-02,2.5,2.66,0.16
2019-01-03,2.39,2.56,0.17
2019-01-04,2.5,2.67,0.17
2019-01-07,2.53,2.7,0.17
2019-01-08,2.58,2.73,0.15
2019-01-09,2.56,2.74,0.18
2019-01-10,2.56,2.74,0.18
2019-01-11,2.55,2.71,0.16
2019-01-14,2.53,2.71,0.18
2019-01-15,2.53,2.72,0.19
2019-01-16,2.55,2.73,0.18
2019-01-17,2.56,2.75,0.19
2019-01-18,2.62,2.79,0.17
2019-01-21,,,
2019-01-22,2.58,2.74,0.16
2019-01-23,2.58,2.76,0.18
2019-01-24,2.56,2.72,0.16
2019-01-25,2.6,2.76,0.16
2019-01-28,2.6,2.75,0.15
2019-01-29,2.56,2.72,0.16
2019-01-30,2.52,2.7,0.18
2019-01-31,2.45,2.63,0.18
2019-02-01,2.52,2.7,0.18
2019-02-04,2.53,2.73,0.2
2019-02-05,2.53,2.71,0.18
2019-02-06,2.52,2.7,0.18
2019-02-07,2.48,2.65,0.17
2019-02-08,2.45,2.63,0.18
2019-02-11,2.48,2.65,0.17
2019-02-12,2.5,2.68,0.18
2019-02-13,2.53,2.71,0.18
2019-02-14,2.5,2.66,0.16
2019-02-15,2.52,2.66,0.14
2019-02-18,,,
2019-02-19,2.5,2.65,0.15
2019-02-20,2.5,2.65,0.15
2019-02-21,2.53,2.69,0.16
2019-02-22,2.48,2.65,0.17
2019-02-25,2.51,2.67,0.16
2019-02-26,2.48,2.64,0.16
2019-02-27,2.5,2.69,0.19
2019-02-28,2.52,2.73,0.21
2019-03-01,2.55,2.76,0.21
2019-03-04,2.55,2.72,0.17
2019-03-05,2.55,2.72,0.17
2019-03-06,2.52,2.69,0.17
2019-03-07,2.47,2.64,0.17
2019-03-08,2.45,2.62,0.17
2019-03-11,2.47,2.64,0.17
2019-03-12,2.45,2.61,0.16
2019-03-13,2.45,2.61,0.16
2019-03-14,2.46,2.63,0.17
2019-03-15,2.43,2.59,0.16
2019-03-18,2.45,2.6,0.15
2019-03-19,2.46,2.61,0.15
2019-03-20,2.4,2.54,0.14
2019-03-21,2.41,2.54,0.13
2019-03-22,2.31,2.44,0.13
2019-03-25,2.26,2.43,0.17
2019-03-26,2.24,2.41,0.17
2019-03-27,2.22,2.39,0.17
2019-03-28,2.23,2.39,0.16
2019-03-29,2.27,2.41,0.14
2019-04-01,2.33,2.49,0.16
2019-04-02,2.3,2.48,0.18
2019-04-03,2.33,2.52,0.19
2019-04-04,2.33,2.51,0.18
2019-04-05,2.35,2.5,0.15
2019-04-08,2.36,2.52,0.16
2019-04-09,2.35,2.51,0.16
2019-04-10,2.31,2.48,0.17
2019-04-11,2.35,2.51,0.16
2019-04-12,2.4,2.56,0.16
2019-04-15,2.4,2.55,0.15
2019-04-16,2.41,2.6,0.19
2019-04-17,2.4,2.59,0.19
2019-04-18,2.38,2.57,0.19
2019-04-19,,,
2019-04-22,2.38,2.59,0.21
2019-04-23,2.36,2.57,0.21
2019-04-24,2.32,2.53,0.21
2019-04-25,2.33,2.54,0.21
2019-04-26,2.28,2.51,0.23
2019-04-29,2.3,2.54,0.24
2019-04-30,2.27,2.51,0.24
2019-05-01,2.31,2.52,0.21
2019-05-02,2.35,2.55,0.2
2019-05-03,2.33,2.54,0.21
2019-05-06,2.31,2.51,0.2
2019-05-07,2.28,2.45,0.17
2019-05-08,2.3,2.49,0.19
2019-05-09,2.26,2.45,0.19
2019-05-10,2.26,2.47,0.21
2019-05-13,2.18,2.4,0.22
2019-05-14,2.2,2.42,0.22
2019-05-15,2.16,2.37,0.21
2019-05-16,2.2,2.4,0.2
2019-05-17,2.2,2.39,0.19
2019-05-20,2.21,2.41,0.2
2019-05-21,2.26,2.43,0.17
2019-05-22,2.23,2.39,0.16
2019-05-23,2.12,2.31,0.19
2019-05-24,2.16,2.32,0.16
2019-05-27,,,
2019-05-28,2.12,2.26,0.14
2019-05-29,2.09,2.25,0.16
2019-05-30,2.06,2.22,0.16
2019-05-31,1.95,2.14,0.19
2019-06-03,1.82,2.07,0.25
2019-06-04,1.88,2.12,0.24
2019-06-05,1.83,2.12,0.29
2019-06-06,1.88,2.12,0.24
2019-06-07,1.85,2.09,0.24
2019-06-10,1.9,2.15,0.25
2019-06-11,1.93,2.15,0.22
2019-06-12,1.88,2.13,0.25
2019-06-13,1.83,2.1,0.27
2019-06-14,1.84,2.09,0.25
2019-06-17,1.86,2.09,0.23
2019-06-18,1.86,2.06,0.2
2019-06-19,1.74,2.03,0.29
2019-06-20,1.72,2.01,0.29
2019-06-21,1.77,2.07,0.3
2019-06-24,1.72,2.02,0.3
2019-06-25,1.71,2.0,0.29
2019-06-26,1.77,2.05,0.28
2019-06-27,1.74,2.01,0.27
2019-06-28,1.75,2.0,0.25
2019-07-01,1.78,2.03,0.25
2019-07-02,1.77,1.98,0.21
2019-07-03,1.77,1.96,0.19
2019-07-04,,,
2019-07-05,1.87,2.04,0.17
2019-07-08,1.88,2.05,0.17
2019-07-09,1.92,2.07,0.15
2019-07-10,1.82,2.07,0.25
2019-07-11,1.85,2.13,0.28
2019-07-12,1.84,2.12,0.28
2019-07-15,1.83,2.09,0.26
2019-07-16,1.87,2.13,0.26
2019-07-17,1.83,2.06,0.23
2019-07-18,1.77,2.04,0.27
2019-07-19,1.8,2.05,0.25
2019-07-22,1.8,2.05,0.25
2019-07-23,1.83,2.08,0.25
2019-07-24,1.83,2.05,0.22
2019-07-25,1.86,2.08,0.22
2019-07-26,1.86,2.08,0.22
2019-07-29,1.85,2.06,0.21
2019-07-30,1.85,2.06,0.21
2019-07-31,1.89,2.02,0.13
2019-08-01,1.73,1.9,0.17
2019-08-02,1.72,1.86,0.14
2019-08-05,1.59,1.75,0.16
2019-08-06,1.6,1.73,0.13
2019-08-07,1.59,1.71,0.12
2019-08-08,1.62,1.72,0.1
2019-08-09,1.63,1.74,0.11
2019-08-12,1.58,1.65,0.07
2019-08-13,1.66,1.68,0.02
2019-08-14,1.58,1.59,0.01
2019-08-15,1.48,1.52,0.04
2019-08-16,1.48,1.55,0.07
2019-08-19,1.53,1.6,0.07
2019-08-20,1.5,1.55,0.05
2019-08-21,1.56,1.59,0.03
2019-08-22,1.61,1.62,0.01
2019-08-23,1.51,1.52,0.01
2019-08-26,1.54,1.54,0.0
2019-08-27,1.53,1.49,-0.04
2019-08-28,1.5,1.47,-0.03
2019-08-29,1.53,1.5,-0.03
2019-08-30,1.5,1.5,0.0
2019-09-02,,,
2019-09-03,1.47,1.47,0.0
2019-09-04,1.43,1.47,0.04
2019-09-05,1.55,1.57,0.02
2019-09-06,1.53,1.55,0.02
2019-09-09,1.58,1.63,0.05
2019-09-10,1.67,1.72,0.05
2019-09-11,1.68,1.75,0.07
2019-09-12,1.72,1.79,0.07
2019-09-13,1.79,1.9,0.11
2019-09-16,1.74,1.84,0.1
2019-09-17,1.72,1.81,0.09
2019-09-18,1.77,1.8,0.03
2019-09-19,1.74,1.79,0.05
2019-09-20,1.69,1.74,0.05
2019-09-23,1.68,1.72,0.04
2019-09-24,1.6,1.64,0.04
2019-09-25,1.68,1.73,0.05
2019-09-26,1.66,1.7,0.04
2019-09-27,1.63,1.69,0.06
2019-09-30,1.63,1.68,0.05
2019-10-01,1.56,1.65,0.09
2019-10-02,1.48,1.6,0.12
2019-10-03,1.39,1.54,0.15
2019-10-04,1.4,1.52,0.12
2019-10-07,1.46,1.56,0.1
2019-10-08,1.42,1.54,0.12
2019-10-09,1.47,1.59,0.12
2019-10-10,1.53,1.67,0.14
2019-10-11,1.63,1.76,0.13
2019-10-14,,,
2019-10-15,1.61,1.77,0.16
2019-10-16,1.58,1.75,0.17
2019-10-17,1.6,1.76,0.16
2019-10-18,1.58,1.76,0.18
2019-10-21,1.62,1.8,0.18
2019-10-22,1.6,1.78,0.18
2019-10-23,1.58,1.77,0.19
2019-10-24,1.58,1.77,0.19
2019-10-25,1.63,1.8,0.17
2019-10-28,1.64,1.85,0.21
2019-10-29,1.64,1.84,0.2
2019-10-30,1.61,1.78,0.17
2019-10-31,1.52,1.69,0.17
2019-11-01,1.56,1.73,0.17
2019-11-04,1.6,1.79,0.19
2019-11-05,1.63,1.86,0.23
2019-11-06,1.61,1.81,0.2
2019-11-07,1.68,1.92,0.24
2019-11-08,1.68,1.94,0.26
2019-11-11,,,
2019-11-12,1.66,1.92,0.26
2019-11-13,1.63,1.88,0.25
2019-11-14,1.58,1.82,0.24
2019-11-15,1.61,1.84,0.23
2019-11-18,1.6,1.81,0.21
2019-11-19,1.6,1.79,0.19
2019-11-20,1.56,1.73,0.17
2019-11-21,1.6,1.77,0.17
2019-11-22,1.61,1.77,0.16
2019-11-25,1.61,1.76,0.15
2019-11-26,1.58,1.74,0.16
2019-11-27,1.63,1.77,0.14
2019-11-28,,,
2019-11-29,1.61,1.78,0.17
2019-12-02,1.61,1.83,0.22
2019-12-03,1.53,1.72,0.19
2019-12-04,1.58,1.77,0.19
2019-12-05,1.58,1.8,0.22
2019-12-06,1.61,1.84,0.23
2019-12-09,1.63,1.83,0.2
2019-12-10,1.65,1.85,0.2
2019-12-11,1.61,1.79,0.18
2019-12-12,1.66,1.9,0.24
2019-12-13,1.61,1.82,0.21
2019-12-16,1.65,1.89,0.24
2019-12-17,1.63,1.89,0.26
2019-12-18,1.63,1.92,0.29
2019-12-19,1.62,1.92,0.3
2019-12-20,1.63,1.92,0.29
2019-12-23,1.64,1.93,0.29
2019-12-24,1.62,1.9,0.28
2019-12-25,,,
2019-12-26,1.64,1.9,0.26
2019-12-27,1.59,1.88,0.29
2019-12-30,1.58,1.9,0.32
2019-12-31,1.58,1.92,0.34
2020-01-01,,,
2020-01-02,1.58,1.88,0.3
2020-01-03,1.53,1.8,0.27
2020-01-06,1.54,1.81,0.27
2020-01-07,1.54,1.83,0.29
2020-01-08,1.58,1.87,0.29
2020-01-09,1.58,1.85,0.27
2020-01-10,1.56,1.83,0.27
2020-01-13,1.58,1.85,0.27
2020-01-14,1.58,1.82,0.24
2020-01-15,1.56,1.79,0.23
2020-01-16,1.58,1.81,0.23
2020-01-17,1.58,1.84,0.26
2020-01-20,,,
2020-01-21,1.53,1.78,0.25
2020-01-22,1.53,1.77,0.24
2020-01-23,1.51,1.74,0.23
2020-01-24,1.49,1.7,0.21
2020-01-27,1.44,1.61,0.17
2020-01-28,1.45,1.65,0.2
2020-01-29,1.42,1.6,0.18
2020-01-30,1.41,1.57,0.16
2020-01-31,1.33,1.51,0.18
2020-02-03,1.36,1.54,0.18
2020-02-04,1.41,1.61,0.2
2020-02-05,1.44,1.66,0.22
2020-02-06,1.44,1.65,0.21
2020-02-07,1.41,1.59,0.18
2020-02-10,1.37,1.56,0.19
2020-02-11,1.41,1.59,0.18
2020-02-12,1.44,1.62,0.18
2020-02-13,1.44,1.61,0.17
2020-02-14,1.42,1.59,0.17
2020-02-17,,,
2020-02-18,1.41,1.55,0.14
2020-02-19,1.42,1.56,0.14
2020-02-20,1.39,1.52,0.13
2020-02-21,1.34,1.46,0.12
2020-02-24,1.26,1.38,0.12
2020-02-25,1.2,1.33,0.13
2020-02-26,1.16,1.33,0.17
2020-02-27,1.11,1.3,0.19
2020-02-28,0.86,1.13,0.27
2020-03-02,0.84,1.1,0.26
2020-03-03,0.71,1.02,0.31
2020-03-04,0.67,1.02,0.35
2020-03-05,0.59,0.92,0.33
2020-03-06,0.49,0.74,0.25
2020-03-09,0.38,0.54,0.16
2020-03-10,0.5,0.76,0.26
2020-03-11,0.5,0.82,0.32
2020-03-12,0.5,0.88,0.38
2020-03-13,0.49,0.94,0.45
2020-03-16,0.36,0.73,0.37
2020-03-17,0.47,1.02,0.55
2020-03-18,0.54,1.18,0.64
2020-03-19,0.44,1.12,0.68
2020-03-20,0.37,0.92,0.55
2020-03-23,0.28,0.76,0.48
2020-03-24,0.38,0.84,0.46
2020-03-25,0.34,0.88,0.54
2020-03-26,0.3,0.83,0.53
2020-03-27,0.25,0.72,0.47
2020-03-30,0.23,0.7,0.47
2020-03-31,0.23,0.7,0.47
2020-04-01,0.23,0.62,0.39
2020-04-02,0.23,0.63,0.4
2020-04-03,0.23,0.62,0.39
2020-04-06,0.27,0.67,0.4
2020-04-07,0.28,0.75,0.47
2020-04-08,0.27,0.77,0.5
2020-04-09,0.23,0.73,0.5
2020-04-10,,,
2020-04-13,0.25,0.76,0.51
2020-04-14,0.23,0.76,0.53
2020-04-15,0.2,0.63,0.43
2020-04-16,0.2,0.61,0.41
2020-04-17,0.2,0.65,0.45
2020-04-20,0.2,0.63,0.43
2020-04-21,0.2,0.58,0.38
2020-04-22,0.22,0.63,0.41
2020-04-23,0.22,0.61,0.39
2020-04-24,0.22,0.6,0.38
2020-04-27,0.24,0.67,0.43
2020-04-28,0.2,0.62,0.42
2020-04-29,0.2,0.63,0.43
2020-04-30,0.2,0.64,0.44
2020-05-01,0.2,0.64,0.44
2020-05-04,0.19,0.64,0.45
2020-05-05,0.19,0.66,0.47
2020-05-06,0.17,0.72,0.55
2020-05-07,0.13,0.63,0.5
2020-05-08,0.16,0.69,0.53
2020-05-11,0.17,0.73,0.56
2020-05-12,0.17,0.69,0.52
2020-05-13,0.16,0.64,0.48
2020-05-14,0.16,0.63,0.47
2020-05-15,0.16,0.64,0.48
2020-05-18,0.18,0.73,0.55
2020-05-19,0.17,0.7,0.53
2020-05-20,0.16,0.68,0.52
2020-05-21,0.17,0.68,0.51
2020-05-22,0.17,0.66,0.49
2020-05-25,,,
2020-05-26,0.18,0.69,0.51
2020-05-27,0.19,0.68,0.49
2020-05-28,0.17,0.7,0.53
2020-05-29,0.16,0.65,0.49
2020-06-01,0.14,0.66,0.52
2020-06-02,0.17,0.68,0.51
2020-06-03,0.19,0.77,0.58
2020-06-04,0.19,0.82,0.63
2020-06-05,0.22,0.91,0.69
2020-06-08,0.22,0.88,0.66
2020-06-09,0.2,0.84,0.64
2020-06-10,0.17,0.75,0.58
2020-06-11,0.19,0.66,0.47
2020-06-12,0.19,0.71,0.52
2020-06-15,0.19,0.71,0.52
2020-06-16,0.21,0.75,0.54
2020-06-17,0.19,0.74,0.55
2020-06-18,0.19,0.71,0.52
2020-06-19,0.19,0.7,0.51
2020-06-22,0.19,0.71,0.52
2020-06-23,0.18,0.72,0.54
2020-06-24,0.19,0.69,0.5
2020-06-25,0.17,0.68,0.51
2020-06-26,0.17,0.64,0.47
2020-06-29,0.16,0.64,0.48
2020-06-30,0.16,0.66,0.5
2020-07-01,0.17,0.69,0.52
2020-07-02,0.16,0.68,0.52
2020-07-03,,,
2020-07-06,0.16,0.69,0.53
2020-07-07,0.16,0.65,0.49
2020-07-08,0.16,0.67,0.51
2020-07-09,0.16,0.62,0.46
2020-07-10,0.16,0.65,0.49
2020-07-13,0.16,0.64,0.48
2020-07-14,0.14,0.63,0.49
2020-07-15,0.16,0.64,0.48
2020-07-16,0.16,0.62,0.46
2020-07-17,0.14,0.64,0.5
2020-07-20,0.16,0.62,0.46
2020-07-21,0.14,0.61,0.47
2020-07-22,0.14,0.6,0.46
2020-07-23,0.16,0.59,0.43
2020-07-24,0.14,0.59,0.45
2020-07-27,0.15,0.62,0.47
2020-07-28,0.14,0.59,0.45
2020-07-29,0.12,0.58,0.46
2020-07-30,0.11,0.55,0.44
2020-07-31,0.11,0.55,0.44
2020-08-03,0.11,0.56,0.45
2020-08-04,0.11,0.52,0.41
2020-08-05,0.11,0.55,0.44
2020-08-06,0.11,0.55,0.44
2020-08-07,0.13,0.57,0.44
2020-08-10,0.14,0.59,0.45
2020-08-11,0.16,0.64,0.48
2020-08-12,0.16,0.69,0.53
2020-08-13,0.16,0.71,0.55
2020-08-14,0.14,0.71,0.57
2020-08-17,0.14,0.69,0.55
2020-08-18,0.14,0.67,0.53
2020-08-19,0.14,0.68,0.54
2020-08-20,0.13,0.65,0.52
2020-08-21,0.16,0.64,0.48
2020-08-24,0.14,0.65,0.51
2020-08-25,0.15,0.69,0.54
2020-08-26,0.16,0.69,0.53
2020-08-27,0.16,0.74,0.58
2020-08-28,0.14,0.74,0.6
2020-08-31,0.14,0.72,0.58
2020-09-01,0.13,0.68,0.55
2020-09-02,0.14,0.66,0.52
2020-09-03,0.13,0.63,0.5
2020-09-04,0.14,0.72,0.58
2020-09-07,,,
2020-09-08,0.14,0.69,0.55
2020-09-09,0.14,0.71,0.57
2020-09-10,0.14,0.68,0.54
2020-09-11,0.13,0.67,0.54
2020-09-14,0.14,0.68,0.54
2020-09-15,0.14,0.68,0.54
2020-09-16,0.14,0.69,0.55
2020-09-17,0.13,0.69,0.56
2020-09-18,0.14,0.7,0.56
2020-09-21,0.14,0.68,0.54
2020-09-22,0.13,0.68,0.55
2020-09-23,0.14,0.68,0.54
2020-09-24,0.14,0.67,0.53
2020-09-25,0.12,0.66,0.54
2020-09-28,0.14,0.67,0.53
2020-09-29,0.11,0.66,0.55
2020-09-30,0.13,0.69,0.56
2020-10-01,0.14,0.68,0.54
2020-10-02,0.13,0.7,0.57
2020-10-05,0.14,0.78,0.64
2020-10-06,0.14,0.76,0.62
2020-10-07,0.16,0.81,0.65
2020-10-08,0.13,0.78,0.65
2020-10-09,0.16,0.79,0.63
2020-10-12,,,
2020-10-13,0.16,0.74,0.58
2020-10-14,0.14,0.73,0.59
2020-10-15,0.14,0.74,0.6
2020-10-16,0.14,0.76,0.62
2020-10-19,0.16,0.78,0.62
2020-10-20,0.14,0.81,0.67
2020-10-21,0.14,0.83,0.69
2020-10-22,0.16,0.87,0.71
2020-10-23,0.18,0.85,0.67
2020-10-26,0.16,0.81,0.65
2020-10-27,0.16,0.79,0.63
2020-10-28,0.16,0.79,0.63
2020-10-29,0.16,0.85,0.69
2020-10-30,0.14,0.88,0.74
2020-11-02,0.16,0.87,0.71
2020-11-03,0.17,0.9,0.73
2020-11-04,0.14,0.78,0.64
2020-11-05,0.14,0.79,0.65
2020-11-06,0.16,0.83,0.67
2020-11-09,0.17,0.96,0.79
2020-11-10,0.19,0.98,0.79
2020-11-11,,,
2020-11-12,0.17,0.88,0.71
2020-11-13,0.17,0.89,0.72
2020-11-16,0.19,0.91,0.72
2020-11-17,0.18,0.87,0.69
2020-11-18,0.16,0.88,0.72
2020-11-19,0.18,0.86,0.68
2020-11-20,0.16,0.83,0.67
2020-11-23,0.16,0.86,0.7
2020-11-24,0.16,0.88,0.72
2020-11-25,0.17,0.88,0.71
2020-11-26,,,
2020-11-27,0.16,0.84,0.68
2020-11-30,0.16,0.84,0.68
2020-12-01,0.17,0.92,0.75
2020-12-02,0.16,0.95,0.79
2020-12-03,0.16,0.92,0.76
2020-12-04,0.16,0.97,0.81
2020-12-07,0.14,0.94,0.8
2020-12-08,0.14,0.92,0.78
2020-12-09,0.16,0.95,0.79
2020-12-10,0.14,0.92,0.78
2020-12-11,0.11,0.9,0.79
2020-12-14,0.13,0.9,0.77
2020-12-15,0.11,0.92,0.81
2020-12-16,0.13,0.92,0.79
2020-12-17,0.13,0.94,0.81
2020-12-18,0.13,0.95,0.82
2020-12-21,0.13,0.95,0.82
2020-12-22,0.13,0.93,0.8
2020-12-23,0.13,0.96,0.83
2020-12-24,0.13,0.94,0.81
2020-12-25,,,
2020-12-28,0.13,0.94,0.81
2020-12-29,0.12,0.94,0.82
2020-12-30,0.12,0.93,0.81
2020-12-31,0.13,0.93,0.8
2021-01-01,,,
2021-01-04,0.11,0.93,0.82
2021-01-05,0.13,0.96,0.83
2021-01-06,0.14,1.04,0.9
2021-01-07,0.14,1.08,0.94
2021-01-08,0.14,1.13,0.99
2021-01-11,0.14,1.15,1.01
2021-01-12,0.14,1.15,1.01
2021-01-13,0.14,1.1,0.96
2021-01-14,0.16,1.15,0.99
2021-01-15,0.13,1.11,0.98
2021-01-18,,,
2021-01-19,0.14,1.1,0.96
2021-01-20,0.13,1.1,0.97
2021-01-21,0.13,1.12,0.99
2021-01-22,0.13,1.1,0.97
2021-01-25,0.13,1.05,0.92
2021-01-26,0.11,1.05,0.94
2021-01-27,0.12,1.04,0.92
2021-01-28,0.12,1.07,0.95
2021-01-29,0.11,1.11,1.0
2021-02-01,0.11,1.09,0.98
2021-02-02,0.11,1.12,1.01
2021-02-03,0.11,1.15,1.04
2021-02-04,0.11,1.15,1.04
2021-02-05,0.09,1.19,1.1
2021-02-08,0.11,1.19,1.08
2021-02-09,0.11,1.18,1.07
2021-02-10,0.11,1.15,1.04
2021-02-11,0.11,1.16,1.05
2021-02-12,0.11,1.2,1.09
2021-02-15,,,
2021-02-16,0.13,1.3,1.17
2021-02-17,0.11,1.29,1.18
2021-02-18,0.11,1.29,1.18
2021-02-19,0.11,1.34,1.23
2021-02-22,0.11,1.37,1.26
2021-02-23,0.11,1.37,1.26
2021-02-24,0.12,1.38,1.26
2021-02-25,0.17,1.54,1.37
2021-02-26,0.14,1.44,1.3
2021-03-01,0.13,1.45,1.32
2021-03-02,0.13,1.42,1.29
2021-03-03,0.14,1.47,1.33
2021-03-04,0.14,1.54,1.4
2021-03-05,0.14,1.56,1.42
2021-03-08,0.17,1.59,1.42
2021-03-09,0.17,1.55,1.38
2021-03-10,0.16,1.53,1.37
2021-03-11,0.14,1.54,1.4
2021-03-12,0.14,1.64,1.5
2021-03-15,0.14,1.62,1.48
2021-03-16,0.15,1.62,1.47
2021-03-17,0.13,1.63,1.5
2021-03-18,0.16,1.71,1.55
2021-03-19,0.16,1.74,1.58
2021-03-22,0.15,1.69,1.54
2021-03-23,0.15,1.63,1.48
2021-03-24,0.14,1.62,1.48
2021-03-25,0.14,1.63,1.49
2021-03-26,0.14,1.67,1.53
2021-03-29,0.14,1.73,1.59
2021-03-30,0.16,1.73,1.57
2021-03-31,0.16,1.74,1.58
2021-04-01,0.17,1.69,1.52
2021-04-02,0.19,1.72,1.53
2021-04-05,0.17,1.73,1.56
2021-04-06,0.16,1.67,1.51
2021-04-07,0.16,1.68,1.52
2021-04-08,0.14,1.64,1.5
2021-04-09,0.16,1.67,1.51
2021-04-12,0.18,1.69,1.51
2021-04-13,0.16,1.64,1.48
2021-04-14,0.16,1.64,1.48
2021-04-15,0.16,1.56,1.4
2021-04-16,0.16,1.59,1.43
2021-04-19,0.16,1.61,1.45
2021-04-20,0.15,1.58,1.43
2021-04-21,0.15,1.57,1.42
2021-04-22,0.16,1.57,1.41
2021-04-23,0.16,1.58,1.42
2021-04-26,0.18,1.58,1.4
2021-04-27,0.17,1.63,1.46
2021-04-28,0.17,1.63,1.46
2021-04-29,0.16,1.65,1.49
2021-04-30,0.16,1.65,1.49
2021-05-03,0.16,1.63,1.47
2021-05-04,0.16,1.61,1.45
2021-05-05,0.16,1.59,1.43
2021-05-06,0.16,1.58,1.42
2021-05-07,0.14,1.6,1.46
2021-05-10,0.16,1.63,1.47
2021-05-11,0.16,1.64,1.48
2021-05-12,0.16,1.69,1.53
2021-05-13,0.16,1.66,1.5
2021-05-14,0.16,1.63,1.47
2021-05-17,0.16,1.64,1.48
2021-05-18,0.16,1.64,1.48
2021-05-19,0.16,1.68,1.52
2021-05-20,0.15,1.63,1.48
2021-05-21,0.17,1.63,1.46
2021-05-24,0.15,1.61,1.46
2021-05-25,0.15,1.56,1.41
2021-05-26,0.14,1.58,1.44
2021-05-27,0.14,1.61,1.47
2021-05-28,0.14,1.58,1.44
2021-05-31,,,
2021-06-01,0.16,1.62,1.46
2021-06-02,0.13,1.59,1.46
2021-06-03,0.16,1.63,1.47
2021-06-04,0.14,1.56,1.42
2021-06-07,0.16,1.57,1.41
2021-06-08,0.14,1.53,1.39
2021-06-09,0.16,1.5,1.34
2021-06-10,0.14,1.45,1.31
2021-06-11,0.16,1.47,1.31
2021-06-14,0.16,1.51,1.35
2021-06-15,0.16,1.51,1.35
2021-06-16,0.21,1.57,1.36
2021-06-17,0.23,1.52,1.29
2021-06-18,0.26,1.45,1.19
2021-06-21,0.27,1.5,1.23
2021-06-22,0.25,1.48,1.23
2021-06-23,0.26,1.5,1.24
2021-06-24,0.26,1.49,1.23
2021-06-25,0.28,1.54,1.26
2021-06-28,0.25,1.49,1.24
2021-06-29,0.27,1.49,1.22
2021-06-30,0.25,1.45,1.2
2021-07-01,0.25,1.48,1.23
2021-07-02,0.24,1.44,1.2
2021-07-05,,,
2021-07-06,0.22,1.37,1.15
2021-07-07,0.22,1.33,1.11
2021-07-08,0.19,1.3,1.11
2021-07-09,0.23,1.37,1.14
2021-07-12,0.23,1.38,1.15
2021-07-13,0.26,1.42,1.16
2021-07-14,0.23,1.37,1.14
2021-07-15,0.23,1.31,1.08
2021-07-16,0.25,1.31,1.06
2021-07-19,0.21,1.19,0.98
2021-07-20,0.2,1.23,1.03
2021-07-21,0.22,1.3,1.08
2021-07-22,0.2,1.27,1.07
2021-07-23,0.22,1.3,1.08
2021-07-26,0.22,1.29,1.07
2021-07-27,0.2,1.25,1.05
2021-07-28,0.2,1.26,1.06
2021-07-29,0.2,1.28,1.08
2021-07-30,0.19,1.24,1.05
2021-08-02,0.17,1.2,1.03
2021-08-03,0.17,1.19,1.02
2021-08-04,0.17,1.19,1.02
2021-08-05,0.21,1.23,1.02
2021-08-06,0.21,1.31,1.1
2021-08-09,0.23,1.33,1.1
2021-08-10,0.24,1.36,1.12
2021-08-11,0.23,1.35,1.12
2021-08-12,0.23,1.36,1.13
2021-08-13,0.23,1.29,1.06
2021-08-16,0.21,1.26,1.05
2021-08-17,0.23,1.26,1.03
2021-08-18,0.23,1.27,1.04
2021-08-19,0.22,1.24,1.02
2021-08-20,0.23,1.26,1.03
2021-08-23,0.23,1.25,1.02
2021-08-24,0.24,1.29,1.05
2021-08-25,0.23,1.35,1.12
2021-08-26,0.25,1.34,1.09
2021-08-27,0.22,1.31,1.09
2021-08-30,0.2,1.29,1.09
2021-08-31,0.2,1.3,1.1
2021-09-01,0.2,1.31,1.11
2021-09-02,0.2,1.29,1.09
2021-09-03,0.21,1.33,1.12
2021-09-06,,,
2021-09-07,0.22,1.38,1.16
2021-09-08,0.22,1.35,1.13
2021-09-09,0.23,1.3,1.07
2021-09-10,0.23,1.35,1.12
2021-09-13,0.21,1.33,1.12
2021-09-14,0.21,1.28,1.07
2021-09-15,0.21,1.31,1.1
2021-09-16,0.23,1.34,1.11
2021-09-17,0.23,1.37,1.14
2021-09-20,0.23,1.31,1.08
2021-09-21,0.22,1.33,1.11
2021-09-22,0.25,1.32,1.07
2021-09-23,0.27,1.41,1.14
2021-09-24,0.29,1.47,1.18
2021-09-27,0.31,1.48,1.17
2021-09-28,0.31,1.54,1.23
2021-09-29,0.3,1.55,1.25
2021-09-30,0.28,1.52,1.24
2021-10-01,0.27,1.48,1.21
2021-10-04,0.27,1.49,1.22
2021-10-05,0.28,1.54,1.26
2021-10-06,0.3,1.53,1.23
2021-10-07,0.32,1.58,1.26
2021-10-08,0.32,1.61,1.29
2021-10-11,,,
2021-10-12,0.35,1.59,1.24
2021-10-13,0.37,1.56,1.19
2021-10-14,0.36,1.52,1.16
2021-10-15,0.41,1.59,1.18
2021-10-18,0.44,1.59,1.15
2021-10-19,0.41,1.65,1.24
2021-10-20,0.4,1.65,1.25
2021-10-21,0.45,1.68,1.23
2021-10-22,0.48,1.66,1.18
2021-10-25,0.47,1.64,1.17
2021-10-26,0.47,1.63,1.16
2021-10-27,0.5,1.54,1.04
2021-10-28,0.5,1.57,1.07
2021-10-29,0.48,1.55,1.07
2021-11-01,0.5,1.58,1.08
2021-11-02,0.46,1.56,1.1
2021-11-03,0.47,1.6,1.13
2021-11-04,0.41,1.53,1.12
2021-11-05,0.39,1.45,1.06
2021-11-08,0.45,1.51,1.06
2021-11-09,0.41,1.46,1.05
2021-11-10,0.51,1.56,1.05
2021-11-11,,,
2021-11-12,0.53,1.58,1.05
2021-11-15,0.53,1.63,1.1
2021-11-16,0.54,1.63,1.09
2021-11-17,0.52,1.6,1.08
2021-11-18,0.52,1.59,1.07
2021-11-19,0.52,1.54,1.02
2021-11-22,0.63,1.63,1.0
2021-11-23,0.6,1.67,1.07
2021-11-24,0.64,1.64,1.0
2021-11-25,,,
2021-11-26,0.5,1.48,0.98
2021-11-29,0.51,1.52,1.01
2021-11-30,0.52,1.43,0.91
2021-12-01,0.56,1.43,0.87
2021-12-02,0.63,1.44,0.81
2021-12-03,0.6,1.35,0.75
2021-12-06,0.65,1.43,0.78
2021-12-07,0.7,1.48,0.78
2021-12-08,0.68,1.52,0.84
2021-12-09,0.7,1.49,0.79
2021-12-10,0.67,1.48,0.81
2021-12-13,0.66,1.42,0.76
2021-12-14,0.67,1.44,0.77
2021-12-15,0.69,1.47,0.78
2021-12-16,0.64,1.44,0.8
2021-12-17,0.66,1.41,0.75
2021-12-20,0.65,1.43,0.78
2021-12-21,0.7,1.48,0.78
2021-12-22,0.68,1.46,0.78
2021-12-23,0.71,1.5,0.79
2021-12-24,,,
2021-12-27,0.76,1.48,0.72
2021-12-28,0.74,1.49,0.75
2021-12-29,0.75,1.55,0.8
2021-12-30,0.73,1.52,0.79
2021-12-31,0.73,1.52,0.79
2022-01-03,0.78,1.63,0.85
2022-01-04,0.77,1.66,0.89
2022-01-05,0.83,1.71,0.88
2022-01-06,0.88,1.73,0.85
2022-01-07,0.87,1.76,0.89
2022-01-10,0.92,1.78,0.86
2022-01-11,0.9,1.75,0.85
2022-01-12,0.92,1.74,0.82
2022-01-13,0.91,1.7,0.79
2022-01-14,0.99,1.78,0.79
2022-01-17,,,
2022-01-18,1.06,1.87,0.81
2022-01-19,1.04,1.83,0.79
2022-01-20,1.08,1.83,0.75
2022-01-21,1.01,1.75,0.74
2022-01-24,0.99,1.75,0.76
2022-01-25,1.02,1.78,0.76
2022-01-26,1.13,1.85,0.72
2022-01-27,1.18,1.81,0.63
2022-01-28,1.15,1.78,0.63
2022-01-31,1.18,1.79,0.61
2022-02-01,1.18,1.81,0.63
2022-02-02,1.16,1.78,0.62
2022-02-03,1.19,1.82,0.63
2022-02-04,1.31,1.93,0.62
2022-02-07,1.3,1.92,0.62
2022-02-08,1.35,1.96,0.61
2022-02-09,1.36,1.94,0.58
2022-02-10,1.61,2.03,0.42
2022-02-11,1.5,1.92,0.42
2022-02-14,1.58,1.98,0.4
2022-02-15,1.58,2.05,0.47
2022-02-16,1.52,2.03,0.51
2022-02-17,1.49,1.97,0.48
2022-02-18,1.47,1.92,0.45
2022-02-21,,,
2022-02-22,1.56,1.94,0.38
2022-02-23,1.58,1.99,0.41
2022-02-24,1.54,1.96,0.42
2022-02-25,1.55,1.97,0.42
2022-02-28,1.44,1.83,0.39
2022-03-01,1.31,1.72,0.41
2022-03-02,1.5,1.86,0.36
2022-03-03,1.53,1.86,0.33
2022-03-04,1.5,1.74,0.24
2022-03-07,1.55,1.78,0.23
2022-03-08,1.63,1.86,0.23
2022-03-09,1.68,1.94,0.26
2022-03-10,1.72,1.98,0.26
2022-03-11,1.75,2.0,0.25
2022-03-14,1.87,2.14,0.27
2022-03-15,1.85,2.15,0.3
2022-03-16,1.95,2.19,0.24
2022-03-17,1.94,2.2,0.26
2022-03-18,1.97,2.14,0.17
2022-03-21,2.14,2.32,0.18
2022-03-22,2.18,2.38,0.2
2022-03-23,2.13,2.32,0.19
2022-03-24,2.13,2.34,0.21
2022-03-25,2.3,2.48,0.18
2022-03-28,2.35,2.46,0.11
2022-03-29,2.35,2.41,0.06
2022-03-30,2.31,2.35,0.04
2022-03-31,2.28,2.32,0.04
2022-04-01,2.44,2.39,-0.05
2022-04-04,2.43,2.42,-0.01
2022-04-05,2.51,2.54,0.03
2022-04-06,2.5,2.61,0.11
2022-04-07,2.47,2.66,0.19
2022-04-08,2.53,2.72,0.19
2022-04-11,2.5,2.79,0.29
2022-04-12,2.39,2.72,0.33
2022-04-13,2.37,2.7,0.33
2022-04-14,2.47,2.83,0.36
2022-04-15,,,
2022-04-18,2.46,2.85,0.39
2022-04-19,2.61,2.93,0.32
2022-04-20,2.6,2.85,0.25
2022-04-21,2.68,2.9,0.22
2022-04-22,2.72,2.9,0.18
2022-04-25,2.63,2.81,0.18
2022-04-26,2.54,2.77,0.23
2022-04-27,2.58,2.82,0.24
2022-04-28,2.63,2.85,0.22
2022-04-29,2.7,2.89,0.19
2022-05-02,2.73,2.99,0.26
2022-05-03,2.78,2.97,0.19
2022-05-04,2.66,2.93,0.27
2022-05-05,2.71,3.05,0.34
2022-05-06,2.72,3.12,0.4
2022-05-09,2.61,3.05,0.44
2022-05-10,2.62,2.99,0.37
2022-05-11,2.66,2.91,0.25
2022-05-12,2.56,2.84,0.28
2022-05-13,2.61,2.93,0.32
2022-05-16,2.58,2.88,0.3
2022-05-17,2.71,2.98,0.27
2022-05-18,2.68,2.89,0.21
2022-05-19,2.63,2.84,0.21
2022-05-20,2.6,2.78,0.18
2022-05-23,2.65,2.86,0.21
2022-05-24,2.5,2.76,0.26
2022-05-25,2.48,2.75,0.27
2022-05-26,2.46,2.75,0.29
2022-05-27,2.47,2.74,0.27
2022-05-30,,,
2022-05-31,2.53,2.85,0.32
2022-06-01,2.66,2.94,0.28
2022-06-02,2.65,2.92,0.27
2022-06-03,2.66,2.96,0.3
2022-06-06,2.73,3.04,0.31
2022-06-07,2.75,2.98,0.23
2022-06-08,2.78,3.03,0.25
2022-06-09,2.83,3.04,0.21
2022-06-10,3.06,3.15,0.09
2022-06-13,3.4,3.43,0.03
2022-06-14,3.45,3.49,0.04
2022-06-15,3.2,3.33,0.13
2022-06-16,3.14,3.28,0.14
2022-06-17,3.17,3.25,0.08
2022-06-20,,,
2022-06-21,3.21,3.31,0.1
2022-06-22,3.06,3.16,0.1
2022-06-23,3.01,3.09,0.08
2022-06-24,3.04,3.13,0.09
2022-06-27,3.08,3.2,0.12
2022-06-28,3.1,3.2,0.1
2022-06-29,3.06,3.1,0.04
2022-06-30,2.92,2.98,0.06
2022-07-01,2.84,2.88,0.04
2022-07-04,,,
2022-07-05,2.82,2.82,0.0
2022-07-06,2.97,2.93,-0.04
2022-07-07,3.03,3.01,-0.02
2022-07-08,3.12,3.09,-0.03
2022-07-11,3.07,2.99,-0.08
2022-07-12,3.03,2.96,-0.07
2022-07-13,3.13,2.91,-0.22
2022-07-14,3.15,2.96,-0.19
2022-07-15,3.13,2.93,-0.2
2022-07-18,3.15,2.96,-0.19
2022-07-19,3.23,3.01,-0.22
2022-07-20,3.25,3.04,-0.21
2022-07-21,3.1,2.91,-0.19
2022-07-22,2.98,2.77,-0.21
2022-07-25,3.0,2.81,-0.19
2022-07-26,3.02,2.81,-0.21
2022-07-27,2.96,2.78,-0.18
2022-07-28,2.85,2.68,-0.17
2022-07-29,2.89,2.67,-0.22
2022-08-01,2.9,2.6,-0.3
2022-08-02,3.06,2.75,-0.31
2022-08-03,3.1,2.73,-0.37
2022-08-04,3.03,2.68,-0.35
2022-08-05,3.24,2.83,-0.41
2022-08-08,3.21,2.77,-0.44
2022-08-09,3.28,2.8,-0.48
2022-08-10,3.23,2.78,-0.45
2022-08-11,3.23,2.87,-0.36
2022-08-12,3.25,2.84,-0.41
2022-08-15,3.2,2.79,-0.41
2022-08-16,3.25,2.82,-0.43
2022-08-17,3.28,2.89,-0.39
2022-08-18,3.22,2.88,-0.34
2022-08-19,3.25,2.98,-0.27
2022-08-22,3.32,3.03,-0.29
2022-08-23,3.29,3.05,-0.24
2022-08-24,3.36,3.11,-0.25
2022-08-25,3.35,3.03,-0.32
2022-08-26,3.37,3.04,-0.33
2022-08-29,3.42,3.12,-0.3
2022-08-30,3.46,3.11,-0.35
2022-08-31,3.45,3.15,-0.3
2022-09-01,3.51,3.26,-0.25
2022-09-02,3.4,3.2,-0.2
2022-09-05,,,
2022-09-06,3.5,3.33,-0.17
2022-09-07,3.45,3.27,-0.18
2022-09-08,3.48,3.29,-0.19
2022-09-09,3.56,3.33,-0.23
2022-09-12,3.58,3.37,-0.21
2022-09-13,3.75,3.42,-0.33
2022-09-14,3.78,3.41,-0.37
2022-09-15,3.87,3.45,-0.42
2022-09-16,3.85,3.45,-0.4
2022-09-19,3.95,3.49,-0.46
2022-09-20,3.96,3.57,-0.39
2022-09-21,4.02,3.51,-0.51
2022-09-22,4.11,3.7,-0.41
2022-09-23,4.2,3.69,-0.51
2022-09-26,4.27,3.88,-0.39
2022-09-27,4.3,3.97,-0.33
2022-09-28,4.07,3.72,-0.35
2022-09-29,4.16,3.76,-0.4
2022-09-30,4.22,3.83,-0.39
2022-10-03,4.12,3.67,-0.45
2022-10-04,4.1,3.62,-0.48
2022-10-05,4.15,3.76,-0.39
2022-10-06,4.23,3.83,-0.4
2022-10-07,4.3,3.89,-0.41
2022-10-10,,,
2022-10-11,4.3,3.93,-0.37
2022-10-12,4.28,3.91,-0.37
2022-10-13,4.47,3.97,-0.5
2022-10-14,4.48,4.0,-0.48
2022-10-17,4.45,4.02,-0.43
2022-10-18,4.43,4.01,-0.42
2022-10-19,4.55,4.14,-0.41
2022-10-20,4.62,4.24,-0.38
2022-10-21,4.49,4.21,-0.28
2022-10-24,4.5,4.25,-0.25
2022-10-25,4.42,4.1,-0.32
2022-10-26,4.39,4.04,-0.35
2022-10-27,4.3,3.96,-0.34
2022-10-28,4.41,4.02,-0.39
2022-10-31,4.51,4.1,-0.41
2022-11-01,4.54,4.07,-0.47
2022-11-02,4.61,4.1,-0.51
2022-11-03,4.71,4.14,-0.57
2022-11-04,4.66,4.17,-0.49
2022-11-07,4.72,4.22,-0.5
2022-11-08,4.67,4.14,-0.53
2022-11-09,4.61,4.12,-0.49
2022-11-10,4.34,3.82,-0.52
2022-11-11,,,
2022-11-14,4.4,3.88,-0.52
2022-11-15,4.37,3.8,-0.57
2022-11-16,4.35,3.67,-0.68
2022-11-17,4.43,3.77,-0.66
2022-11-18,4.51,3.82,-0.69
2022-11-21,4.48,3.83,-0.65
2022-11-22,4.47,3.76,-0.71
2022-11-23,4.46,3.71,-0.75
2022-11-24,,,
2022-11-25,4.42,3.68,-0.74
2022-11-28,4.46,3.69,-0.77
2022-11-29,4.48,3.75,-0.73
2022-11-30,4.38,3.68,-0.7
2022-12-01,4.25,3.53,-0.72
2022-12-02,4.28,3.51,-0.77
2022-12-05,4.41,3.6,-0.81
2022-12-06,4.34,3.51,-0.83
2022-12-07,4.26,3.42,-0.84
2022-12-08,4.31,3.48,-0.83
2022-12-09,4.33,3.57,-0.76
2022-12-12,4.39,3.61,-0.78
2022-12-13,4.22,3.51,-0.71
2022-12-14,4.23,3.49,-0.74
2022-12-15,4.23,3.44,-0.79
2022-12-16,4.17,3.48,-0.69
2022-12-19,4.25,3.57,-0.68
2022-12-20,4.25,3.69,-0.56
2022-12-21,4.21,3.68,-0.53
2022-12-22,4.24,3.67,-0.57
2022-12-23,4.31,3.75,-0.56
2022-12-26,,,
2022-12-27,4.32,3.84,-0.48
2022-12-28,4.31,3.88,-0.43
2022-12-29,4.34,3.83,-0.51
2022-12-30,4.41,3.88,-0.53
2023-01-02,,,
2023-01-03,4.4,3.79,-0.61
2023-01-04,4.36,3.69,-0.67
2023-01-05,4.45,3.71,-0.74
2023-01-06,4.24,3.55,-0.69
2023-01-09,4.19,3.53,-0.66
2023-01-10,4.24,3.61,-0.63
2023-01-11,4.2,3.54,-0.66
2023-01-12,4.12,3.43,-0.69
2023-01-13,4.22,3.49,-0.73
2023-01-16,,,
2023-01-17,4.18,3.53,-0.65
2023-01-18,4.06,3.37,-0.69
2023-01-19,4.09,3.39,-0.7
2023-01-20,4.14,3.48,-0.66
2023-01-23,4.21,3.52,-0.69
2023-01-24,4.12,3.46,-0.66
2023-01-25,4.11,3.46,-0.65
2023-01-26,4.17,3.49,-0.68
2023-01-27,4.19,3.52,-0.67
2023-01-30,4.25,3.55,-0.7
2023-01-31,4.21,3.52,-0.69
2023-02-01,4.09,3.39,-0.7
2023-02-02,4.09,3.4,-0.69
2023-02-03,4.3,3.53,-0.77
2023-02-06,4.44,3.63,-0.81
2023-02-07,4.47,3.67,-0.8
2023-02-08,4.45,3.63,-0.82
2023-02-09,4.48,3.67,-0.81
2023-02-10,4.5,3.74,-0.76
2023-02-13,4.52,3.72,-0.8
2023-02-14,4.6,3.77,-0.83
2023-02-15,4.62,3.81,-0.81
2023-02-16,4.62,3.86,-0.76
2023-02-17,4.6,3.82,-0.78
2023-02-20,,,
2023-02-21,4.67,3.95,-0.72
2023-02-22,4.66,3.93,-0.73
2023-02-23,4.66,3.88,-0.78
2023-02-24,4.78,3.95,-0.83
2023-02-27,4.78,3.92,-0.86
2023-02-28,4.81,3.92,-0.89
2023-03-01,4.89,4.01,-0.88
2023-03-02,4.89,4.08,-0.81
2023-03-03,4.86,3.97,-0.89
2023-03-06,4.89,3.98,-0.91
2023-03-07,5.0,3.97,-1.03
2023-03-08,5.05,3.98,-1.07
2023-03-09,4.9,3.93,-0.97
2023-03-10,4.6,3.7,-0.9
2023-03-13,4.03,3.55,-0.48
2023-03-14,4.2,3.64,-0.56
2023-03-15,3.93,3.51,-0.42
2023-03-16,4.14,3.56,-0.58
2023-03-17,3.81,3.39,-0.42
2023-03-20,3.92,3.47,-0.45
2023-03-21,4.17,3.59,-0.58
2023-03-22,3.96,3.48,-0.48
2023-03-23,3.76,3.38,-0.38
2023-03-24,3.76,3.38,-0.38
2023-03-27,3.94,3.53,-0.41
2023-03-28,4.02,3.55,-0.47
2023-03-29,4.08,3.57,-0.51
2023-03-30,4.1,3.55,-0.55
2023-03-31,4.06,3.48,-0.58
2023-04-03,3.97,3.43,-0.54
2023-04-04,3.84,3.35,-0.49
2023-04-05,3.79,3.3,-0.49
2023-04-06,3.82,3.3,-0.52
2023-04-07,3.97,3.39,-0.58
2023-04-10,4.0,3.41,-0.59
2023-04-11,4.03,3.43,-0.6
2023-04-12,3.95,3.41,-0.54
2023-04-13,3.96,3.45,-0.51
2023-04-14,4.08,3.52,-0.56
2023-04-17,4.18,3.6,-0.58
2023-04-18,4.19,3.58,-0.61
2023-04-19,4.24,3.6,-0.64
2023-04-20,4.14,3.54,-0.6
2023-04-21,4.17,3.57,-0.6
2023-04-24,4.12,3.52,-0.6
2023-04-25,3.86,3.4,-0.46
2023-04-26,3.9,3.43,-0.47
2023-04-27,4.07,3.53,-0.54
2023-04-28,4.04,3.44,-0.6
2023-05-01,4.14,3.59,-0.55
2023-05-02,3.97,3.44,-0.53
2023-05-03,3.89,3.38,-0.51
2023-05-04,3.75,3.37,-0.38
2023-05-05,3.92,3.44,-0.48
2023-05-08,4.0,3.52,-0.48
2023-05-09,4.01,3.53,-0.48
2023-05-10,3.9,3.43,-0.47
2023-05-11,3.89,3.39,-0.5
2023-05-12,3.98,3.46,-0.52
2023-05-15,3.99,3.5,-0.49
2023-05-16,4.06,3.54,-0.52
2023-05-17,4.12,3.57,-0.55
2023-05-18,4.24,3.65,-0.59
2023-05-19,4.28,3.7,-0.58
2023-05-22,4.29,3.72,-0.57
2023-05-23,4.26,3.7,-0.56
2023-05-24,4.31,3.73,-0.58
2023-05-25,4.5,3.83,-0.67
2023-05-26,4.54,3.8,-0.74
2023-05-29,,,
2023-05-30,4.46,3.69,-0.77
2023-05-31,4.4,3.64,-0.76
2023-06-01,4.33,3.61,-0.72
2023-06-02,4.5,3.69,-0.81
2023-06-05,4.46,3.69,-0.77
2023-06-06,4.51,3.7,-0.81
2023-06-07,4.56,3.79,-0.77
2023-06-08,4.52,3.73,-0.79
2023-06-09,4.59,3.75,-0.84
2023-06-12,4.55,3.73,-0.82
2023-06-13,4.67,3.84,-0.83
2023-06-14,4.74,3.83,-0.91
2023-06-15,4.62,3.72,-0.9
2023-06-16,4.7,3.77,-0.93
2023-06-19,,,
2023-06-20,4.68,3.74,-0.94
2023-06-21,4.68,3.72,-0.96
2023-06-22,4.77,3.8,-0.97
2023-06-23,4.71,3.74,-0.97
2023-06-26,4.65,3.72,-0.93
2023-06-27,4.74,3.77,-0.97
2023-06-28,4.71,3.71,-1.0
2023-06-29,4.87,3.85,-1.02
2023-06-30,4.87,3.81,-1.06
2023-07-03,4.94,3.86,-1.08
2023-07-04,,,
2023-07-05,4.94,3.95,-0.99
2023-07-06,4.99,4.05,-0.94
2023-07-07,4.94,4.06,-0.88
2023-07-10,4.85,4.01,-0.84
2023-07-11,4.88,3.99,-0.89
2023-07-12,4.72,3.86,-0.86
2023-07-13,4.59,3.76,-0.83
2023-07-14,4.74,3.83,-0.91
2023-07-17,4.74,3.81,-0.93
2023-07-18,4.74,3.8,-0.94
2023-07-19,4.74,3.75,-0.99
2023-07-20,4.8,3.85,-0.95
2023-07-21,4.82,3.84,-0.98
2023-07-24,4.81,3.86,-0.95
2023-07-25,4.85,3.91,-0.94
2023-07-26,4.82,3.86,-0.96
2023-07-27,4.91,4.01,-0.9
2023-07-28,4.87,3.96,-0.91
2023-07-31,4.88,3.97,-0.91
2023-08-01,4.92,4.05,-0.87
2023-08-02,4.88,4.08,-0.8
2023-08-03,4.9,4.2,-0.7
2023-08-04,4.78,4.05,-0.73
2023-08-07,4.76,4.09,-0.67
2023-08-08,4.74,4.02,-0.72
2023-08-09,4.79,4.0,-0.79
2023-08-10,4.82,4.09,-0.73
2023-08-11,4.89,4.16,-0.73
2023-08-14,4.96,4.19,-0.77
2023-08-15,4.92,4.21,-0.71
2023-08-16,4.97,4.28,-0.69
2023-08-17,4.94,4.3,-0.64
2023-08-18,4.92,4.26,-0.66
2023-08-21,4.97,4.34,-0.63
2023-08-22,5.02,4.34,-0.68
2023-08-23,4.95,4.19,-0.76
2023-08-24,4.98,4.23,-0.75
2023-08-25,5.03,4.25,-0.78
2023-08-28,4.98,4.2,-0.78
2023-08-29,4.87,4.12,-0.75
2023-08-30,4.9,4.12,-0.78
2023-08-31,4.85,4.09,-0.76
2023-09-01,4.87,4.18,-0.69
2023-09-04,,,
2023-09-05,4.94,4.27,-0.67
2023-09-06,5.01,4.3,-0.71
2023-09-07,4.94,4.27,-0.67
2023-09-08,4.98,4.26,-0.72
2023-09-11,4.97,4.29,-0.68
2023-09-12,4.98,4.27,-0.71
2023-09-13,4.96,4.25,-0.71
2023-09-14,5.0,4.29,-0.71
2023-09-15,5.02,4.33,-0.69
2023-09-18,5.05,4.32,-0.73
2023-09-19,5.08,4.37,-0.71
2023-09-20,5.12,4.35,-0.77
2023-09-21,5.12,4.49,-0.63
2023-09-22,5.1,4.44,-0.66
2023-09-25,5.09,4.55,-0.54
2023-09-26,5.04,4.56,-0.48
2023-09-27,5.1,4.61,-0.49
2023-09-28,5.04,4.59,-0.45
2023-09-29,5.03,4.59,-0.44
2023-10-02,5.12,4.69,-0.43
2023-10-03,5.15,4.81,-0.34
2023-10-04,5.05,4.73,-0.32
2023-10-05,5.03,4.72,-0.31
2023-10-06,5.08,4.78,-0.3
2023-10-09,,,
2023-10-10,4.96,4.66,-0.3
2023-10-11,4.99,4.58,-0.41
2023-10-12,5.06,4.7,-0.36
2023-10-13,5.04,4.63,-0.41
2023-10-16,5.09,4.71,-0.38
2023-10-17,5.19,4.83,-0.36
2023-10-18,5.19,4.91,-0.28
2023-10-19,5.14,4.98,-0.16
2023-10-20,5.07,4.93,-0.14
2023-10-23,5.05,4.86,-0.19
2023-10-24,5.02,4.83,-0.19
2023-10-25,5.08,4.95,-0.13
2023-10-26,5.02,4.86,-0.16
2023-10-27,4.99,4.84,-0.15
2023-10-30,5.03,4.88,-0.15
2023-10-31,5.07,4.88,-0.19
2023-11-01,4.95,4.77,-0.18
2023-11-02,4.98,4.67,-0.31
2023-11-03,4.83,4.57,-0.26
2023-11-06,4.93,4.67,-0.26
2023-11-07,4.91,4.58,-0.33
2023-11-08,4.93,4.49,-0.44
2023-11-09,5.03,4.62,-0.41
2023-11-10,5.04,4.61,-0.43
2023-11-13,5.02,4.63,-0.39
2023-11-14,4.8,4.44,-0.36
2023-11-15,4.9,4.53,-0.37
2023-11-16,4.83,4.45,-0.38
2023-11-17,4.88,4.44,-0.44
2023-11-20,4.89,4.42,-0.47
2023-11-21,4.86,4.41,-0.45
2023-11-22,4.89,4.42,-0.47
2023-11-23,,,
2023-11-24,4.92,4.47,-0.45
2023-11-27,4.84,4.39,-0.45
2023-11-28,4.73,4.34,-0.39
2023-11-29,4.64,4.27,-0.37
2023-11-30,4.73,4.37,-0.36
2023-12-01,4.56,4.22,-0.34
2023-12-04,4.64,4.28,-0.36
2023-12-05,4.57,4.18,-0.39
2023-12-06,4.6,4.12,-0.48
2023-12-07,4.58,4.14,-0.44
2023-12-08,4.71,4.23,-0.48
2023-12-11,4.71,4.23,-0.48
2023-12-12,4.73,4.2,-0.53
2023-12-13,4.46,4.04,-0.42
2023-12-14,4.37,3.92,-0.45
2023-12-15,4.44,3.91,-0.53
2023-12-18,4.43,3.95,-0.48
2023-12-19,4.41,3.93,-0.48
2023-12-20,4.34,3.86,-0.48
2023-12-21,4.33,3.89,-0.44
2023-12-22,4.31,3.9,-0.41
2023-12-25,,,
2023-12-26,4.26,3.89,-0.37
2023-12-27,4.2,3.79,-0.41
2023-12-28,4.26,3.84,-0.42
2023-12-29,4.23,3.88,-0.35
2024-01-01,,,
2024-01-02,4.33,3.95,-0.38
2024-01-03,4.33,3.91,-0.42
2024-01-04,4.38,3.99,-0.39
2024-01-05,4.4,4.05,-0.35
2024-01-08,4.36,4.01,-0.35
2024-01-09,4.36,4.02,-0.34
2024-01-10,4.37,4.04,-0.33
2024-01-11,4.26,3.98,-0.28
2024-01-12,4.14,3.96,-0.18
2024-01-15,,,
2024-01-16,4.22,4.07,-0.15
2024-01-17,4.34,4.1,-0.24
2024-01-18,4.34,4.14,-0.2
2024-01-19,4.39,4.15,-0.24
2024-01-22,4.37,4.11,-0.26
2024-01-23,4.31,4.14,-0.17
2024-01-24,4.34,4.18,-0.16
2024-01-25,4.28,4.14,-0.14
2024-01-26,4.34,4.15,-0.19
2024-01-29,4.29,4.08,-0.21
2024-01-30,4.36,4.06,-0.3
2024-01-31,4.27,3.99,-0.28
2024-02-01,4.2,3.87,-0.33
2024-02-02,4.36,4.03,-0.33
2024-02-05,4.46,4.17,-0.29
2024-02-06,4.39,4.09,-0.3
2024-02-07,4.41,4.09,-0.32
2024-02-08,4.46,4.15,-0.31
2024-02-09,4.48,4.17,-0.31
2024-02-12,4.46,4.17,-0.29
2024-02-13,4.64,4.31,-0.33
2024-02-14,4.56,4.27,-0.29
2024-02-15,4.56,4.24,-0.32
2024-02-16,4.64,4.3,-0.34
2024-02-19,,,
2024-02-20,4.59,4.27,-0.32
2024-02-21,4.64,4.32,-0.32
2024-02-22,4.69,4.33,-0.36
2024-02-23,4.67,4.26,-0.41
2024-02-26,4.69,4.28,-0.41
2024-02-27,4.7,4.31,-0.39
2024-02-28,4.64,4.27,-0.37
2024-02-29,4.64,4.25,-0.39
2024-03-01,4.54,4.19,-0.35
2024-03-04,4.61,4.22,-0.39
2024-03-05,4.54,4.13,-0.41
2024-03-06,4.55,4.11,-0.44
2024-03-07,4.5,4.09,-0.41
2024-03-08,4.48,4.09,-0.39
2024-03-11,4.51,4.1,-0.41
2024-03-12,4.58,4.16,-0.42
2024-03-13,4.61,4.19,-0.42
2024-03-14,4.68,4.29,-0.39
2024-03-15,4.72,4.31,-0.41
2024-03-18,4.73,4.34,-0.39
2024-03-19,4.68,4.3,-0.38
2024-03-20,4.59,4.27,-0.32
2024-03-21,4.62,4.27,-0.35
2024-03-22,4.59,4.22,-0.37
2024-03-25,4.54,4.25,-0.29
2024-03-26,4.56,4.24,-0.32
2024-03-27,4.54,4.2,-0.34
2024-03-28,4.59,4.2,-0.39
2024-03-29,,,
2024-04-01,4.72,4.33,-0.39
2024-04-02,4.7,4.36,-0.34
2024-04-03,4.68,4.36,-0.32
2024-04-04,4.65,4.31,-0.34
2024-04-05,4.73,4.39,-0.34
2024-04-08,4.78,4.42,-0.36
2024-04-09,4.74,4.36,-0.38
2024-04-10,4.97,4.55,-0.42
2024-04-11,4.93,4.56,-0.37
2024-04-12,4.88,4.5,-0.38
2024-04-15,4.93,4.63,-0.3
2024-04-16,4.97,4.67,-0.3
2024-04-17,4.93,4.59,-0.34
2024-04-18,4.98,4.64,-0.34
2024-04-19,4.97,4.62,-0.35
2024-04-22,4.97,4.62,-0.35
2024-04-23,4.86,4.61,-0.25
2024-04-24,4.89,4.65,-0.24
2024-04-25,4.96,4.7,-0.26
2024-04-26,4.96,4.67,-0.29
2024-04-29,4.97,4.63,-0.34
2024-04-30,5.04,4.69,-0.35
2024-05-01,4.96,4.63,-0.33
2024-05-02,4.87,4.58,-0.29
2024-05-03,4.81,4.5,-0.31
2024-05-06,4.82,4.49,-0.33
2024-05-07,4.82,4.47,-0.35
2024-05-08,4.84,4.48,-0.36
2024-05-09,4.8,4.45,-0.35
2024-05-10,4.87,4.5,-0.37
2024-05-13,4.85,4.48,-0.37
2024-05-14,4.81,4.45,-0.36
2024-05-15,4.73,4.36,-0.37
2024-05-16,4.78,4.38,-0.4
2024-05-17,4.83,4.42,-0.41
2024-05-20,4.82,4.44,-0.38
2024-05-21,4.82,4.41,-0.41
2024-05-22,4.86,4.43,-0.43
2024-05-23,4.91,4.47,-0.44
2024-05-24,4.93,4.46,-0.47
2024-05-27,,,
2024-05-28,4.94,4.54,-0.4
2024-05-29,4.96,4.61,-0.35
2024-05-30,4.92,4.55,-0.37
2024-05-31,4.89,4.51,-0.38
2024-06-03,4.82,4.41,-0.41
2024-06-04,4.77,4.33,-0.44
2024-06-05,4.72,4.29,-0.43
2024-06-06,4.72,4.28,-0.44
2024-06-07,4.87,4.43,-0.44
2024-06-10,4.87,4.47,-0.4
2024-06-11,4.81,4.39,-0.42
2024-06-12,4.75,4.31,-0.44
2024-06-13,4.68,4.24,-0.44
2024-06-14,4.67,4.2,-0.47
2024-06-17,4.75,4.28,-0.47
2024-06-18,4.69,4.22,-0.47
2024-06-19,,,
2024-06-20,4.7,4.25,-0.45
2024-06-21,4.7,4.25,-0.45
2024-06-24,4.71,4.25,-0.46
2024-06-25,4.65,4.23,-0.42
2024-06-26,4.71,4.32,-0.39
2024-06-27,4.7,4.29,-0.41
2024-06-28,4.71,4.36,-0.35
2024-07-01,4.77,4.48,-0.29
2024-07-02,4.74,4.43,-0.31
2024-07-03,4.71,4.36,-0.35
2024-07-04,,,
2024-07-05,4.6,4.28,-0.32
2024-07-08,4.62,4.28,-0.34
2024-07-09,4.62,4.3,-0.32
2024-07-10,4.62,4.28,-0.34
2024-07-11,4.5,4.2,-0.3
2024-07-12,4.45,4.18,-0.27
2024-07-15,4.44,4.23,-0.21
2024-07-16,4.43,4.17,-0.26
2024-07-17,4.42,4.16,-0.26
2024-07-18,4.46,4.2,-0.26
2024-07-19,4.49,4.25,-0.24
2024-07-22,4.5,4.26,-0.24
2024-07-23,4.4,4.25,-0.15
2024-07-24,4.37,4.28,-0.09
2024-07-25,4.41,4.27,-0.14
2024-07-26,4.36,4.2,-0.16
2024-07-29,4.36,4.17,-0.19
2024-07-30,4.35,4.15,-0.2
2024-07-31,4.29,4.09,-0.2
2024-08-01,4.16,3.99,-0.17
2024-08-02,3.88,3.8,-0.08
2024-08-05,3.89,3.78,-0.11
2024-08-06,3.99,3.9,-0.09
2024-08-07,4.0,3.96,-0.04
2024-08-08,4.04,3.99,-0.05
2024-08-09,4.05,3.94,-0.11
2024-08-12,4.01,3.9,-0.11
2024-08-13,3.93,3.85,-0.08
2024-08-14,3.94,3.83,-0.11
2024-08-15,4.08,3.92,-0.16
2024-08-16,4.06,3.89,-0.17
2024-08-19,4.06,3.86,-0.2
2024-08-20,3.99,3.82,-0.17
2024-08-21,3.92,3.79,-0.13
2024-08-22,3.99,3.86,-0.13
2024-08-23,3.9,3.81,-0.09
2024-08-26,3.91,3.82,-0.09
2024-08-27,3.83,3.83,0.0
2024-08-28,3.83,3.84,0.01
2024-08-29,3.87,3.87,0.0
2024-08-30,3.91,3.91,0.0
2024-09-02,,,
2024-09-03,3.88,3.84,-0.04
2024-09-04,3.76,3.77,0.01
2024-09-05,3.75,3.73,-0.02
2024-09-06,3.66,3.72,0.06
2024-09-09,3.68,3.7,0.02
2024-09-10,3.59,3.65,0.06
2024-09-11,3.62,3.65,0.03
2024-09-12,3.64,3.68,0.04
2024-09-13,3.57,3.66,0.09
2024-09-16,3.56,3.63,0.07
2024-09-17,3.59,3.65,0.06
2024-09-18,3.61,3.7,0.09
2024-09-19,3.59,3.73,0.14
2024-09-20,3.55,3.73,0.18
2024-09-23,3.57,3.75,0.18
2024-09-24,3.49,3.74,0.25
2024-09-25,3.53,3.79,0.26
2024-09-26,3.6,3.79,0.19
2024-09-27,3.55,3.75,0.2
2024-09-30,3.66,3.81,0.15
2024-10-01,3.61,3.74,0.13
2024-10-02,3.63,3.79,0.16
2024-10-03,3.7,3.85,0.15
2024-10-04,3.93,3.98,0.05
2024-10-07,3.99,4.03,0.04
2024-10-08,3.98,4.04,0.06
2024-10-09,3.99,4.06,0.07
2024-10-10,3.98,4.09,0.11
2024-10-11,3.95,4.08,0.13
2024-10-14,,,
2024-10-15,3.95,4.03,0.08
2024-10-16,3.93,4.02,0.09
2024-10-17,3.96,4.09,0.13
2024-10-18,3.95,4.08,0.13
2024-10-21,4.02,4.19,0.17
2024-10-22,4.03,4.2,0.17
2024-10-23,4.07,4.24,0.17
2024-10-24,4.07,4.21,0.14
2024-10-25,4.11,4.25,0.14
2024-10-28,4.12,4.28,0.16
2024-10-29,4.11,4.28,0.17
2024-10-30,4.15,4.29,0.14
2024-10-31,4.16,4.28,0.12
2024-11-01,4.21,4.37,0.16
2024-11-04,4.17,4.31,0.14
2024-11-05,4.19,4.26,0.07
2024-11-06,4.27,4.42,0.15
2024-11-07,4.21,4.31,0.1
2024-11-08,4.26,4.3,0.04
2024-11-11,,,
2024-11-12,4.34,4.43,0.09
2024-11-13,4.27,4.44,0.17
2024-11-14,4.34,4.43,0.09
2024-11-15,4.31,4.43,0.12
2024-11-18,4.29,4.42,0.13
2024-11-19,4.27,4.39,0.12
2024-11-20,4.31,4.41,0.1
2024-11-21,4.34,4.43,0.09
2024-11-22,4.37,4.41,0.04
2024-11-25,4.21,4.27,0.06
2024-11-26,4.21,4.3,0.09
2024-11-27,4.19,4.25,0.06
2024-11-28,,,
2024-11-29,4.13,4.18,0.05
2024-12-02,4.17,4.19,0.02
2024-12-03,4.17,4.23,0.06
2024-12-04,4.13,4.19,0.06
2024-12-05,4.15,4.17,0.02
2024-12-06,4.1,4.15,0.05
2024-12-09,4.13,4.2,0.07
2024-12-10,4.15,4.22,0.07
2024-12-11,4.15,4.26,0.11
2024-12-12,4.18,4.32,0.14
2024-12-13,4.25,4.4,0.15
2024-12-16,4.25,4.39,0.14
2024-12-17,4.25,4.4,0.15
2024-12-18,4.35,4.5,0.15
2024-12-19,4.32,4.57,0.25
2024-12-20,4.3,4.52,0.22
2024-12-23,4.3,4.59,0.29
2024-12-24,4.29,4.59,0.3
2024-12-25,,,
2024-12-26,4.3,4.58,0.28
2024-12-27,4.31,4.62,0.31
2024-12-30,4.24,4.55,0.31
2024-12-31,4.25,4.58,0.33
