date,dff,iorb,dgs2,dgs10,total_public_debt_b
2018-04-03,1.69,,2.28,2.79,21117.03656337448
2018-04-04,1.69,,2.28,2.79,21118.18167865067
2018-04-05,1.69,,2.3,2.83,21120.51621463252
2018-04-06,1.69,,2.27,2.77,21120.32848828231
2018-04-07,1.69,,,,
2018-04-08,1.69,,,,
2018-04-09,1.69,,2.29,2.78,21126.97545921266
2018-04-10,1.69,,2.32,2.8,21134.79158504575
2018-04-11,1.69,,2.32,2.79,21121.833941447858
2018-04-12,1.69,,2.34,2.83,21062.48234757605
2018-04-13,1.69,,2.37,2.82,21063.43015327102
2018-04-14,1.69,,,,
2018-04-15,1.69,,,,
2018-04-16,1.69,,2.39,2.83,21070.96642089765
2018-04-17,1.69,,2.41,2.82,21078.301250985423
2018-04-18,1.69,,2.42,2.87,21079.82562246171
2018-04-19,1.69,,2.44,2.92,21035.49049906202
2018-04-20,1.7,,2.46,2.96,21038.68908928852
2018-04-21,1.7,,,,
2018-04-22,1.7,,,,
2018-04-23,1.7,,2.49,2.98,21043.31773989061
2018-04-24,1.7,,2.48,3.0,21062.394007499148
2018-04-25,1.7,,2.49,3.03,21059.600102296718
2018-04-26,1.7,,2.49,3.0,21055.4982944269
2018-04-27,1.7,,2.49,2.96,21053.36209775015
2018-04-28,1.7,,,,
2018-04-29,1.7,,,,
2018-04-30,1.69,,2.49,2.95,21068.20019743339
2018-05-01,1.7,,2.5,2.97,21030.62998005597
2018-05-02,1.7,,2.49,2.97,21045.329035471852
2018-05-03,1.7,,2.49,2.94,21033.70772478627
2018-05-04,1.7,,2.51,2.95,21037.96290932234
2018-05-05,1.7,,,,
2018-05-06,1.7,,,,
2018-05-07,1.7,,2.49,2.95,21044.16663957673
2018-05-08,1.7,,2.51,2.97,21054.76549443973
2018-05-09,1.7,,2.54,3.0,21041.00861275239
2018-05-10,1.7,,2.54,2.97,21050.82259390163
2018-05-11,1.7,,2.54,2.97,21050.63971222413
2018-05-12,1.7,,,,
2018-05-13,1.7,,,,
2018-05-14,1.7,,2.55,3.0,21054.333351581172
2018-05-15,1.7,,2.58,3.08,21085.763264509
2018-05-16,1.7,,2.58,3.09,21073.97352766504
2018-05-17,1.7,,2.57,3.11,21080.911541301808
2018-05-18,1.7,,2.55,3.06,21080.65757161585
2018-05-19,1.7,,,,
2018-05-20,1.7,,,,
2018-05-21,1.7,,2.58,3.06,21085.944732707852
2018-05-22,1.7,,2.59,3.06,21094.64638203653
2018-05-23,1.7,,2.53,3.01,21082.96091421714
2018-05-24,1.7,,2.5,2.98,21086.523104703443
2018-05-25,1.7,,2.48,2.93,21100.147496907128
2018-05-26,1.7,,,,
2018-05-27,1.7,,,,
2018-05-28,1.7,,,,
2018-05-29,1.7,,2.32,2.77,21103.08123015462
2018-05-30,1.7,,2.42,2.84,21105.716687008422
2018-05-31,1.7,,2.4,2.83,21145.21518572627
2018-06-01,1.7,,2.47,2.89,21083.101841090822
2018-06-02,1.7,,,,
2018-06-03,1.7,,,,
2018-06-04,1.7,,2.52,2.94,21090.7881850399
2018-06-05,1.7,,2.49,2.92,21101.35955339092
2018-06-06,1.7,,2.52,2.97,21102.35287399441
2018-06-07,1.7,,2.5,2.93,21100.104747917423
2018-06-08,1.7,,2.5,2.93,21089.12018602295
2018-06-09,1.7,,,,
2018-06-10,1.7,,,,
2018-06-11,1.7,,2.52,2.96,21092.9394722623
2018-06-12,1.7,,2.54,2.96,21099.48992869223
2018-06-13,1.7,,2.59,2.98,21086.7967280637
2018-06-14,1.9,,2.59,2.94,21080.80046906253
2018-06-15,1.9,,2.55,2.93,21123.860003777
2018-06-16,1.9,,,,
2018-06-17,1.9,,,,
2018-06-18,1.9,,2.56,2.92,21131.55216512166
2018-06-19,1.91,,2.54,2.89,21145.776248815353
2018-06-20,1.92,,2.56,2.93,21134.21072340584
2018-06-21,1.92,,2.56,2.9,21130.80406285482
2018-06-22,1.92,,2.56,2.9,21130.600883846193
2018-06-23,1.92,,,,
2018-06-24,1.92,,,,
2018-06-25,1.92,,2.54,2.87,21140.05367746779
2018-06-26,1.92,,2.53,2.88,21149.679487479032
2018-06-27,1.91,,2.52,2.83,21132.4669983487
2018-06-28,1.91,,2.52,2.84,21128.99981942129
2018-06-29,1.91,,2.52,2.85,21195.06963532281
2018-06-30,1.91,,,,
2018-07-01,1.91,,,,
2018-07-02,1.91,,2.57,2.87,21206.269833983268
2018-07-03,1.91,,2.53,2.83,21200.94619183657
2018-07-04,1.91,,,,
2018-07-05,1.91,,2.55,2.84,21202.77289848906
2018-07-06,1.91,,2.53,2.82,21205.95924560794
2018-07-07,1.91,,,,
2018-07-08,1.91,,,,
2018-07-09,1.91,,2.57,2.86,21208.118414223518
2018-07-10,1.91,,2.59,2.87,21216.401150637288
2018-07-11,1.91,,2.58,2.85,21207.80090096124
2018-07-12,1.91,,2.6,2.85,21211.173172828898
2018-07-13,1.91,,2.59,2.83,21210.74970998538
2018-07-14,1.91,,,,
2018-07-15,1.91,,,,
2018-07-16,1.91,,2.59,2.85,21243.37284407182
2018-07-17,1.91,,2.62,2.86,21255.41448648341
2018-07-18,1.91,,2.6,2.88,21240.86378208895
2018-07-19,1.91,,2.6,2.84,21259.998398094922
2018-07-20,1.91,,2.6,2.89,21260.65185011775
2018-07-21,1.91,,,,
2018-07-22,1.91,,,,
2018-07-23,1.91,,2.64,2.96,21263.80794439277
2018-07-24,1.91,,2.63,2.95,21271.24780054001
2018-07-25,1.91,,2.66,2.94,21265.46508527812
2018-07-26,1.91,,2.69,2.98,21298.62551384647
2018-07-27,1.91,,2.67,2.96,21298.52975816039
2018-07-28,1.91,,,,
2018-07-29,1.91,,,,
2018-07-30,1.91,,2.66,2.98,21299.336900639988
2018-07-31,1.91,,2.67,2.96,21313.06106020236
2018-08-01,1.91,,2.67,3.0,21264.84369512188
2018-08-02,1.91,,2.66,2.98,21313.2814809727
2018-08-03,1.91,,2.63,2.95,21299.885021440172
2018-08-04,1.91,,,,
2018-08-05,1.91,,,,
2018-08-06,1.91,,2.64,2.94,21305.39635713122
2018-08-07,1.91,,2.68,2.98,21309.935887061
2018-08-08,1.91,,2.68,2.96,21298.61165209977
2018-08-09,1.91,,2.64,2.93,21342.18043805036
2018-08-10,1.91,,2.61,2.87,21340.305860713263
2018-08-11,1.91,,,,
2018-08-12,1.91,,,,
2018-08-13,1.91,,2.61,2.88,21345.09251671161
2018-08-14,1.91,,2.63,2.89,21351.570155673962
2018-08-15,1.91,,2.61,2.86,21372.33586271826
2018-08-16,1.92,,2.63,2.87,21407.198924328462
2018-08-17,1.92,,2.61,2.87,21411.381995917673
2018-08-18,1.92,,,,
2018-08-19,1.92,,,,
2018-08-20,1.92,,2.6,2.82,21413.59673331534
2018-08-21,1.92,,2.61,2.85,21419.489702413262
2018-08-22,1.92,,2.6,2.82,21406.76912926927
2018-08-23,1.92,,2.61,2.82,21427.964691382193
2018-08-24,1.92,,2.63,2.82,21427.915886083858
2018-08-25,1.92,,,,
2018-08-26,1.92,,,,
2018-08-27,1.92,,2.67,2.85,21434.5097957533
2018-08-28,1.92,,2.67,2.88,21441.77805485324
2018-08-29,1.92,,2.67,2.89,21439.41896832148
2018-08-30,1.92,,2.64,2.86,21442.46765511431
2018-08-31,1.91,,2.62,2.86,21458.849674105033
2018-09-01,1.91,,,,
2018-09-02,1.91,,,,
2018-09-03,1.91,,,,
2018-09-04,1.92,,2.66,2.9,21455.3497442873
2018-09-05,1.92,,2.66,2.9,21471.06856686417
2018-09-06,1.92,,2.64,2.88,21454.589882352102
2018-09-07,1.92,,2.71,2.94,21456.48310826284
2018-09-08,1.92,,,,
2018-09-09,1.92,,,,
2018-09-10,1.92,,2.73,2.94,21459.79039730667
2018-09-11,1.92,,2.76,2.98,21466.24022376498
2018-09-12,1.92,,2.74,2.97,21450.777638517608
2018-09-13,1.92,,2.76,2.97,21432.542252109448
2018-09-14,1.92,,2.78,2.99,21432.24351555968
2018-09-15,1.92,,,,
2018-09-16,1.92,,,,
2018-09-17,1.92,,2.78,2.99,21490.88569629414
2018-09-18,1.92,,2.81,3.05,21499.17161232923
2018-09-19,1.92,,2.81,3.08,21494.29898187734
2018-09-20,1.92,,2.81,3.07,21467.46852288637
2018-09-21,1.92,,2.81,3.07,21466.736176134462
2018-09-22,1.92,,,,
2018-09-23,1.92,,,,
2018-09-24,1.93,,2.83,3.08,21475.519434473532
2018-09-25,1.93,,2.83,3.1,21482.774907893487
2018-09-26,1.93,,2.83,3.06,21471.0596934092
2018-09-27,2.18,,2.83,3.06,21431.887134696462
2018-09-28,2.18,,2.81,3.05,21516.05818318023
2018-09-29,2.18,,,,
2018-09-30,2.18,,,,
2018-10-01,2.18,,2.82,3.09,21606.94838354628
2018-10-02,2.18,,2.82,3.05,21618.81205715071
2018-10-03,2.18,,2.85,3.15,21605.36341446916
2018-10-04,2.18,,2.87,3.19,21599.37734508236
2018-10-05,2.18,,2.88,3.23,21599.293061786968
2018-10-06,2.18,,,,
2018-10-07,2.18,,,,
2018-10-08,2.18,,,,
2018-10-09,2.18,,2.88,3.21,21602.28591627838
2018-10-10,2.18,,2.88,3.22,21594.438319301647
2018-10-11,2.18,,2.85,3.14,21590.01343472739
2018-10-12,2.18,,2.85,3.15,21597.94130488214
2018-10-13,2.18,,,,
2018-10-14,2.18,,,,
2018-10-15,2.18,,2.85,3.16,21654.150409486392
2018-10-16,2.18,,2.87,3.16,21661.71732244945
2018-10-17,2.19,,2.89,3.19,21653.793061650802
2018-10-18,2.19,,2.87,3.17,21672.45359023812
2018-10-19,2.19,,2.92,3.2,21671.476474549218
2018-10-20,2.19,,,,
2018-10-21,2.19,,,,
2018-10-22,2.19,,2.92,3.2,21674.68371362599
2018-10-23,2.2,,2.89,3.17,21682.44658787073
2018-10-24,2.2,,2.84,3.1,21671.0622900128
2018-10-25,2.2,,2.86,3.14,21695.75009509145
2018-10-26,2.2,,2.81,3.08,21694.90692624919
2018-10-27,2.2,,,,
2018-10-28,2.2,,,,
2018-10-29,2.2,,2.81,3.08,21697.50272208255
2018-10-30,2.2,,2.84,3.12,21699.98138597817
2018-10-31,2.2,,2.87,3.15,21702.369768174467
2018-11-01,2.2,,2.84,3.14,21683.97165259144
2018-11-02,2.19,,2.91,3.22,21676.608763810662
2018-11-03,2.19,,,,
2018-11-04,2.19,,,,
2018-11-05,2.2,,2.91,3.2,21682.37571817325
2018-11-06,2.2,,2.93,3.22,21691.24548900861
2018-11-07,2.2,,2.96,3.22,21690.44069775673
2018-11-08,2.2,,2.98,3.24,21733.42522772846
2018-11-09,2.19,,2.94,3.19,21732.569650931193
2018-11-10,2.19,,,,
2018-11-11,2.19,,,,
2018-11-12,2.19,,,,
2018-11-13,2.2,,2.89,3.14,21734.20182993566
2018-11-14,2.2,,2.86,3.12,21725.713263679987
2018-11-15,2.2,,2.86,3.11,21763.81576780021
2018-11-16,2.2,,2.81,3.08,21766.36166476869
2018-11-17,2.2,,,,
2018-11-18,2.2,,,,
2018-11-19,2.2,,2.79,3.06,21772.1541550562
2018-11-20,2.2,,2.79,3.06,21782.702247862122
2018-11-21,2.2,,2.81,3.06,21769.26391684409
2018-11-22,2.2,,,,
2018-11-23,2.2,,2.81,3.05,21802.839722859622
2018-11-24,2.2,,,,
2018-11-25,2.2,,,,
2018-11-26,2.2,,2.84,3.07,21811.39616062193
2018-11-27,2.2,,2.83,3.06,21816.37558915753
2018-11-28,2.2,,2.81,3.06,21801.92412457684
2018-11-29,2.2,,2.81,3.03,21818.103811690467
2018-11-30,2.2,,2.8,3.01,21850.093880675802
2018-12-01,2.2,,,,
2018-12-02,2.2,,,,
2018-12-03,2.19,,2.83,2.98,21824.097352309982
2018-12-04,2.2,,2.8,2.91,21836.68723697205
2018-12-05,2.2,,,,21839.04621567456
2018-12-06,2.2,,2.75,2.87,21851.51941547575
2018-12-07,2.19,,2.72,2.85,21850.844847464577
2018-12-08,2.19,,,,
2018-12-09,2.19,,,,
2018-12-10,2.2,,2.72,2.85,21854.29617254094
2018-12-11,2.19,,2.78,2.89,21849.74456385824
2018-12-12,2.19,,2.77,2.91,21836.655970708038
2018-12-13,2.19,,2.75,2.91,21823.094510705578
2018-12-14,2.19,,2.73,2.89,21820.936961476662
2018-12-15,2.19,,,,
2018-12-16,2.19,,,,
2018-12-17,2.2,,2.7,2.86,21876.674953142672
2018-12-18,2.2,,2.65,2.82,21885.50149048579
2018-12-19,2.2,,2.63,2.77,21873.19442316445
2018-12-20,2.4,,2.67,2.79,21863.63517672412
2018-12-21,2.4,,2.63,2.79,21868.943731576674
2018-12-22,2.4,,,,
2018-12-23,2.4,,,,
2018-12-24,2.4,,2.55,2.74,21862.54083159479
2018-12-25,2.4,,,,
2018-12-26,2.4,,2.61,2.81,21861.315992472
2018-12-27,2.4,,2.56,2.77,21845.32915441201
2018-12-28,2.4,,2.52,2.72,21867.322638334448
2018-12-29,2.4,,,,
2018-12-30,2.4,,,,
2018-12-31,2.4,,2.48,2.69,21974.09570579055
2019-01-01,2.4,,,,
2019-01-02,2.4,,2.5,2.66,21943.89750712968
2019-01-03,2.4,,2.39,2.56,21929.258046653576
2019-01-04,2.4,,2.5,2.67,21931.966199373943
2019-01-05,2.4,,,,
2019-01-06,2.4,,,,
2019-01-07,2.4,,2.53,2.7,21935.47848452711
2019-01-08,2.4,,2.58,2.73,21941.43687969369
2019-01-09,2.4,,2.56,2.74,21930.194582386142
2019-01-10,2.4,,2.56,2.74,21917.60388128834
2019-01-11,2.4,,2.55,2.71,21917.159310974577
2019-01-12,2.4,,,,
2019-01-13,2.4,,,,
2019-01-14,2.4,,2.53,2.71,21919.99377355677
2019-01-15,2.4,,2.53,2.72,21969.969573018072
2019-01-16,2.4,,2.55,2.73,21960.41128494815
2019-01-17,2.4,,2.56,2.75,21954.77180612041
2019-01-18,2.4,,2.62,2.79,21954.89875928536
2019-01-19,2.4,,,,
2019-01-20,2.4,,,,
2019-01-21,2.4,,,,
2019-01-22,2.4,,2.58,2.74,21953.16011007825
2019-01-23,2.4,,2.58,2.76,21947.795866492783
2019-01-24,2.4,,2.56,2.72,21941.25888110269
2019-01-25,2.4,,2.6,2.76,21950.2499134085
2019-01-26,2.4,,,,
2019-01-27,2.4,,,,
2019-01-28,2.4,,2.6,2.75,21955.074791078532
2019-01-29,2.4,,2.56,2.72,21973.3310014227
2019-01-30,2.4,,2.52,2.7,21968.157827920128
2019-01-31,2.4,,2.45,2.63,21982.42303647523
2019-02-01,2.4,,2.52,2.7,21921.6303349062
2019-02-02,2.4,,,,
2019-02-03,2.4,,,,
2019-02-04,2.4,,2.53,2.73,21933.49116660477
2019-02-05,2.4,,2.53,2.71,21957.295730198828
2019-02-06,2.4,,2.52,2.7,21957.56095310145
2019-02-07,2.4,,2.48,2.65,21955.06192493072
2019-02-08,2.4,,2.45,2.63,21957.707162297578
2019-02-09,2.4,,,,
2019-02-10,2.4,,,,
2019-02-11,2.4,,2.48,2.65,22012.84089168532
2019-02-12,2.4,,2.5,2.68,22035.76814945989
2019-02-13,2.4,,2.53,2.71,22020.113259723013
2019-02-14,2.4,,2.5,2.66,22015.60844649727
2019-02-15,2.4,,2.52,2.66,22025.54794747837
2019-02-16,2.4,,,,
2019-02-17,2.4,,,,
2019-02-18,2.4,,,,
2019-02-19,2.4,,2.5,2.65,22040.66695508047
2019-02-20,2.4,,2.5,2.65,22039.763197239237
2019-02-21,2.4,,2.53,2.69,22039.28988262587
2019-02-22,2.4,,2.48,2.65,22063.55729960016
2019-02-23,2.4,,,,
2019-02-24,2.4,,,,
2019-02-25,2.4,,2.51,2.67,22067.09596445839
2019-02-26,2.4,,2.48,2.64,22089.959800922
2019-02-27,2.4,,2.5,2.69,22074.31786885795
2019-02-28,2.4,,2.52,2.73,22115.52644559907
2019-03-01,2.4,,2.55,2.76,22028.945980301647
2019-03-02,2.4,,,,
2019-03-03,2.4,,,,
2019-03-04,2.4,,2.55,2.72,22028.44712565223
2019-03-05,2.4,,2.55,2.72,22028.52454838566
2019-03-06,2.4,,2.52,2.69,22028.357199655038
2019-03-07,2.4,,2.47,2.64,22029.05154900287
2019-03-08,2.4,,2.45,2.62,22028.881490539352
2019-03-09,2.4,,,,
2019-03-10,2.4,,,,
2019-03-11,2.4,,2.47,2.64,22028.37130580944
2019-03-12,2.4,,2.45,2.61,22028.4441334292
2019-03-13,2.4,,2.45,2.61,22028.27303164025
2019-03-14,2.4,,2.46,2.63,22028.87781533249
2019-03-15,2.4,,2.43,2.59,22028.70606317496
2019-03-16,2.4,,,,
2019-03-17,2.4,,,,
2019-03-18,2.4,,2.45,2.6,22028.19080348494
2019-03-19,2.4,,2.46,2.61,22028.26263997293
2019-03-20,2.41,,2.4,2.54,22028.08981217634
2019-03-21,2.41,,2.41,2.54,22028.692383333102
2019-03-22,2.41,,2.31,2.44,22028.51892788687
2019-03-23,2.41,,,,
2019-03-24,2.41,,,,
2019-03-25,2.4,,2.26,2.43,22027.99854352524
2019-03-26,2.4,,2.24,2.41,22028.072102351198
2019-03-27,2.41,,2.22,2.39,22027.897795377423
2019-03-28,2.41,,2.23,2.39,22029.11248074188
2019-03-29,2.43,,2.27,2.41,22027.880157027987
2019-03-30,2.43,,,,
2019-03-31,2.43,,,,
2019-04-01,2.41,,2.33,2.49,22027.70498772449
2019-04-02,2.41,,2.3,2.48,22027.57910893254
2019-04-03,2.41,,2.33,2.52,
2019-04-04,2.41,,2.33,2.51,22028.14766158979
2019-04-05,2.41,,2.35,2.5,22027.97301298234
2019-04-06,2.41,,,,
2019-04-07,2.41,,,,
2019-04-08,2.41,,2.36,2.52,22027.449134390732
2019-04-09,2.41,,2.35,2.51,22027.4969990356
2019-04-10,2.41,,2.31,2.48,22027.323060789033
2019-04-11,2.41,,2.35,2.51,22027.83712778804
2019-04-12,2.41,,2.4,2.56,22027.66494177885
2019-04-13,2.41,,,,
2019-04-14,2.41,,,,
2019-04-15,2.41,,2.4,2.55,22027.148377103513
2019-04-16,2.41,,2.41,2.6,22027.19788517336
2019-04-17,2.42,,2.4,2.59,22027.0264752484
2019-04-18,2.43,,2.38,2.57,22027.54267277063
2019-04-19,2.44,,,,22027.37332905447
2019-04-20,2.44,,,,
2019-04-21,2.44,,,,
2019-04-22,2.44,,2.38,2.59,22026.86529211775
2019-04-23,2.44,,2.36,2.57,22026.91940345314
2019-04-24,2.44,,2.32,2.53,22026.75084563211
2019-04-25,2.44,,2.33,2.54,22027.89437923604
2019-04-26,2.44,,2.28,2.51,22027.7259026099
2019-04-27,2.44,,,,
2019-04-28,2.44,,,,
2019-04-29,2.45,,2.3,2.54,22027.22051157798
2019-04-30,2.45,,2.27,2.51,22027.66820001947
2019-05-01,2.45,,2.31,2.52,22027.49977249657
2019-05-02,2.41,,2.35,2.55,22028.00229015087
2019-05-03,2.4,,2.33,2.54,22027.83427014716
2019-05-04,2.4,,,,
2019-05-05,2.4,,,,
2019-05-06,2.4,,2.31,2.51,22027.33024971453
2019-05-07,2.4,,2.28,2.45,22027.43433295225
2019-05-08,2.39,,2.3,2.49,22027.265000437077
2019-05-09,2.38,,2.26,2.45,22027.76349269317
2019-05-10,2.38,,2.26,2.47,22027.594778503717
2019-05-11,2.38,,,,
2019-05-12,2.38,,,,
2019-05-13,2.38,,2.18,2.4,22027.08880376018
2019-05-14,2.38,,2.2,2.42,22027.14247778808
2019-05-15,2.4,,2.16,2.37,22026.97383664555
2019-05-16,2.39,,2.2,2.4,22027.46617330266
2019-05-17,2.39,,2.2,2.39,22027.2982814423
2019-05-18,2.39,,,,
2019-05-19,2.39,,,,
2019-05-20,2.39,,2.21,2.41,22026.794607778782
2019-05-21,2.39,,2.26,2.43,22026.84689834544
2019-05-22,2.38,,2.23,2.39,22026.67911625214
2019-05-23,2.38,,2.12,2.31,22027.74906688372
2019-05-24,2.38,,2.16,2.32,22027.58204328414
2019-05-25,2.38,,,,
2019-05-26,2.38,,,,
2019-05-27,2.38,,,,
2019-05-28,2.39,,2.12,2.26,22027.122548264262
2019-05-29,2.39,,2.09,2.25,22026.95598812891
2019-05-30,2.39,,2.06,2.22,22027.4241148186
2019-05-31,2.4,,1.95,2.14,22026.42388302638
2019-06-01,2.4,,,,
2019-06-02,2.4,,,,
2019-06-03,2.38,,1.82,2.07,22025.92731296214
2019-06-04,2.38,,1.88,2.12,22025.9611436353
2019-06-05,2.38,,1.83,2.12,22025.79640379643
2019-06-06,2.37,,1.88,2.12,22026.25145073552
2019-06-07,2.37,,1.85,2.09,22026.08786221014
2019-06-08,2.37,,,,
2019-06-09,2.37,,,,
2019-06-10,2.37,,1.9,2.15,22025.59708403773
2019-06-11,2.37,,1.93,2.15,22025.62997368395
2019-06-12,2.37,,1.88,2.13,22025.46721532233
2019-06-13,2.37,,1.83,2.1,22025.89780292426
2019-06-14,2.36,,1.84,2.09,22025.737667227328
2019-06-15,2.36,,,,
2019-06-16,2.36,,,,
2019-06-17,2.38,,1.86,2.09,22025.25726522476
2019-06-18,2.37,,1.86,2.06,22025.28571612366
2019-06-19,2.37,,1.74,2.03,22025.12658408154
2019-06-20,2.37,,1.72,2.01,22026.074359429662
2019-06-21,2.38,,1.77,2.07,22025.91680526183
2019-06-22,2.38,,,,
2019-06-23,2.38,,,,
2019-06-24,2.38,,1.72,2.02,22025.444218890858
2019-06-25,2.38,,1.71,2.0,22025.467877267263
2019-06-26,2.38,,1.77,2.05,22025.31115428578
2019-06-27,2.38,,1.74,2.01,22025.71362472118
2019-06-28,2.4,,1.75,2.0,22023.28261707545
2019-06-29,2.4,,,,
2019-06-30,2.4,,,,
2019-07-01,2.39,,1.78,2.03,22023.12745702941
2019-07-02,2.4,,1.77,1.98,22023.15445709857
2019-07-03,2.41,,1.77,1.96,22022.999766188674
2019-07-04,2.41,,,,
2019-07-05,2.42,,1.87,2.04,22023.252678157
2019-07-06,2.42,,,,
2019-07-07,2.42,,,,
2019-07-08,2.41,,1.88,2.05,22022.7924798674
2019-07-09,2.41,,1.92,2.07,22022.82515382504
2019-07-10,2.41,,1.82,2.07,22022.672056021827
2019-07-11,2.4,,1.85,2.13,22023.09772008098
2019-07-12,2.38,,1.84,2.12,22022.94556430112
2019-07-13,2.38,,,,
2019-07-14,2.38,,,,
2019-07-15,2.4,,1.83,2.09,22022.48915731843
2019-07-16,2.41,,1.87,2.13,22022.511127420268
2019-07-17,2.41,,1.83,2.06,22022.359616295424
2019-07-18,2.41,,1.77,2.04,22023.26963566439
2019-07-19,2.41,,1.8,2.05,22023.11953312343
2019-07-20,2.41,,,,
2019-07-21,2.41,,,,
2019-07-22,2.4,,1.8,2.05,22022.66920372933
2019-07-23,2.4,,1.83,2.08,22022.691412700737
2019-07-24,2.4,,1.83,2.05,22022.541856518423
2019-07-25,2.4,,1.86,2.08,22022.943775070373
2019-07-26,2.4,,1.86,2.08,22022.795612652488
2019-07-27,2.4,,,,
2019-07-28,2.4,,,,
2019-07-29,2.4,,1.85,2.06,22022.35113058363
2019-07-30,2.39,,1.85,2.06,22022.37689471112
2019-07-31,2.4,,1.89,2.02,22022.36885486319
2019-08-01,2.14,,1.73,1.9,22022.77993247798
2019-08-02,2.14,,1.72,1.86,22314.30053677837
2019-08-03,2.14,,,,
2019-08-04,2.14,,,,
2019-08-05,2.13,,1.59,1.75,22320.98503032555
2019-08-06,2.13,,1.6,1.73,22322.41385528018
2019-08-07,2.12,,1.59,1.71,22321.542218139828
2019-08-08,2.12,,1.62,1.72,22327.88814375966
2019-08-09,2.12,,1.63,1.74,22326.50672982241
2019-08-10,2.12,,,,
2019-08-11,2.12,,,,
2019-08-12,2.12,,1.58,1.65,22331.33377357319
2019-08-13,2.12,,1.66,1.68,22359.33018506446
2019-08-14,2.12,,1.58,1.59,22342.14078712032
2019-08-15,2.13,,1.48,1.52,22385.387228972442
2019-08-16,2.13,,1.48,1.55,22389.559542935738
2019-08-17,2.13,,,,
2019-08-18,2.13,,,,
2019-08-19,2.13,,1.53,1.6,22396.34500891125
2019-08-20,2.13,,1.5,1.55,22428.001691709873
2019-08-21,2.12,,1.56,1.59,22414.5981296717
2019-08-22,2.12,,1.61,1.62,22430.652209581698
2019-08-23,2.12,,1.51,1.52,22430.80778926213
2019-08-24,2.12,,,,
2019-08-25,2.12,,,,
2019-08-26,2.12,,1.54,1.54,22440.782615874923
2019-08-27,2.12,,1.53,1.49,22472.360797329802
2019-08-28,2.12,,1.5,1.47,22456.832939116237
2019-08-29,2.12,,1.53,1.5,22467.79513145164
2019-08-30,2.13,,1.5,1.5,22460.466625952373
2019-08-31,2.13,,,,
2019-09-01,2.13,,,,
2019-09-02,2.13,,,,
2019-09-03,2.13,,1.47,1.47,22499.028130171282
2019-09-04,2.13,,1.43,1.47,22517.29795563918
2019-09-05,2.13,,1.55,1.57,22531.81769330566
2019-09-06,2.12,,1.53,1.55,22532.75749959139
2019-09-07,2.12,,,,
2019-09-08,2.12,,,,
2019-09-09,2.13,,1.58,1.63,22537.42371646615
2019-09-10,2.13,,1.67,1.72,22558.14116272367
2019-09-11,2.13,,1.68,1.75,22539.50671404544
2019-09-12,2.13,,1.72,1.79,22557.78110145839
2019-09-13,2.14,,1.79,1.9,22557.57153531409
2019-09-14,2.14,,,,
2019-09-15,2.14,,,,
2019-09-16,2.25,,1.74,1.84,22586.281657819327
2019-09-17,2.3,,1.72,1.81,22602.942644871488
2019-09-18,2.25,,1.77,1.8,22590.16447036591
2019-09-19,1.9,,1.74,1.79,22610.196598036673
2019-09-20,1.9,,1.69,1.74,22605.63295966514
2019-09-21,1.9,,,,
2019-09-22,1.9,,,,
2019-09-23,1.9,,1.68,1.72,22610.45385339356
2019-09-24,1.9,,1.6,1.64,22622.770690001988
2019-09-25,1.9,,1.68,1.73,22607.428369788642
2019-09-26,1.85,,1.66,1.7,22609.95761880814
2019-09-27,1.83,,1.63,1.69,22622.68467436443
2019-09-28,1.83,,,,
2019-09-29,1.83,,,,
2019-09-30,1.9,,1.63,1.68,22719.40175343378
2019-10-01,1.88,,1.56,1.65,22798.47974232192
2019-10-02,1.85,,1.48,1.6,22827.53500052965
2019-10-03,1.83,,1.39,1.54,22829.45568990862
2019-10-04,1.82,,1.4,1.52,22834.42976620104
2019-10-05,1.82,,,,
2019-10-06,1.82,,,,
2019-10-07,1.82,,1.46,1.56,22836.90512748922
2019-10-08,1.82,,1.42,1.54,22839.353088152282
2019-10-09,1.82,,1.47,1.59,22823.85873004953
2019-10-10,1.82,,1.53,1.67,22842.74911017059
2019-10-11,1.82,,1.63,1.76,22843.61758135364
2019-10-12,1.82,,,,
2019-10-13,1.82,,,,
2019-10-14,1.82,,,,
2019-10-15,1.9,,1.61,1.77,22902.88902307927
2019-10-16,1.9,,1.58,1.75,22897.81297122886
2019-10-17,1.85,,1.6,1.76,22918.79476247614
2019-10-18,1.85,,1.58,1.76,22918.89340133722
2019-10-19,1.85,,,,
2019-10-20,1.85,,,,
2019-10-21,1.85,,1.62,1.8,22922.4544753255
2019-10-22,1.85,,1.6,1.78,22940.939205328
2019-10-23,1.85,,1.58,1.77,22926.602224587397
2019-10-24,1.85,,1.58,1.77,22943.15968877593
2019-10-25,1.83,,1.63,1.8,22948.91197146648
2019-10-26,1.83,,,,
2019-10-27,1.83,,,,
2019-10-28,1.83,,1.64,1.85,22950.538299859712
2019-10-29,1.82,,1.64,1.84,22966.31989058647
2019-10-30,1.82,,1.61,1.78,22963.22648660838
2019-10-31,1.58,,1.52,1.69,23008.40956449499
2019-11-01,1.57,,1.56,1.73,22953.22424401887
2019-11-02,1.57,,,,
2019-11-03,1.57,,,,
2019-11-04,1.56,,1.6,1.79,22965.70793396552
2019-11-05,1.56,,1.63,1.86,22986.01553230635
2019-11-06,1.55,,1.61,1.81,22985.83402281117
2019-11-07,1.55,,1.68,1.92,23004.022933459448
2019-11-08,1.55,,1.68,1.94,23006.336134064422
2019-11-09,1.55,,,,
2019-11-10,1.55,,,,
2019-11-11,1.55,,,,
2019-11-12,1.55,,1.66,1.92,23015.08974409063
2019-11-13,1.55,,1.63,1.88,23004.85775454726
2019-11-14,1.55,,1.58,1.82,23016.663627659378
2019-11-15,1.55,,1.61,1.84,23043.68207491591
2019-11-16,1.55,,,,
2019-11-17,1.55,,,,
2019-11-18,1.55,,1.6,1.81,23050.78086602383
2019-11-19,1.55,,1.6,1.79,23066.17687179589
2019-11-20,1.55,,1.56,1.73,23053.42042350905
2019-11-21,1.55,,1.6,1.77,23051.24811207368
2019-11-22,1.55,,1.61,1.77,23071.84215416467
2019-11-23,1.55,,,,
2019-11-24,1.55,,,,
2019-11-25,1.55,,1.61,1.76,23072.73049531554
2019-11-26,1.55,,1.58,1.74,23093.18979941205
2019-11-27,1.55,,1.63,1.77,23076.065396434078
2019-11-28,1.55,,,,
2019-11-29,1.56,,1.61,1.78,23076.198934547698
2019-11-30,1.56,,,,
2019-12-01,1.56,,,,
2019-12-02,1.56,,1.61,1.83,23104.97529912872
2019-12-03,1.55,,1.53,1.72,23088.27075096177
2019-12-04,1.55,,1.58,1.77,23089.91409899755
2019-12-05,1.55,,1.58,1.8,23091.13515588125
2019-12-06,1.55,,1.61,1.84,23090.05019198699
2019-12-07,1.55,,,,
2019-12-08,1.55,,,,
2019-12-09,1.55,,1.63,1.83,23096.98243127397
2019-12-10,1.55,,1.65,1.85,23083.09143227461
2019-12-11,1.55,,1.61,1.79,23069.40057321926
2019-12-12,1.55,,1.66,1.9,23053.72011227814
2019-12-13,1.55,,1.61,1.82,23050.44218030976
2019-12-14,1.55,,,,
2019-12-15,1.55,,,,
2019-12-16,1.56,,1.65,1.89,23108.18300951416
2019-12-17,1.55,,1.63,1.89,23111.46494560577
2019-12-18,1.55,,1.63,1.92,23099.55382505478
2019-12-19,1.55,,1.62,1.92,23087.58349636018
2019-12-20,1.55,,1.63,1.92,23086.68524202366
2019-12-21,1.55,,,,
2019-12-22,1.55,,,,
2019-12-23,1.55,,1.64,1.93,23114.180466630558
2019-12-24,1.55,,1.62,1.9,23079.98344340974
2019-12-25,1.55,,,,
2019-12-26,1.55,,1.64,1.9,23087.32217147593
2019-12-27,1.55,,1.59,1.88,23107.76933983241
2019-12-28,1.55,,,,
2019-12-29,1.55,,,,
2019-12-30,1.55,,1.58,1.9,23108.82779509286
2019-12-31,1.55,,1.58,1.92,23201.38013480673
2020-01-01,1.55,,,,
2020-01-02,1.55,,1.58,1.88,23171.99913383077
2020-01-03,1.55,,1.53,1.8,23170.44632869063
2020-01-04,1.55,,,,
2020-01-05,1.55,,,,
2020-01-06,1.55,,1.54,1.81,23177.14488514189
2020-01-07,1.55,,1.54,1.83,23176.941125326928
2020-01-08,1.55,,1.58,1.87,23162.75286696131
2020-01-09,1.55,,1.58,1.85,23167.89659809257
2020-01-10,1.54,,1.56,1.83,23167.15097733908
2020-01-11,1.54,,,,
2020-01-12,1.54,,,,
2020-01-13,1.54,,1.58,1.85,23169.8129588398
2020-01-14,1.54,,1.58,1.82,23169.00551121119
2020-01-15,1.54,,1.56,1.79,23194.09422071731
2020-01-16,1.54,,1.58,1.81,23204.331499429678
2020-01-17,1.55,,1.58,1.84,23211.22494837091
2020-01-18,1.55,,,,
2020-01-19,1.55,,,,
2020-01-20,1.55,,,,
2020-01-21,1.55,,1.53,1.78,23210.413917317852
2020-01-22,1.55,,1.53,1.77,23205.218318274012
2020-01-23,1.55,,1.51,1.74,23206.605224315717
2020-01-24,1.55,,1.49,1.7,23209.700605761
2020-01-25,1.55,,,,
2020-01-26,1.55,,,,
2020-01-27,1.55,,1.44,1.61,23222.35320189643
2020-01-28,1.55,,1.45,1.65,23243.925228178192
2020-01-29,1.55,,1.42,1.6,23245.0869609453
2020-01-30,1.6,,1.41,1.57,23251.56288736432
2020-01-31,1.59,,1.33,1.51,23223.81288271314
2020-02-01,1.59,,,,
2020-02-02,1.59,,,,
2020-02-03,1.59,,1.36,1.54,23205.88080845779
2020-02-04,1.59,,1.41,1.61,23245.675031890212
2020-02-05,1.59,,1.44,1.66,23246.51480246492
2020-02-06,1.59,,1.44,1.65,23252.91865947848
2020-02-07,1.58,,1.41,1.59,23251.02994795777
2020-02-08,1.58,,,,
2020-02-09,1.58,,,,
2020-02-10,1.58,,1.37,1.56,23256.35611717505
2020-02-11,1.58,,1.41,1.59,23290.33455568236
2020-02-12,1.58,,1.44,1.62,23274.098951494077
2020-02-13,1.58,,1.44,1.61,23305.297151133967
2020-02-14,1.58,,1.42,1.59,23304.81012408734
2020-02-15,1.58,,,,
2020-02-16,1.58,,,,
2020-02-17,1.58,,,,
2020-02-18,1.59,,1.41,1.55,23351.015383383783
2020-02-19,1.59,,1.42,1.56,23353.218998160828
2020-02-20,1.59,,1.39,1.52,23392.59391717995
2020-02-21,1.58,,1.34,1.46,23398.02992917772
2020-02-22,1.58,,,,
2020-02-23,1.58,,,,
2020-02-24,1.58,,1.26,1.38,23406.30960392773
2020-02-25,1.58,,1.2,1.33,23438.8143582705
2020-02-26,1.58,,1.16,1.33,23426.58061070996
2020-02-27,1.58,,1.11,1.3,23422.68679450787
2020-02-28,1.58,,0.86,1.13,23409.95915024363
2020-02-29,1.58,,,,
2020-03-01,1.58,,,,
2020-03-02,1.59,,0.84,1.1,23440.8451024319
2020-03-03,1.59,,0.71,1.02,23454.81678531131
2020-03-04,1.09,,0.67,1.02,23460.60286152326
2020-03-05,1.09,,0.59,0.92,23469.15986322408
2020-03-06,1.09,,0.49,0.74,23468.66780194778
2020-03-07,1.09,,,,
2020-03-08,1.09,,,,
2020-03-09,1.09,,0.38,0.54,23473.538836017033
2020-03-10,1.09,,0.5,0.76,23498.69724633251
2020-03-11,1.09,,0.5,0.82,23483.045370415468
2020-03-12,1.1,,0.5,0.88,23439.92302725837
2020-03-13,1.1,,0.49,0.94,23442.398235873057
2020-03-14,1.1,,,,
2020-03-15,1.1,,,,
2020-03-16,0.25,,0.36,0.73,23500.759058643518
2020-03-17,0.25,,0.47,1.02,23528.093917657647
2020-03-18,0.25,,0.54,1.18,23513.590998174077
2020-03-19,0.2,,0.44,1.12,23515.66144755665
2020-03-20,0.15,,0.37,0.92,23514.53499091853
2020-03-21,0.15,,,,
2020-03-22,0.15,,,,
2020-03-23,0.15,,0.28,0.76,23517.855054159012
2020-03-24,0.12,,0.38,0.84,23551.58603338442
2020-03-25,0.1,,0.34,0.88,23542.52273742251
2020-03-26,0.1,,0.3,0.83,23514.801990505628
2020-03-27,0.1,,0.25,0.72,23535.039888496423
2020-03-28,0.1,,,,
2020-03-29,0.1,,,,
2020-03-30,0.09,,0.23,0.7,23565.05598824325
2020-03-31,0.08,,0.23,0.7,23686.870812640078
2020-04-01,0.06,,0.23,0.62,23702.26035891018
2020-04-02,0.05,,0.23,0.63,23833.82818885854
2020-04-03,0.05,,0.23,0.62,23908.33037376541
2020-04-04,0.05,,,,
2020-04-05,0.05,,,,
2020-04-06,0.05,,0.27,0.67,23917.21266385759
2020-04-07,0.05,,0.28,0.75,24011.523316653358
2020-04-08,0.05,,0.27,0.77,24111.8320498849
2020-04-09,0.05,,0.23,0.73,24221.67073920435
2020-04-10,0.05,,,,24211.075873711892
2020-04-11,0.05,,,,
2020-04-12,0.05,,,,
2020-04-13,0.05,,0.25,0.76,24193.0906211348
2020-04-14,0.05,,0.23,0.76,24301.77844394921
2020-04-15,0.05,,0.2,0.63,24383.92609736186
2020-04-16,0.05,,0.2,0.61,24465.29118071311
2020-04-17,0.05,,0.2,0.65,24457.934851076352
2020-04-18,0.05,,,,
2020-04-19,0.05,,,,
2020-04-20,0.05,,0.2,0.63,24460.87505889222
2020-04-21,0.05,,0.2,0.58,24566.847849564037
2020-04-22,0.05,,0.22,0.63,24609.343550366808
2020-04-23,0.04,,0.22,0.61,24705.15533486285
2020-04-24,0.05,,0.22,0.6,24710.62908694433
2020-04-25,0.05,,,,
2020-04-26,0.05,,,,
2020-04-27,0.04,,0.24,0.67,24712.305448594892
2020-04-28,0.04,,0.2,0.62,24802.43829510787
2020-04-29,0.04,,0.2,0.63,24854.07868727252
2020-04-30,0.05,,0.2,0.64,24974.17186816435
2020-05-01,0.05,,0.2,0.64,24921.32597681449
2020-05-02,0.05,,,,
2020-05-03,0.05,,,,
2020-05-04,0.05,,0.19,0.64,24948.98370091684
2020-05-05,0.05,,0.19,0.66,25057.924023406802
2020-05-06,0.05,,0.17,0.72,25058.52880214242
2020-05-07,0.05,,0.13,0.63,25142.40045524554
2020-05-08,0.05,,0.16,0.69,25153.10637958764
2020-05-09,0.05,,,,
2020-05-10,0.05,,,,
2020-05-11,0.05,,0.17,0.73,25156.7001209508
2020-05-12,0.05,,0.17,0.69,25204.433195536738
2020-05-13,0.05,,0.16,0.64,25188.75782511386
2020-05-14,0.05,,0.16,0.63,25267.56471296362
2020-05-15,0.05,,0.16,0.64,25305.61158337726
2020-05-16,0.05,,,,
2020-05-17,0.05,,,,
2020-05-18,0.05,,0.18,0.73,25311.40597123218
2020-05-19,0.05,,0.17,0.7,25377.2911924211
2020-05-20,0.05,,0.16,0.68,25361.01000801611
2020-05-21,0.05,,0.17,0.68,25466.76433893522
2020-05-22,0.05,,0.17,0.66,25513.321429656262
2020-05-23,0.05,,,,
2020-05-24,0.05,,,,
2020-05-25,0.05,,,,
2020-05-26,0.05,,0.18,0.69,25603.968949904698
2020-05-27,0.05,,0.19,0.68,25583.13736423739
2020-05-28,0.05,,0.17,0.7,25683.6725425437
2020-05-29,0.05,,0.16,0.65,25746.26018674266
2020-05-30,0.05,,,,
2020-05-31,0.05,,,,
2020-06-01,0.05,,0.14,0.66,25751.47003969929
2020-06-02,0.06,,0.17,0.68,25841.59375388841
2020-06-03,0.06,,0.19,0.77,25830.128553708557
2020-06-04,0.06,,0.19,0.82,25920.085643029877
2020-06-05,0.07,,0.22,0.91,25919.71359795767
2020-06-06,0.07,,,,
2020-06-07,0.07,,,,
2020-06-08,0.07,,0.22,0.88,25960.547920986108
2020-06-09,0.07,,0.2,0.84,26003.75151234491
2020-06-10,0.08,,0.17,0.75,25986.92948565972
2020-06-11,0.08,,0.19,0.66,26062.66687722816
2020-06-12,0.08,,0.19,0.71,26062.41475069608
2020-06-13,0.08,,,,
2020-06-14,0.08,,,,
2020-06-15,0.09,,0.19,0.71,26131.29515919185
2020-06-16,0.09,,0.21,0.75,26153.61213205086
2020-06-17,0.09,,0.19,0.74,26144.48230359001
2020-06-18,0.09,,0.19,0.71,26233.67190344833
2020-06-19,0.09,,0.19,0.7,26240.74319894518
2020-06-20,0.09,,,,
2020-06-21,0.09,,,,
2020-06-22,0.08,,0.19,0.71,26243.843047358827
2020-06-23,0.08,,0.18,0.72,26251.734793147
2020-06-24,0.08,,0.19,0.69,26237.81311380178
2020-06-25,0.08,,0.17,0.68,26301.2026790114
2020-06-26,0.08,,0.17,0.64,26316.89119435053
2020-06-27,0.08,,,,
2020-06-28,0.08,,,,
2020-06-29,0.08,,0.16,0.64,26324.62793108954
2020-06-30,0.08,,0.16,0.66,26477.24085312476
2020-07-01,0.08,,0.17,0.69,26428.96623111714
2020-07-02,0.09,,0.16,0.68,26457.07971293087
2020-07-03,0.09,,,,26447.92271827166
2020-07-04,0.09,,,,
2020-07-05,0.09,,,,
2020-07-06,0.09,,0.16,0.69,26460.3562370356
2020-07-07,0.09,,0.16,0.65,26460.83423703055
2020-07-08,0.09,,0.16,0.67,26446.74637861082
2020-07-09,0.09,,0.16,0.62,26487.80875825095
2020-07-10,0.09,,0.16,0.65,26485.0865963404
2020-07-11,0.09,,,,
2020-07-12,0.09,,,,
2020-07-13,0.09,,0.16,0.64,26488.10120037664
2020-07-14,0.09,,0.14,0.63,26449.651770256052
2020-07-15,0.1,,0.16,0.64,26485.472440060923
2020-07-16,0.1,,0.16,0.62,26529.260218229283
2020-07-17,0.09,,0.14,0.64,26532.36540734911
2020-07-18,0.09,,,,
2020-07-19,0.09,,,,
2020-07-20,0.1,,0.16,0.62,26534.120918261287
2020-07-21,0.1,,0.14,0.61,26505.865411300558
2020-07-22,0.09,,0.14,0.6,26491.77088526501
2020-07-23,0.09,,0.16,0.59,26538.874728557872
2020-07-24,0.09,,0.14,0.59,26536.79317101579
2020-07-25,0.09,,,,
2020-07-26,0.09,,,,
2020-07-27,0.1,,0.15,0.62,26546.684671557738
2020-07-28,0.1,,0.14,0.59,26521.54868516955
2020-07-29,0.1,,0.12,0.58,26520.40506505957
2020-07-30,0.1,,0.11,0.55,26505.31529996898
2020-07-31,0.1,,0.11,0.55,26524.953451577603
2020-08-01,0.1,,,,
2020-08-02,0.1,,,,
2020-08-03,0.1,,0.11,0.56,26511.15496413006
2020-08-04,0.1,,0.11,0.52,26503.23755872118
2020-08-05,0.1,,0.11,0.55,26504.29952961746
2020-08-06,0.1,,0.11,0.55,26498.33291706593
2020-08-07,0.1,,0.13,0.57,26498.43329617126
2020-08-08,0.1,,,,
2020-08-09,0.1,,,,
2020-08-10,0.1,,0.14,0.59,26505.487475114558
2020-08-11,0.1,,0.16,0.64,26503.14969257125
2020-08-12,0.1,,0.16,0.69,26488.80436814822
2020-08-13,0.1,,0.16,0.71,26509.696627544923
2020-08-14,0.1,,0.14,0.71,26508.74001534272
2020-08-15,0.1,,,,
2020-08-16,0.1,,,,
2020-08-17,0.1,,0.14,0.69,26579.84429658421
2020-08-18,0.09,,0.14,0.67,26595.002097388922
2020-08-19,0.09,,0.14,0.68,26578.127138617398
2020-08-20,0.09,,0.13,0.65,26595.60080289236
2020-08-21,0.09,,0.16,0.64,26597.01252963331
2020-08-22,0.09,,,,
2020-08-23,0.09,,,,
2020-08-24,0.09,,0.14,0.65,26600.10372719586
2020-08-25,0.09,,0.15,0.69,26626.28767989005
2020-08-26,0.09,,0.16,0.69,26609.02539218846
2020-08-27,0.08,,0.16,0.74,26615.65315668581
2020-08-28,0.09,,0.14,0.74,26636.91344087536
2020-08-29,0.09,,,,
2020-08-30,0.09,,,,
2020-08-31,0.09,,0.14,0.72,26728.83585238644
2020-09-01,0.09,,0.13,0.68,26702.95132404557
2020-09-02,0.09,,0.14,0.66,26711.48794194507
2020-09-03,0.09,,0.13,0.63,26722.674780085174
2020-09-04,0.09,,0.14,0.72,26723.31024857209
2020-09-05,0.09,,,,
2020-09-06,0.09,,,,
2020-09-07,0.09,,,,
2020-09-08,0.09,,0.14,0.69,26699.37317901446
2020-09-09,0.09,,0.14,0.71,26697.22337763421
2020-09-10,0.09,,0.14,0.68,26709.54916034885
2020-09-11,0.09,,0.13,0.67,26710.879019992353
2020-09-12,0.09,,,,
2020-09-13,0.09,,,,
2020-09-14,0.09,,0.14,0.68,26715.075761648943
2020-09-15,0.09,,0.14,0.68,26790.503839118282
2020-09-16,0.09,,0.14,0.69,26781.53816690973
2020-09-17,0.09,,0.13,0.69,26790.44441695818
2020-09-18,0.09,,0.14,0.7,26790.38778368369
2020-09-19,0.09,,,,
2020-09-20,0.09,,,,
2020-09-21,0.09,,0.14,0.68,26794.66784405565
2020-09-22,0.09,,0.13,0.68,26790.98551173168
2020-09-23,0.09,,0.14,0.68,26777.801957982872
2020-09-24,0.09,,0.14,0.67,26786.13235037335
2020-09-25,0.09,,0.12,0.66,26810.898511924308
2020-09-26,0.09,,,,
2020-09-27,0.09,,,,
2020-09-28,0.09,,0.14,0.67,26811.409726497328
2020-09-29,0.09,,0.11,0.66,26790.40884912294
2020-09-30,0.09,,0.13,0.69,26945.39119461515
2020-10-01,0.09,,0.14,0.68,27026.92193543241
2020-10-02,0.09,,0.13,0.7,27044.69183001018
2020-10-03,0.09,,,,
2020-10-04,0.09,,,,
2020-10-05,0.09,,0.14,0.78,27051.13595821
2020-10-06,0.09,,0.14,0.76,27052.19011851927
2020-10-07,0.09,,0.16,0.81,27052.995507253192
2020-10-08,0.09,,0.13,0.78,27073.107016982307
2020-10-09,0.09,,0.16,0.79,27072.68134637285
2020-10-10,0.09,,,,
2020-10-11,0.09,,,,
2020-10-12,0.09,,,,
2020-10-13,0.09,,0.16,0.74,27067.07015650496
2020-10-14,0.09,,0.14,0.73,27057.862724692077
2020-10-15,0.09,,0.14,0.74,27143.6654144316
2020-10-16,0.09,,0.14,0.76,27148.32872398833
2020-10-17,0.09,,,,
2020-10-18,0.09,,,,
2020-10-19,0.09,,0.16,0.78,27157.71467062573
2020-10-20,0.09,,0.14,0.81,27155.31134430257
2020-10-21,0.09,,0.14,0.83,27140.76445792775
2020-10-22,0.09,,0.16,0.87,27150.83568598161
2020-10-23,0.09,,0.18,0.85,27163.485600954948
2020-10-24,0.09,,,,
2020-10-25,0.09,,,,
2020-10-26,0.09,,0.16,0.81,27179.99773440728
2020-10-27,0.09,,0.16,0.79,27175.86677586684
2020-10-28,0.09,,0.16,0.79,27167.43945109065
2020-10-29,0.09,,0.16,0.85,27169.498275690697
2020-10-30,0.09,,0.14,0.88,27135.4768031262
2020-10-31,0.09,,,,
2020-11-01,0.09,,,,
2020-11-02,0.09,,0.16,0.87,27203.38438293929
2020-11-03,0.09,,0.17,0.9,27196.57506845506
2020-11-04,0.09,,0.14,0.78,27196.969007863827
2020-11-05,0.09,,0.14,0.79,27216.98503299707
2020-11-06,0.09,,0.16,0.83,27214.493516511302
2020-11-07,0.09,,,,
2020-11-08,0.09,,,,
2020-11-09,0.09,,0.17,0.96,27219.89889566287
2020-11-10,0.09,,0.19,0.98,27197.73527234702
2020-11-11,0.09,,,,
2020-11-12,0.09,,0.17,0.88,27190.17682608904
2020-11-13,0.09,,0.17,0.89,27191.785502973948
2020-11-14,0.09,,,,
2020-11-15,0.09,,,,
2020-11-16,0.09,,0.19,0.91,27257.698674893378
2020-11-17,0.09,,0.18,0.87,27261.990224569858
2020-11-18,0.09,,0.16,0.88,27246.599172457423
2020-11-19,0.08,,0.18,0.86,27248.063291167422
2020-11-20,0.08,,0.16,0.83,27247.17824084079
2020-11-21,0.08,,,,
2020-11-22,0.08,,,,
2020-11-23,0.08,,0.16,0.86,27254.41560314734
2020-11-24,0.08,,0.16,0.88,27270.0159199833
2020-11-25,0.08,,0.17,0.88,27254.1901812802
2020-11-26,0.08,,,,
2020-11-27,0.08,,0.16,0.84,27275.61549640116
2020-11-28,0.08,,,,
2020-11-29,0.08,,,,
2020-11-30,0.09,,0.16,0.84,27446.28818825017
2020-12-01,0.09,,0.17,0.92,27406.075682380513
2020-12-02,0.09,,0.16,0.95,27412.31316510564
2020-12-03,0.09,,0.16,0.92,27414.10783876223
2020-12-04,0.09,,0.16,0.97,27414.116147283698
2020-12-05,0.09,,,,
2020-12-06,0.09,,,,
2020-12-07,0.09,,0.14,0.94,27414.744544020512
2020-12-08,0.09,,0.14,0.92,27422.773335572052
2020-12-09,0.09,,0.16,0.95,27405.07576087961
2020-12-10,0.09,,0.14,0.92,27385.82416951351
2020-12-11,0.09,,0.11,0.9,27385.42238316947
2020-12-12,0.09,,,,
2020-12-13,0.09,,,,
2020-12-14,0.09,,0.13,0.9,27390.656339382967
2020-12-15,0.09,,0.11,0.92,27512.76249445283
2020-12-16,0.09,,0.13,0.92,27500.5076161533
2020-12-17,0.09,,0.13,0.94,27506.88888687157
2020-12-18,0.09,,0.13,0.95,27491.46621335616
2020-12-19,0.09,,,,
2020-12-20,0.09,,,,
2020-12-21,0.09,,0.13,0.95,27512.90702404297
2020-12-22,0.09,,0.13,0.93,27522.31608961133
2020-12-23,0.09,,0.13,0.96,27516.72686118759
2020-12-24,0.09,,0.13,0.94,27515.510591804392
2020-12-25,0.09,,,,
2020-12-26,0.09,,,,
2020-12-27,0.09,,,,
2020-12-28,0.09,,0.13,0.94,27542.5382049972
2020-12-29,0.09,,0.12,0.94,27550.830638181218
2020-12-30,0.09,,0.12,0.93,27560.508897871532
2020-12-31,0.09,,0.13,0.93,27747.79794766777
2021-01-01,0.09,,,,
2021-01-02,0.09,,,,
2021-01-03,0.09,,,,
2021-01-04,0.09,,0.11,0.93,27678.27497042793
2021-01-05,0.09,,0.13,0.96,27698.15741380541
2021-01-06,0.09,,0.14,1.04,27698.98594999094
2021-01-07,0.09,,0.14,1.08,27683.250886478032
2021-01-08,0.09,,0.14,1.13,27683.04723320698
2021-01-09,0.09,,,,
2021-01-10,0.09,,,,
2021-01-11,0.09,,0.14,1.15,27688.247384755738
2021-01-12,0.09,,0.14,1.15,27696.79065416924
2021-01-13,0.09,,0.14,1.1,27679.40085986577
2021-01-14,0.09,,0.16,1.15,27682.22860852137
2021-01-15,0.09,,0.13,1.11,27746.80538128029
2021-01-16,0.09,,,,
2021-01-17,0.09,,,,
2021-01-18,0.09,,,,
2021-01-19,0.09,,0.14,1.1,27752.835868445352
2021-01-20,0.09,,0.13,1.1,27751.89623641477
2021-01-21,0.08,,0.13,1.12,27756.34966662064
2021-01-22,0.08,,0.13,1.1,27759.63653841778
2021-01-23,0.08,,,,
2021-01-24,0.08,,,,
2021-01-25,0.08,,0.13,1.05,27772.35175361732
2021-01-26,0.08,,0.11,1.05,27781.74680807229
2021-01-27,0.08,,0.12,1.04,27768.47097730681
2021-01-28,0.07,,0.12,1.07,27759.906011554987
2021-01-29,0.07,,0.11,1.11,27784.553033005013
2021-01-30,0.07,,,,
2021-01-31,0.07,,,,
2021-02-01,0.08,,0.11,1.09,27829.150493520763
2021-02-02,0.08,,0.11,1.12,27865.23046076472
2021-02-03,0.08,,0.11,1.15,27851.05026577627
2021-02-04,0.08,,0.11,1.15,27855.09502220336
2021-02-05,0.08,,0.09,1.19,27852.79326071271
2021-02-06,0.08,,,,
2021-02-07,0.08,,,,
2021-02-08,0.07,,0.11,1.19,27856.071118571
2021-02-09,0.08,,0.11,1.18,27865.14652224452
2021-02-10,0.08,,0.11,1.15,27846.64521454071
2021-02-11,0.08,,0.11,1.16,27847.46451720579
2021-02-12,0.08,,0.11,1.2,27851.33401960164
2021-02-13,0.08,,,,
2021-02-14,0.08,,,,
2021-02-15,0.08,,,,
2021-02-16,0.08,,0.13,1.3,27920.5447566659
2021-02-17,0.08,,0.11,1.29,27920.23757953283
2021-02-18,0.07,,0.11,1.29,27921.9635907327
2021-02-19,0.07,,0.11,1.34,27923.26490952191
2021-02-20,0.07,,,,
2021-02-21,0.07,,,,
2021-02-22,0.07,,0.11,1.37,27930.60654956346
2021-02-23,0.07,,0.11,1.37,27885.675004855988
2021-02-24,0.07,,0.12,1.38,27919.02284284397
2021-02-25,0.07,,0.17,1.54,27873.14854080579
2021-02-26,0.07,,0.14,1.44,27902.3637344757
2021-02-27,0.07,,,,
2021-02-28,0.07,,,,
2021-03-01,0.07,,0.13,1.45,28004.376276999352
2021-03-02,0.07,,0.13,1.42,27992.70117271577
2021-03-03,0.07,,0.14,1.47,27979.484123121263
2021-03-04,0.07,,0.14,1.54,27954.980988336058
2021-03-05,0.07,,0.14,1.56,27954.47395059668
2021-03-06,0.07,,,,
2021-03-07,0.07,,,,
2021-03-08,0.07,,0.17,1.59,27960.19274699408
2021-03-09,0.07,,0.17,1.55,27944.756420180922
2021-03-10,0.07,,0.16,1.53,27926.62706304016
2021-03-11,0.07,,0.14,1.54,27900.4190692514
2021-03-12,0.07,,0.14,1.64,27900.359579144988
2021-03-13,0.07,,,,
2021-03-14,0.07,,,,
2021-03-15,0.07,,0.14,1.62,28002.01349177751
2021-03-16,0.07,,0.15,1.62,27983.62373404446
2021-03-17,0.07,,0.13,1.63,27974.9236944215
2021-03-18,0.07,,0.16,1.71,27966.78271671225
2021-03-19,0.07,,0.16,1.74,27965.655597214398
2021-03-20,0.07,,,,
2021-03-21,0.07,,,,
2021-03-22,0.07,,0.15,1.69,27969.779712167827
2021-03-23,0.07,,0.15,1.63,27996.35656227591
2021-03-24,0.07,,0.14,1.62,27979.745914485968
2021-03-25,0.07,,0.14,1.63,27963.138826148122
2021-03-26,0.07,,0.14,1.67,27987.53065655473
2021-03-27,0.07,,,,
2021-03-28,0.07,,,,
2021-03-29,0.07,,0.14,1.73,27990.843257187647
2021-03-30,0.07,,0.16,1.73,27989.24597455743
2021-03-31,0.06,,0.16,1.74,28132.57030360016
2021-04-01,0.07,,0.17,1.69,28081.128042930948
2021-04-02,0.07,,0.19,1.72,28073.739716650423
2021-04-03,0.07,,,,
2021-04-04,0.07,,,,
2021-04-05,0.07,,0.17,1.73,28081.62168608166
2021-04-06,0.07,,0.16,1.67,28085.61220657605
2021-04-07,0.07,,0.16,1.68,28089.1204891442
2021-04-08,0.07,,0.14,1.64,28081.51142480703
2021-04-09,0.07,,0.16,1.67,28082.988642053897
2021-04-10,0.07,,,,
2021-04-11,0.07,,,,
2021-04-12,0.07,,0.18,1.69,28091.63521410207
2021-04-13,0.07,,0.16,1.64,28097.586324063148
2021-04-14,0.07,,0.16,1.64,28083.59663600648
2021-04-15,0.07,,0.16,1.56,28145.01381381628
2021-04-16,0.07,,0.16,1.59,28155.53704808039
2021-04-17,0.07,,,,
2021-04-18,0.07,,,,
2021-04-19,0.07,,0.16,1.61,28167.561442228398
2021-04-20,0.07,,0.15,1.58,28170.4242198661
2021-04-21,0.07,,0.15,1.57,28155.021027471557
2021-04-22,0.07,,0.16,1.57,28128.96879800636
2021-04-23,0.07,,0.16,1.58,28134.1583842201
2021-04-24,0.07,,,,
2021-04-25,0.07,,,,
2021-04-26,0.07,,0.18,1.58,28143.00439536031
2021-04-27,0.07,,0.17,1.63,28132.2511393194
2021-04-28,0.07,,0.17,1.63,28111.96188269812
2021-04-29,0.06,,0.16,1.65,28090.16658174691
2021-04-30,0.05,,0.16,1.65,28174.714484167373
2021-05-01,0.05,,,,
2021-05-02,0.05,,,,
2021-05-03,0.06,,0.16,1.63,28162.42783175643
2021-05-04,0.06,,0.16,1.61,28175.39939491491
2021-05-05,0.06,,0.16,1.59,28177.871288714443
2021-05-06,0.06,,0.16,1.58,28176.306016169052
2021-05-07,0.06,,0.14,1.6,28174.835555589423
2021-05-08,0.06,,,,
2021-05-09,0.06,,,,
2021-05-10,0.06,,0.16,1.63,28180.73783830848
2021-05-11,0.06,,0.16,1.64,28172.93268952323
2021-05-12,0.06,,0.16,1.69,28157.16284823573
2021-05-13,0.06,,0.16,1.66,28138.40746641505
2021-05-14,0.06,,0.16,1.63,28139.837994282
2021-05-15,0.06,,,,
2021-05-16,0.06,,,,
2021-05-17,0.06,,0.16,1.64,28233.615342006327
2021-05-18,0.06,,0.16,1.64,28231.91580036406
2021-05-19,0.06,,0.16,1.68,28217.30279252209
2021-05-20,0.06,,0.15,1.63,28201.78045781449
2021-05-21,0.06,,0.17,1.63,28203.45428007529
2021-05-22,0.06,,,,
2021-05-23,0.06,,,,
2021-05-24,0.06,,0.15,1.61,28213.64345032457
2021-05-25,0.06,,0.15,1.56,28204.68317922285
2021-05-26,0.06,,0.14,1.58,28187.7285651462
2021-05-27,0.06,,0.14,1.61,28163.64153860822
2021-05-28,0.05,,0.14,1.58,28199.00833852065
2021-05-29,0.05,,,,
2021-05-30,0.05,,,,
2021-05-31,0.05,,,,
2021-06-01,0.06,,0.16,1.62,28261.93295632741
2021-06-02,0.06,,0.13,1.59,28276.88949701757
2021-06-03,0.06,,0.16,1.63,28241.943205125463
2021-06-04,0.06,,0.14,1.56,28258.17669500839
2021-06-05,0.06,,,,
2021-06-06,0.06,,,,
2021-06-07,0.06,,0.16,1.57,28264.3444383953
2021-06-08,0.06,,0.14,1.53,28233.53990529677
2021-06-09,0.06,,0.16,1.5,28217.840010776352
2021-06-10,0.06,,0.14,1.45,28198.921278374513
2021-06-11,0.06,,0.16,1.47,28199.19412192728
2021-06-12,0.06,,,,
2021-06-13,0.06,,,,
2021-06-14,0.06,,0.16,1.51,28206.985446009
2021-06-15,0.06,,0.16,1.51,28321.677015913378
2021-06-16,0.06,,0.21,1.57,28311.074615442853
2021-06-17,0.1,,0.23,1.52,28295.87763313704
2021-06-18,0.1,,0.26,1.45,28295.959242966263
2021-06-19,0.1,,,,
2021-06-20,0.1,,,,
2021-06-21,0.1,,0.27,1.5,28303.71653258224
2021-06-22,0.1,,0.25,1.48,28318.681114471558
2021-06-23,0.1,,0.26,1.5,28304.90842963399
2021-06-24,0.1,,0.26,1.49,28321.91927633261
2021-06-25,0.1,,0.28,1.54,28337.30136644199
2021-06-26,0.1,,,,
2021-06-27,0.1,,,,
2021-06-28,0.1,,0.25,1.49,28351.24565698795
2021-06-29,0.1,,0.27,1.49,28332.321921671577
2021-06-30,0.08,,0.25,1.45,28529.43587313977
2021-07-01,0.1,,0.25,1.48,28486.49861991201
2021-07-02,0.1,,0.24,1.44,28480.59000948849
2021-07-03,0.1,,,,
2021-07-04,0.1,,,,
2021-07-05,0.1,,,,
2021-07-06,0.1,,0.22,1.37,28465.564176716372
2021-07-07,0.1,,0.22,1.33,28472.47003975326
2021-07-08,0.1,,0.19,1.3,28480.1543585375
2021-07-09,0.1,,0.23,1.37,28485.49568023832
2021-07-10,0.1,,,,
2021-07-11,0.1,,,,
2021-07-12,0.1,,0.23,1.38,28490.245056759442
2021-07-13,0.1,,0.26,1.42,28477.074400184392
2021-07-14,0.1,,0.23,1.37,28461.15574616269
2021-07-15,0.1,,0.23,1.31,28522.12860657679
2021-07-16,0.1,,0.25,1.31,28523.01677159755
2021-07-17,0.1,,,,
2021-07-18,0.1,,,,
2021-07-19,0.1,,0.21,1.19,28533.22313906934
2021-07-20,0.1,,0.2,1.23,28493.30834563259
2021-07-21,0.1,,0.22,1.3,28474.16453871848
2021-07-22,0.1,,0.2,1.27,28471.27183227448
2021-07-23,0.1,,0.22,1.3,28474.9406835167
2021-07-24,0.1,,,,
2021-07-25,0.1,,,,
2021-07-26,0.1,,0.22,1.29,28488.288239524423
2021-07-27,0.1,,0.2,1.25,28487.900218736962
2021-07-28,0.1,,0.2,1.26,28483.60031683907
2021-07-29,0.1,0.15,0.2,1.28,28460.129798094462
2021-07-30,0.07,0.15,0.19,1.24,28427.7218724187
2021-07-31,0.07,0.15,,,
2021-08-01,0.07,0.15,,,
2021-08-02,0.1,0.15,0.17,1.2,28427.69864583216
2021-08-03,0.1,0.15,0.17,1.19,28427.69616309945
2021-08-04,0.1,0.15,0.17,1.19,28427.684511594878
2021-08-05,0.1,0.15,0.21,1.23,28427.697750841173
2021-08-06,0.1,0.15,0.21,1.31,28427.68608509839
2021-08-07,0.1,0.15,,,
2021-08-08,0.1,0.15,,,
2021-08-09,0.1,0.15,0.23,1.33,28427.65108306154
2021-08-10,0.1,0.15,0.24,1.36,28427.64868482645
2021-08-11,0.1,0.15,0.23,1.35,28427.63698064524
2021-08-12,0.1,0.15,0.23,1.36,28427.67885430103
2021-08-13,0.1,0.15,0.23,1.29,28427.6671882353
2021-08-14,0.1,0.15,,,
2021-08-15,0.1,0.15,,,
2021-08-16,0.1,0.15,0.21,1.26,28427.63231591689
2021-08-17,0.1,0.15,0.23,1.26,28427.629895149512
2021-08-18,0.09,0.15,0.23,1.27,28427.61826130959
2021-08-19,0.09,0.15,0.22,1.24,28427.63680189059
2021-08-20,0.09,0.15,0.23,1.26,28427.62503783737
2021-08-21,0.09,0.15,,,
2021-08-22,0.09,0.15,,,
2021-08-23,0.09,0.15,0.23,1.25,28427.5897403636
2021-08-24,0.09,0.15,0.24,1.29,28427.58646619961
2021-08-25,0.09,0.15,0.23,1.35,28427.57470591153
2021-08-26,0.09,0.15,0.25,1.34,28427.5888494878
2021-08-27,0.08,0.15,0.22,1.31,28427.577000673828
2021-08-28,0.08,0.15,,,
2021-08-29,0.08,0.15,,,
2021-08-30,0.08,0.15,0.2,1.29,28427.541449975328
2021-08-31,0.06,0.15,0.2,1.3,28427.31718452764
2021-09-01,0.08,0.15,0.2,1.31,28427.30533496671
2021-09-02,0.08,0.15,0.2,1.29,28427.316469752463
2021-09-03,0.08,0.15,0.21,1.33,28427.30458759049
2021-09-04,0.08,0.15,,,
2021-09-05,0.08,0.15,,,
2021-09-06,0.08,0.15,,,
2021-09-07,0.08,0.15,0.22,1.38,28427.26568259352
2021-09-08,0.08,0.15,0.22,1.35,28427.25379753822
2021-09-09,0.08,0.15,0.23,1.3,28427.29133898736
2021-09-10,0.08,0.15,0.23,1.35,28427.27947288827
2021-09-11,0.08,0.15,,,
2021-09-12,0.08,0.15,,,
2021-09-13,0.08,0.15,0.21,1.33,28427.24386959437
2021-09-14,0.08,0.15,0.21,1.28,28427.24086362795
2021-09-15,0.08,0.15,0.21,1.31,28427.22898420834
2021-09-16,0.08,0.15,0.23,1.34,28427.235095045282
2021-09-17,0.08,0.15,0.23,1.37,28427.223240230327
2021-09-18,0.08,0.15,,,
2021-09-19,0.08,0.15,,,
2021-09-20,0.08,0.15,0.23,1.31,28427.187672497603
2021-09-21,0.08,0.15,0.22,1.33,28427.183956002038
2021-09-22,0.08,0.15,0.25,1.32,28427.17208633702
2021-09-23,0.08,0.15,0.27,1.41,28427.17506393933
2021-09-24,0.08,0.15,0.29,1.47,28427.16329642543
2021-09-25,0.08,0.15,,,
2021-09-26,0.08,0.15,,,
2021-09-27,0.08,0.15,0.31,1.48,28427.12798908309
2021-09-28,0.08,0.15,0.31,1.54,28427.12174892724
2021-09-29,0.08,0.15,0.3,1.55,28427.11000245346
2021-09-30,0.06,0.15,0.28,1.52,28428.91857004868
2021-10-01,0.08,0.15,0.27,1.48,28428.906947685307
2021-10-02,0.08,0.15,,,
2021-10-03,0.08,0.15,,,
2021-10-04,0.08,0.15,0.27,1.49,28428.872075789943
2021-10-05,0.08,0.15,0.28,1.54,28428.86764693209
2021-10-06,0.08,0.15,0.3,1.53,28428.85604088284
2021-10-07,0.08,0.15,0.32,1.58,28428.8998393412
2021-10-08,0.08,0.15,0.32,1.61,28428.88820715781
2021-10-09,0.08,0.15,,,
2021-10-10,0.08,0.15,,,
2021-10-11,0.08,0.15,,,
2021-10-12,0.08,0.15,0.35,1.59,28428.85229567032
2021-10-13,0.08,0.15,0.37,1.56,28428.844195073198
2021-10-14,0.08,0.15,0.36,1.52,28728.16880639345
2021-10-15,0.08,0.15,0.41,1.59,28754.078782950102
2021-10-16,0.08,0.15,,,
2021-10-17,0.08,0.15,,,
2021-10-18,0.08,0.15,0.44,1.59,28821.27535699353
2021-10-19,0.08,0.15,0.41,1.65,28842.4893186604
2021-10-20,0.08,0.15,0.4,1.65,28828.87839219923
2021-10-21,0.08,0.15,0.45,1.68,28881.23368128516
2021-10-22,0.08,0.15,0.48,1.66,28908.80203242421
2021-10-23,0.08,0.15,,,
2021-10-24,0.08,0.15,,,
2021-10-25,0.08,0.15,0.47,1.64,28908.766496109853
2021-10-26,0.08,0.15,0.47,1.63,28908.768513744762
2021-10-27,0.08,0.15,0.5,1.54,28908.75656333438
2021-10-28,0.08,0.15,0.5,1.57,28908.77473174271
2021-10-29,0.07,0.15,0.48,1.55,28908.765340554328
2021-10-30,0.07,0.15,,,
2021-10-31,0.07,0.15,,,
2021-11-01,0.08,0.15,0.5,1.58,28908.75323499969
2021-11-02,0.08,0.15,0.46,1.56,28908.75512840426
2021-11-03,0.08,0.15,0.47,1.6,28908.74298314305
2021-11-04,0.08,0.15,0.41,1.53,28908.82009641253
2021-11-05,0.08,0.15,0.39,1.45,28908.80788217039
2021-11-06,0.08,0.15,,,
2021-11-07,0.08,0.15,,,
2021-11-08,0.08,0.15,0.45,1.51,28908.77123483489
2021-11-09,0.08,0.15,0.41,1.46,28908.76906578206
2021-11-10,0.08,0.15,0.51,1.56,28908.75685090949
2021-11-11,0.08,0.15,,,
2021-11-12,0.08,0.15,0.53,1.58,28908.75669238632
2021-11-13,0.08,0.15,,,
2021-11-14,0.08,0.15,,,
2021-11-15,0.08,0.15,0.53,1.63,28908.720142454058
2021-11-16,0.08,0.15,0.54,1.63,28908.71862953693
2021-11-17,0.08,0.15,0.52,1.6,28908.70656772526
2021-11-18,0.08,0.15,0.52,1.59,28908.72199719237
2021-11-19,0.08,0.15,0.52,1.54,28908.70991321012
2021-11-20,0.08,0.15,,,
2021-11-21,0.08,0.15,,,
2021-11-22,0.08,0.15,0.63,1.63,28908.673656751147
2021-11-23,0.08,0.15,0.6,1.67,28908.675219435892
2021-11-24,0.08,0.15,0.64,1.64,28908.66300840059
2021-11-25,0.08,0.15,,,
2021-11-26,0.08,0.15,0.5,1.48,28908.67196690325
2021-11-27,0.08,0.15,,,
2021-11-28,0.08,0.15,,,
2021-11-29,0.08,0.15,0.51,1.52,28908.63492052641
2021-11-30,0.07,0.15,0.52,1.43,28907.98691462048
2021-12-01,0.08,0.15,0.56,1.43,28907.97456792279
2021-12-02,0.08,0.15,0.63,1.44,28908.093498988463
2021-12-03,0.08,0.15,0.6,1.35,28908.08086710119
2021-12-04,0.08,0.15,,,
2021-12-05,0.08,0.15,,,
2021-12-06,0.08,0.15,0.65,1.43,28908.04296853934
2021-12-07,0.08,0.15,0.7,1.48,28908.04401425151
2021-12-08,0.08,0.15,0.68,1.52,28908.031211073827
2021-12-09,0.08,0.15,0.7,1.49,28908.05657061387
2021-12-10,0.08,0.15,0.67,1.48,28908.04364144841
2021-12-11,0.08,0.15,,,
2021-12-12,0.08,0.15,,,
2021-12-13,0.08,0.15,0.66,1.42,28908.00485744512
2021-12-14,0.08,0.15,0.67,1.44,28908.00480729513
2021-12-15,0.08,0.15,0.69,1.47,28907.99195597338
2021-12-16,0.08,0.15,0.64,1.44,29206.281597429628
2021-12-17,0.08,0.15,0.66,1.41,29219.16216063654
2021-12-18,0.08,0.15,,,
2021-12-19,0.08,0.15,,,
2021-12-20,0.08,0.15,0.65,1.43,29227.23435083728
2021-12-21,0.08,0.15,0.7,1.48,29323.61711006425
2021-12-22,0.08,0.15,0.68,1.46,29371.119029875943
2021-12-23,0.08,0.15,0.71,1.5,29364.845916478982
2021-12-24,0.08,0.15,,,29366.48727863121
2021-12-25,0.08,0.15,,,
2021-12-26,0.08,0.15,,,
2021-12-27,0.08,0.15,0.76,1.48,29392.499945489897
2021-12-28,0.08,0.15,0.74,1.49,29470.201773029738
2021-12-29,0.08,0.15,0.75,1.55,29473.751154659923
2021-12-30,0.08,0.15,0.73,1.52,29494.8028679656
2021-12-31,0.07,0.15,0.73,1.52,29617.21485605175
2022-01-01,0.07,0.15,,,
2022-01-02,0.07,0.15,,,
2022-01-03,0.08,0.15,0.78,1.63,29561.91397910059
2022-01-04,0.08,0.15,0.77,1.66,29684.79572729877
2022-01-05,0.08,0.15,0.83,1.71,29688.71179968389
2022-01-06,0.08,0.15,0.88,1.73,29711.27306020384
2022-01-07,0.08,0.15,0.87,1.76,29712.20680928468
2022-01-08,0.08,0.15,,,
2022-01-09,0.08,0.15,,,
2022-01-10,0.08,0.15,0.92,1.78,29721.31624151287
2022-01-11,0.08,0.15,0.9,1.75,29798.68642105941
2022-01-12,0.08,0.15,0.92,1.74,29782.260926262898
2022-01-13,0.08,0.15,0.91,1.7,29744.356363065923
2022-01-14,0.08,0.15,0.99,1.78,29744.95587770872
2022-01-15,0.08,0.15,,,
2022-01-16,0.08,0.15,,,
2022-01-17,0.08,0.15,,,
2022-01-18,0.08,0.15,1.06,1.87,29868.78697215516
2022-01-19,0.08,0.15,1.04,1.83,29850.6196896847
2022-01-20,0.08,0.15,1.08,1.83,29867.021509573922
2022-01-21,0.08,0.15,1.01,1.75,29872.47804903847
2022-01-22,0.08,0.15,,,
2022-01-23,0.08,0.15,,,
2022-01-24,0.08,0.15,0.99,1.75,29881.2775142778
2022-01-25,0.08,0.15,1.02,1.78,29922.910183810924
2022-01-26,0.08,0.15,1.13,1.85,29911.02694519744
2022-01-27,0.08,0.15,1.18,1.81,29924.26964184611
2022-01-28,0.08,0.15,1.15,1.78,29923.54729515127
2022-01-29,0.08,0.15,,,
2022-01-30,0.08,0.15,,,
2022-01-31,0.08,0.15,1.18,1.79,30012.386059238288
2022-02-01,0.08,0.15,1.18,1.81,30006.70385370868
2022-02-02,0.08,0.15,1.16,1.78,30003.21400131709
2022-02-03,0.08,0.15,1.19,1.82,29997.348065352642
2022-02-04,0.08,0.15,1.31,1.93,30000.735946967987
2022-02-05,0.08,0.15,,,
2022-02-06,0.08,0.15,,,
2022-02-07,0.08,0.15,1.3,1.92,30006.55949478812
2022-02-08,0.08,0.15,1.35,1.96,30044.30871121355
2022-02-09,0.08,0.15,1.36,1.94,30026.315620292262
2022-02-10,0.08,0.15,1.61,2.03,30036.167906443712
2022-02-11,0.08,0.15,1.5,1.92,30037.55621817822
2022-02-12,0.08,0.15,,,
2022-02-13,0.08,0.15,,,
2022-02-14,0.08,0.15,1.58,1.98,30040.32118402823
2022-02-15,0.08,0.15,1.58,2.05,30131.747139602398
2022-02-16,0.08,0.15,1.52,2.03,30117.44453157768
2022-02-17,0.08,0.15,1.49,1.97,30116.594102929263
2022-02-18,0.08,0.15,1.47,1.92,30136.87505455409
2022-02-19,0.08,0.15,,,
2022-02-20,0.08,0.15,,,
2022-02-21,0.08,0.15,,,
2022-02-22,0.08,0.15,1.56,1.94,30149.60282221827
2022-02-23,0.08,0.15,1.58,1.99,30147.74047927632
2022-02-24,0.08,0.15,1.54,1.96,30156.745227539428
2022-02-25,0.08,0.15,1.55,1.97,30181.3060407011
2022-02-26,0.08,0.15,,,
2022-02-27,0.08,0.15,,,
2022-02-28,0.08,0.15,1.44,1.83,30290.35267278826
2022-03-01,0.08,0.15,1.31,1.72,30239.89888205544
2022-03-02,0.08,0.15,1.5,1.86,30251.604074765142
2022-03-03,0.08,0.15,1.53,1.86,30245.91634300577
2022-03-04,0.08,0.15,1.5,1.74,30248.09394799039
2022-03-05,0.08,0.15,,,
2022-03-06,0.08,0.15,,,
2022-03-07,0.08,0.15,1.55,1.78,30255.662304200672
2022-03-08,0.08,0.15,1.63,1.86,30255.12285268282
2022-03-09,0.08,0.15,1.68,1.94,30239.03581342789
2022-03-10,0.08,0.15,1.72,1.98,30169.15566214501
2022-03-11,0.08,0.15,1.75,2.0,30171.34767367713
2022-03-12,0.08,0.15,,,
2022-03-13,0.08,0.15,,,
2022-03-14,0.08,0.15,1.87,2.14,30192.74313649951
2022-03-15,0.08,0.15,1.85,2.15,30269.363487047147
2022-03-16,0.08,0.15,1.95,2.19,30256.99316629952
2022-03-17,0.33,0.4,1.94,2.2,30281.982928127924
2022-03-18,0.33,0.4,1.97,2.14,30284.57573766834
2022-03-19,0.33,0.4,,,
2022-03-20,0.33,0.4,,,
2022-03-21,0.33,0.4,2.14,2.32,30292.940101302713
2022-03-22,0.33,0.4,2.18,2.38,30291.0437585326
2022-03-23,0.33,0.4,2.13,2.32,30278.417333368052
2022-03-24,0.33,0.4,2.13,2.34,30278.646895828988
2022-03-25,0.33,0.4,2.3,2.48,30310.461979697076
2022-03-26,0.33,0.4,,,
2022-03-27,0.33,0.4,,,
2022-03-28,0.33,0.4,2.35,2.46,30316.41544512362
2022-03-29,0.33,0.4,2.35,2.41,30295.658229777353
2022-03-30,0.33,0.4,2.31,2.35,30297.72574221485
2022-03-31,0.33,0.4,2.28,2.32,30400.959928180968
2022-04-01,0.33,0.4,2.44,2.39,30341.73092141368
2022-04-02,0.33,0.4,,,
2022-04-03,0.33,0.4,,,
2022-04-04,0.33,0.4,2.43,2.42,30360.24238888282
2022-04-05,0.33,0.4,2.51,2.54,30344.75972842997
2022-04-06,0.33,0.4,2.5,2.61,30346.74383694352
2022-04-07,0.33,0.4,2.47,2.66,30355.56097880742
2022-04-08,0.33,0.4,2.53,2.72,30358.25337252682
2022-04-09,0.33,0.4,,,
2022-04-10,0.33,0.4,,,
2022-04-11,0.33,0.4,2.5,2.79,30366.14978477656
2022-04-12,0.33,0.4,2.39,2.72,30353.11615540025
2022-04-13,0.33,0.4,2.37,2.7,30337.94852788109
2022-04-14,0.33,0.4,2.47,2.83,30348.128378186462
2022-04-15,0.33,0.4,,,30283.20040918507
2022-04-16,0.33,0.4,,,
2022-04-17,0.33,0.4,,,
2022-04-18,0.33,0.4,2.46,2.85,30420.6460599708
2022-04-19,0.33,0.4,2.61,2.93,30424.03121110086
2022-04-20,0.33,0.4,2.6,2.85,30409.020743474808
2022-04-21,0.33,0.4,2.68,2.9,30417.82127885439
2022-04-22,0.33,0.4,2.72,2.9,30420.89586507355
2022-04-23,0.33,0.4,,,
2022-04-24,0.33,0.4,,,
2022-04-25,0.33,0.4,2.63,2.81,30436.599006622808
2022-04-26,0.33,0.4,2.54,2.77,30429.94315259456
2022-04-27,0.33,0.4,2.58,2.82,30416.60729974521
2022-04-28,0.33,0.4,2.63,2.85,30402.58050025399
2022-04-29,0.33,0.4,2.7,2.89,30374.15451189801
2022-04-30,0.33,0.4,,,
2022-05-01,0.33,0.4,,,
2022-05-02,0.33,0.4,2.73,2.99,30402.621901012513
2022-05-03,0.33,0.4,2.78,2.97,30403.39838412846
2022-05-04,0.33,0.4,2.66,2.93,30410.13299822016
2022-05-05,0.83,0.9,2.71,3.05,30399.29735928648
2022-05-06,0.83,0.9,2.72,3.12,30405.8690030732
2022-05-07,0.83,0.9,,,
2022-05-08,0.83,0.9,,,
2022-05-09,0.83,0.9,2.61,3.05,30414.68767578697
2022-05-10,0.83,0.9,2.62,2.99,30413.34763026905
2022-05-11,0.83,0.9,2.66,2.91,30396.2770821055
2022-05-12,0.83,0.9,2.56,2.84,30382.2703492587
2022-05-13,0.83,0.9,2.61,2.93,30383.29926887953
2022-05-14,0.83,0.9,,,
2022-05-15,0.83,0.9,,,
2022-05-16,0.83,0.9,2.58,2.88,30446.20909268911
2022-05-17,0.83,0.9,2.71,2.98,30448.917678953578
2022-05-18,0.83,0.9,2.68,2.89,30433.63816365919
2022-05-19,0.83,0.9,2.63,2.84,30417.2902185886
2022-05-20,0.83,0.9,2.6,2.78,30416.55837012214
2022-05-21,0.83,0.9,,,
2022-05-22,0.83,0.9,,,
2022-05-23,0.83,0.9,2.65,2.86,30425.27258811525
2022-05-24,0.83,0.9,2.5,2.76,30436.48521337336
2022-05-25,0.83,0.9,2.48,2.75,30420.927327550897
2022-05-26,0.83,0.9,2.46,2.75,30401.58504370747
2022-05-27,0.83,0.9,2.47,2.74,30424.4913182275
2022-05-28,0.83,0.9,,,
2022-05-29,0.83,0.9,,,
2022-05-30,0.83,0.9,,,
2022-05-31,0.83,0.9,2.53,2.85,30499.61852124679
2022-06-01,0.83,0.9,2.66,2.94,30440.97808925671
2022-06-02,0.83,0.9,2.65,2.92,30425.65907331904
2022-06-03,0.83,0.9,2.66,2.96,30412.550624776763
2022-06-04,0.83,0.9,,,
2022-06-05,0.83,0.9,,,
2022-06-06,0.83,0.9,2.73,3.04,30420.88721937502
2022-06-07,0.83,0.9,2.75,2.98,30417.58713194616
2022-06-08,0.83,0.9,2.78,3.03,30416.48334743231
2022-06-09,0.83,0.9,2.83,3.04,30396.764239689302
2022-06-10,0.83,0.9,3.06,3.15,30395.96254353433
2022-06-11,0.83,0.9,,,
2022-06-12,0.83,0.9,,,
2022-06-13,0.83,0.9,3.4,3.43,30401.228823317557
2022-06-14,0.83,0.9,3.45,3.49,30402.372009375802
2022-06-15,0.83,0.9,3.2,3.33,30450.427989813288
2022-06-16,1.58,1.65,3.14,3.28,30436.640164627788
2022-06-17,1.58,1.65,3.17,3.25,30447.72456557889
2022-06-18,1.58,1.65,,,
2022-06-19,1.58,1.65,,,
2022-06-20,1.58,1.65,,,
2022-06-21,1.58,1.65,3.21,3.31,30444.351824009424
2022-06-22,1.58,1.65,3.06,3.16,30438.441032259398
2022-06-23,1.58,1.65,3.01,3.09,30422.29605021264
2022-06-24,1.58,1.65,3.04,3.13,30459.118079859698
2022-06-25,1.58,1.65,,,
2022-06-26,1.58,1.65,,,
2022-06-27,1.58,1.65,3.08,3.2,30465.47890306114
2022-06-28,1.58,1.65,3.1,3.2,30472.63150134525
2022-06-29,1.58,1.65,3.06,3.1,30471.945407032537
2022-06-30,1.58,1.65,2.92,2.98,30568.58202905895
2022-07-01,1.58,1.65,2.84,2.88,30486.16879929768
2022-07-02,1.58,1.65,,,
2022-07-03,1.58,1.65,,,
2022-07-04,1.58,1.65,,,
2022-07-05,1.58,1.65,2.82,2.82,30499.76763004265
2022-07-06,1.58,1.65,2.97,2.93,30523.761181677237
2022-07-07,1.58,1.65,3.03,3.01,30506.23634187502
2022-07-08,1.58,1.65,3.12,3.09,30508.293809509327
2022-07-09,1.58,1.65,,,
2022-07-10,1.58,1.65,,,
2022-07-11,1.58,1.65,3.07,2.99,30519.30100339325
2022-07-12,1.58,1.65,3.03,2.96,30524.982128851057
2022-07-13,1.58,1.65,3.13,2.91,30506.85322370166
2022-07-14,1.58,1.65,3.15,2.96,30492.718741221262
2022-07-15,1.58,1.65,3.13,2.93,30515.29859393776
2022-07-16,1.58,1.65,,,
2022-07-17,1.58,1.65,,,
2022-07-18,1.58,1.65,3.15,2.96,30523.74104847478
2022-07-19,1.58,1.65,3.23,3.01,30553.663895660262
2022-07-20,1.58,1.65,3.25,3.04,30532.02990544216
2022-07-21,1.58,1.65,3.1,2.91,30527.597691286763
2022-07-22,1.58,1.65,2.98,2.77,30529.87325765304
2022-07-23,1.58,1.65,,,
2022-07-24,1.58,1.65,,,
2022-07-25,1.58,1.65,3.0,2.81,30543.559825181397
2022-07-26,1.58,1.65,3.02,2.81,30598.262922849717
2022-07-27,1.58,1.65,2.96,2.78,30581.63065026654
2022-07-28,2.33,2.4,2.85,2.68,30580.925386856718
2022-07-29,2.32,2.4,2.89,2.67,30595.10856719006
2022-07-30,2.32,2.4,,,
2022-07-31,2.32,2.4,,,
2022-08-01,2.33,2.4,2.9,2.6,30536.41054055418
2022-08-02,2.33,2.4,3.06,2.75,30595.96957076977
2022-08-03,2.33,2.4,3.1,2.73,30581.25782812079
2022-08-04,2.33,2.4,3.03,2.68,30588.576389112462
2022-08-05,2.33,2.4,3.24,2.83,30589.28023485934
2022-08-06,2.33,2.4,,,
2022-08-07,2.33,2.4,,,
2022-08-08,2.33,2.4,3.21,2.77,30600.92549464766
2022-08-09,2.33,2.4,3.28,2.8,30651.901663997967
2022-08-10,2.33,2.4,3.23,2.78,30656.481655127172
2022-08-11,2.33,2.4,3.23,2.87,30660.25780490073
2022-08-12,2.33,2.4,3.25,2.84,30661.90062119998
2022-08-13,2.33,2.4,,,
2022-08-14,2.33,2.4,,,
2022-08-15,2.33,2.4,3.2,2.79,30695.428647128378
2022-08-16,2.33,2.4,3.25,2.82,30736.58930906351
2022-08-17,2.33,2.4,3.28,2.89,30724.39855414991
2022-08-18,2.33,2.4,3.22,2.88,30729.913543818693
2022-08-19,2.33,2.4,3.25,2.98,30731.39195236635
2022-08-20,2.33,2.4,,,
2022-08-21,2.33,2.4,,,
2022-08-22,2.33,2.4,3.32,3.03,30740.292605227853
2022-08-23,2.33,2.4,3.29,3.05,30777.437633186648
2022-08-24,2.33,2.4,3.36,3.11,30751.82835040015
2022-08-25,2.33,2.4,3.35,3.03,30824.38060876288
2022-08-26,2.33,2.4,3.37,3.04,30846.992848094662
2022-08-27,2.33,2.4,,,
2022-08-28,2.33,2.4,,,
2022-08-29,2.33,2.4,3.42,3.12,30852.15236037609
2022-08-30,2.33,2.4,3.46,3.11,30879.09952038498
2022-08-31,2.33,2.4,3.45,3.15,30936.07521488241
2022-09-01,2.33,2.4,3.51,3.26,30879.36352385688
2022-09-02,2.33,2.4,3.4,3.2,30872.03548401448
2022-09-03,2.33,2.4,,,
2022-09-04,2.33,2.4,,,
2022-09-05,2.33,2.4,,,
2022-09-06,2.33,2.4,3.5,3.33,30887.90202684477
2022-09-07,2.33,2.4,3.45,3.27,30897.876626009307
2022-09-08,2.33,2.4,3.48,3.29,30894.123090119443
2022-09-09,2.33,2.4,3.56,3.33,30894.09412338354
2022-09-10,2.33,2.4,,,
2022-09-11,2.33,2.4,,,
2022-09-12,2.33,2.4,3.58,3.37,30898.20176875174
2022-09-13,2.33,2.4,3.75,3.42,30902.439190146
2022-09-14,2.33,2.4,3.78,3.41,30885.840414162263
2022-09-15,2.33,2.4,3.87,3.45,30886.835217014
2022-09-16,2.33,2.4,3.85,3.45,30890.59919650446
2022-09-17,2.33,2.4,,,
2022-09-18,2.33,2.4,,,
2022-09-19,2.33,2.4,3.95,3.49,30900.612291409532
2022-09-20,2.33,2.4,3.96,3.57,30902.024272230487
2022-09-21,2.33,2.4,4.02,3.51,30886.263886577468
2022-09-22,3.08,3.15,4.11,3.7,30894.82092325738
2022-09-23,3.08,3.15,4.2,3.69,30899.38184684468
2022-09-24,3.08,3.15,,,
2022-09-25,3.08,3.15,,,
2022-09-26,3.08,3.15,4.27,3.88,30910.23251878359
2022-09-27,3.08,3.15,4.3,3.97,30906.090013949288
2022-09-28,3.08,3.15,4.07,3.72,30887.26517501858
2022-09-29,3.08,3.15,4.16,3.76,30871.36435537925
2022-09-30,3.08,3.15,4.22,3.83,30928.91161330673
2022-10-01,3.08,3.15,,,
2022-10-02,3.08,3.15,,,
2022-10-03,3.08,3.15,4.12,3.67,31123.88778140134
2022-10-04,3.08,3.15,4.1,3.62,31137.01910705418
2022-10-05,3.08,3.15,4.15,3.76,31142.591307260012
2022-10-06,3.08,3.15,4.23,3.83,31149.119741274673
2022-10-07,3.08,3.15,4.3,3.89,31148.886822497858
2022-10-08,3.08,3.15,,,
2022-10-09,3.08,3.15,,,
2022-10-10,3.08,3.15,,,
2022-10-11,3.08,3.15,4.3,3.93,31151.61490018879
2022-10-12,3.08,3.15,4.28,3.91,31143.71467898468
2022-10-13,3.08,3.15,4.47,3.97,31144.952729330198
2022-10-14,3.08,3.15,4.48,4.0,31148.224201748308
2022-10-15,3.08,3.15,,,
2022-10-16,3.08,3.15,,,
2022-10-17,3.08,3.15,4.45,4.02,31211.42599282515
2022-10-18,3.08,3.15,4.43,4.01,31239.00753086296
2022-10-19,3.08,3.15,4.55,4.14,31221.57789529932
2022-10-20,3.08,3.15,4.62,4.24,31226.777244320878
2022-10-21,3.08,3.15,4.49,4.21,31228.59347088527
2022-10-22,3.08,3.15,,,
2022-10-23,3.08,3.15,,,
2022-10-24,3.08,3.15,4.5,4.25,31230.144668950397
2022-10-25,3.08,3.15,4.42,4.1,31267.80146463043
2022-10-26,3.08,3.15,4.39,4.04,31252.264539655982
2022-10-27,3.08,3.15,4.3,3.96,31257.754739246942
2022-10-28,3.08,3.15,4.41,4.02,31256.40779926482
2022-10-29,3.08,3.15,,,
2022-10-30,3.08,3.15,,,
2022-10-31,3.08,3.15,4.51,4.1,31238.30114935952
2022-11-01,3.08,3.15,4.54,4.07,31211.73364187398
2022-11-02,3.08,3.15,4.61,4.1,31221.842669793732
2022-11-03,3.83,3.9,4.71,4.14,31218.94542026756
2022-11-04,3.83,3.9,4.66,4.17,31220.13163157638
2022-11-05,3.83,3.9,,,
2022-11-06,3.83,3.9,,,
2022-11-07,3.83,3.9,4.72,4.22,31223.5376745665
2022-11-08,3.83,3.9,4.67,4.14,31261.63721774134
2022-11-09,3.83,3.9,4.61,4.12,31243.64297578419
2022-11-10,3.83,3.9,4.34,3.82,31252.011952406603
2022-11-11,3.83,3.9,,,
2022-11-12,3.83,3.9,,,
2022-11-13,3.83,3.9,,,
2022-11-14,3.83,3.9,4.4,3.88,31255.281194037692
2022-11-15,3.83,3.9,4.37,3.8,31288.17327500523
2022-11-16,3.83,3.9,4.35,3.67,31271.673609090212
2022-11-17,3.83,3.9,4.43,3.77,31285.2005249977
2022-11-18,3.83,3.9,4.51,3.82,31282.681366945282
2022-11-19,3.83,3.9,,,
2022-11-20,3.83,3.9,,,
2022-11-21,3.83,3.9,4.48,3.83,31287.34185703342
2022-11-22,3.83,3.9,4.47,3.76,31348.46254016476
2022-11-23,3.83,3.9,4.46,3.71,31334.03341056483
2022-11-24,3.83,3.9,,,
2022-11-25,3.83,3.9,4.42,3.68,31367.78218527516
2022-11-26,3.83,3.9,,,
2022-11-27,3.83,3.9,,,
2022-11-28,3.83,3.9,4.46,3.69,31370.8180441158
2022-11-29,3.83,3.9,4.48,3.75,31373.835538691423
2022-11-30,3.83,3.9,4.38,3.68,31413.3224653163
2022-12-01,3.83,3.9,4.25,3.53,31363.224488934327
2022-12-02,3.83,3.9,4.28,3.51,31350.13736608986
2022-12-03,3.83,3.9,,,
2022-12-04,3.83,3.9,,,
2022-12-05,3.83,3.9,4.41,3.6,31352.79792727798
2022-12-06,3.83,3.9,4.34,3.51,31338.54580796989
2022-12-07,3.83,3.9,4.26,3.42,31335.087282739038
2022-12-08,3.83,3.9,4.31,3.48,31310.79511765248
2022-12-09,3.83,3.9,4.33,3.57,31311.33981914648
2022-12-10,3.83,3.9,,,
2022-12-11,3.83,3.9,,,
2022-12-12,3.83,3.9,4.39,3.61,31317.6825117381
2022-12-13,3.83,3.9,4.22,3.51,31304.1451250651
2022-12-14,3.83,3.9,4.23,3.49,31284.31270797752
2022-12-15,4.33,4.4,4.23,3.44,31319.627308434123
2022-12-16,4.33,4.4,4.17,3.48,31347.12695984432
2022-12-17,4.33,4.4,,,
2022-12-18,4.33,4.4,,,
2022-12-19,4.33,4.4,4.25,3.57,31355.252649529648
2022-12-20,4.33,4.4,4.25,3.69,31336.72520100172
2022-12-21,4.33,4.4,4.21,3.68,31319.544673024076
2022-12-22,4.33,4.4,4.24,3.67,31327.47865771042
2022-12-23,4.33,4.4,4.31,3.75,31345.95700743698
2022-12-24,4.33,4.4,,,
2022-12-25,4.33,4.4,,,
2022-12-26,4.33,4.4,,,
2022-12-27,4.33,4.4,4.32,3.84,31336.04531844384
2022-12-28,4.33,4.4,4.31,3.88,31324.396828014018
2022-12-29,4.33,4.4,4.34,3.83,31326.303949171717
2022-12-30,4.33,4.4,4.41,3.88,31419.689421557898
2022-12-31,4.33,4.4,,,
2023-01-01,4.33,4.4,,,
2023-01-02,4.33,4.4,,,
2023-01-03,4.33,4.4,4.4,3.79,31351.186121029943
2023-01-04,4.33,4.4,4.36,3.69,31375.5492511493
2023-01-05,4.33,4.4,4.45,3.71,31380.30998669002
2023-01-06,4.33,4.4,4.24,3.55,31385.44453013411
2023-01-07,4.33,4.4,,,
2023-01-08,4.33,4.4,,,
2023-01-09,4.33,4.4,4.19,3.53,31388.88052036196
2023-01-10,4.33,4.4,4.24,3.61,31395.13311671319
2023-01-11,4.33,4.4,4.2,3.54,31375.141998674968
2023-01-12,4.33,4.4,4.12,3.43,31384.18624293068
2023-01-13,4.33,4.4,4.22,3.49,31384.49457575376
2023-01-14,4.33,4.4,,,
2023-01-15,4.33,4.4,,,
2023-01-16,4.33,4.4,,,
2023-01-17,4.33,4.4,4.18,3.53,31416.43856750446
2023-01-18,4.33,4.4,4.06,3.37,31414.360560928788
2023-01-19,4.33,4.4,4.09,3.39,31455.404534717578
2023-01-20,4.33,4.4,4.14,3.48,31454.9800057424
2023-01-21,4.33,4.4,,,
2023-01-22,4.33,4.4,,,
2023-01-23,4.33,4.4,4.21,3.52,31453.70651449381
2023-01-24,4.33,4.4,4.12,3.46,31454.84782975133
2023-01-25,4.33,4.4,4.11,3.46,31454.40814444804
2023-01-26,4.33,4.4,4.17,3.49,31457.69621043744
2023-01-27,4.33,4.4,4.19,3.52,31457.247193992487
2023-01-28,4.33,4.4,,,
2023-01-29,4.33,4.4,,,
2023-01-30,4.33,4.4,4.25,3.55,31455.90274985828
2023-01-31,4.33,4.4,4.21,3.52,31454.98222773916
2023-02-01,4.33,4.4,4.09,3.39,31454.52540385371
2023-02-02,4.58,4.65,4.09,3.4,31456.16220068898
2023-02-03,4.58,4.65,4.3,3.53,31455.70078920169
2023-02-04,4.58,4.65,,,
2023-02-05,4.58,4.65,,,
2023-02-06,4.58,4.65,4.44,3.63,31454.31662862435
2023-02-07,4.58,4.65,4.47,3.67,31455.106801791448
2023-02-08,4.58,4.65,4.45,3.63,31454.63698965327
2023-02-09,4.57,4.65,4.48,3.67,31456.22093017068
2023-02-10,4.58,4.65,4.5,3.74,31455.746843248162
2023-02-11,4.58,4.65,,,
2023-02-12,4.58,4.65,,,
2023-02-13,4.58,4.65,4.52,3.72,31454.3247373797
2023-02-14,4.58,4.65,4.6,3.77,31455.11962608409
2023-02-15,4.58,4.65,4.62,3.81,31454.87534503944
2023-02-16,4.58,4.65,4.62,3.86,31456.55463049628
2023-02-17,4.58,4.65,4.6,3.82,31456.06682879854
2023-02-18,4.58,4.65,,,
2023-02-19,4.58,4.65,,,
2023-02-20,4.58,4.65,,,
2023-02-21,4.58,4.65,4.67,3.95,31455.409398238353
2023-02-22,4.58,4.65,4.66,3.93,31454.91720570237
2023-02-23,4.58,4.65,4.66,3.88,31458.344513051397
2023-02-24,4.58,4.65,4.78,3.95,31457.850808804422
2023-02-25,4.58,4.65,,,
2023-02-26,4.58,4.65,,,
2023-02-27,4.57,4.65,4.78,3.92,31456.37070342832
2023-02-28,4.57,4.65,4.81,3.92,31459.29145857946
2023-03-01,4.58,4.65,4.89,4.01,31459.07749914318
2023-03-02,4.57,4.65,4.89,4.08,31460.69929001501
2023-03-03,4.57,4.65,4.86,3.97,31460.19920328673
2023-03-04,4.57,4.65,,,
2023-03-05,4.57,4.65,,,
2023-03-06,4.57,4.65,4.89,3.98,31458.69887575265
2023-03-07,4.57,4.65,5.0,3.97,31459.50962818893
2023-03-08,4.57,4.65,5.05,3.98,31459.00615956962
2023-03-09,4.57,4.65,4.9,3.93,31460.52955959469
2023-03-10,4.57,4.65,4.6,3.7,31460.02955484761
2023-03-11,4.57,4.65,,,
2023-03-12,4.57,4.65,,,
2023-03-13,4.58,4.65,4.03,3.55,31458.529688022212
2023-03-14,4.58,4.65,4.2,3.64,31459.29986128016
2023-03-15,4.58,4.65,3.93,3.51,31458.799258235482
2023-03-16,4.58,4.65,4.14,3.56,31460.256629224572
2023-03-17,4.58,4.65,3.81,3.39,31459.75425812986
2023-03-18,4.58,4.65,,,
2023-03-19,4.58,4.65,,,
2023-03-20,4.58,4.65,3.92,3.47,31458.24756597304
2023-03-21,4.58,4.65,4.17,3.59,31458.87806060468
2023-03-22,4.58,4.65,3.96,3.48,31458.37877349271
2023-03-23,4.83,4.9,3.76,3.38,31461.29016558475
2023-03-24,4.83,4.9,3.76,3.38,31460.78495891928
2023-03-25,4.83,4.9,,,
2023-03-26,4.83,4.9,,,
2023-03-27,4.83,4.9,3.94,3.53,31459.27069401488
2023-03-28,4.83,4.9,4.02,3.55,31459.89574966719
2023-03-29,4.83,4.9,4.08,3.57,31459.39418217414
2023-03-30,4.83,4.9,4.1,3.55,31460.91791200064
2023-03-31,4.83,4.9,4.06,3.48,31458.43757502818
2023-04-01,4.83,4.9,,,
2023-04-02,4.83,4.9,,,
2023-04-03,4.83,4.9,3.97,3.43,31457.16209203515
2023-04-04,4.83,4.9,3.84,3.35,31457.8143828915
2023-04-05,4.83,4.9,3.79,3.3,31457.303225023577
2023-04-06,4.83,4.9,3.82,3.3,31458.83491172606
2023-04-07,4.83,4.9,3.97,3.39,31458.324224063057
2023-04-08,4.83,4.9,,,
2023-04-09,4.83,4.9,,,
2023-04-10,4.83,4.9,4.0,3.41,31456.7921465339
2023-04-11,4.83,4.9,4.03,3.43,31457.43914119115
2023-04-12,4.83,4.9,3.95,3.41,31456.92992135884
2023-04-13,4.83,4.9,3.96,3.45,31458.4908907594
2023-04-14,4.83,4.9,4.08,3.52,31457.97944674125
2023-04-15,4.83,4.9,,,
2023-04-16,4.83,4.9,,,
2023-04-17,4.83,4.9,4.18,3.6,31456.44529631941
2023-04-18,4.83,4.9,4.19,3.58,31457.11956534561
2023-04-19,4.83,4.9,4.24,3.6,31456.614505854443
2023-04-20,4.83,4.9,4.14,3.54,31459.97891488775
2023-04-21,4.83,4.9,4.17,3.57,31459.469010160552
2023-04-22,4.83,4.9,,,
2023-04-23,4.83,4.9,,,
2023-04-24,4.83,4.9,4.12,3.52,31457.93984015939
2023-04-25,4.83,4.9,3.86,3.4,31458.52120123523
2023-04-26,4.83,4.9,3.9,3.43,31458.01467832026
2023-04-27,4.83,4.9,4.07,3.53,31459.61967617965
2023-04-28,4.83,4.9,4.04,3.44,31457.81464841587
2023-04-29,4.83,4.9,,,
2023-04-30,4.83,4.9,,,
2023-05-01,4.83,4.9,4.14,3.59,31457.39888045085
2023-05-02,4.83,4.9,3.97,3.44,31457.99707807546
2023-05-03,4.83,4.9,3.89,3.38,31457.4866566635
2023-05-04,5.08,5.15,3.75,3.37,31459.29184271078
2023-05-05,5.08,5.15,3.92,3.44,31458.77480161975
2023-05-06,5.08,5.15,,,
2023-05-07,5.08,5.15,,,
2023-05-08,5.08,5.15,4.0,3.52,31457.2239845445
2023-05-09,5.08,5.15,4.01,3.53,31457.93985715551
2023-05-10,5.08,5.15,3.9,3.43,31457.421959011263
2023-05-11,5.08,5.15,3.89,3.39,31459.051720110077
2023-05-12,5.08,5.15,3.98,3.46,31458.53216932981
2023-05-13,5.08,5.15,,,
2023-05-14,5.08,5.15,,,
2023-05-15,5.08,5.15,3.99,3.5,31457.10710070745
2023-05-16,5.08,5.15,4.06,3.54,31458.5579096917
2023-05-17,5.08,5.15,4.12,3.57,31458.0346626255
2023-05-18,5.08,5.15,4.24,3.65,31462.67653539366
2023-05-19,5.08,5.15,4.28,3.7,31462.14731677894
2023-05-20,5.08,5.15,,,
2023-05-21,5.08,5.15,,,
2023-05-22,5.08,5.15,4.29,3.72,31460.55991055731
2023-05-23,5.08,5.15,4.26,3.7,31462.15485490295
2023-05-24,5.08,5.15,4.31,3.73,31461.61862593634
2023-05-25,5.08,5.15,4.5,3.83,31465.482242065467
2023-05-26,5.08,5.15,4.54,3.8,31464.94231154005
2023-05-27,5.08,5.15,,,
2023-05-28,5.08,5.15,,,
2023-05-29,5.08,5.15,,,
2023-05-30,5.08,5.15,4.46,3.69,31463.98865876575
2023-05-31,5.08,5.15,4.4,3.64,31464.45746552298
2023-06-01,5.08,5.15,4.33,3.61,31467.63928789439
2023-06-02,5.08,5.15,4.5,3.69,31467.09992102851
2023-06-03,5.08,5.15,,,
2023-06-04,5.08,5.15,,,
2023-06-05,5.08,5.15,4.46,3.69,31825.678823229442
2023-06-06,5.08,5.15,4.51,3.7,31855.98074063182
2023-06-07,5.08,5.15,4.56,3.79,31857.00573634757
2023-06-08,5.08,5.15,4.52,3.73,31921.257581480237
2023-06-09,5.08,5.15,4.59,3.75,31921.148764836988
2023-06-10,5.08,5.15,,,
2023-06-11,5.08,5.15,,,
2023-06-12,5.08,5.15,4.55,3.73,31926.284136023518
2023-06-13,5.08,5.15,4.67,3.84,31975.29473587795
2023-06-14,5.08,5.15,4.74,3.83,31954.447260177672
2023-06-15,5.07,5.15,4.62,3.72,32039.244474237537
2023-06-16,5.08,5.15,4.7,3.77,32044.34887700264
2023-06-17,5.08,5.15,,,
2023-06-18,5.08,5.15,,,
2023-06-19,5.08,5.15,,,
2023-06-20,5.07,5.15,4.68,3.74,32105.20319833268
2023-06-21,5.07,5.15,4.68,3.72,32095.74236549749
2023-06-22,5.07,5.15,4.77,3.8,32168.649898303942
2023-06-23,5.07,5.15,4.71,3.74,32172.57656664761
2023-06-24,5.07,5.15,,,
2023-06-25,5.07,5.15,,,
2023-06-26,5.07,5.15,4.65,3.72,32195.32756933009
2023-06-27,5.07,5.15,4.74,3.77,32266.62766849467
2023-06-28,5.07,5.15,4.71,3.71,32246.99699997179
2023-06-29,5.07,5.15,4.87,3.85,32317.771369915852
2023-06-30,5.08,5.15,4.87,3.81,32332.274184762988
2023-07-01,5.08,5.15,,,
2023-07-02,5.08,5.15,,,
2023-07-03,5.08,5.15,4.94,3.86,32320.860659267717
2023-07-04,5.08,5.15,,,
2023-07-05,5.08,5.15,4.94,3.95,32402.127570957673
2023-07-06,5.08,5.15,4.99,4.05,32474.41332220055
2023-07-07,5.08,5.15,4.94,4.06,32477.557021205
2023-07-08,5.08,5.15,,,
2023-07-09,5.08,5.15,,,
2023-07-10,5.07,5.15,4.85,4.01,32481.106332188698
2023-07-11,5.08,5.15,4.88,3.99,32538.46681807423
2023-07-12,5.08,5.15,4.72,3.86,32518.395816772172
2023-07-13,5.08,5.15,4.59,3.76,32542.322793399602
2023-07-14,5.08,5.15,4.74,3.83,32542.41078306652
2023-07-15,5.08,5.15,,,
2023-07-16,5.08,5.15,,,
2023-07-17,5.08,5.15,4.74,3.81,32535.01018629534
2023-07-18,5.08,5.15,4.74,3.8,32590.93186799277
2023-07-19,5.08,5.15,4.74,3.75,32569.9149753782
2023-07-20,5.08,5.15,4.8,3.85,32592.2263289013
2023-07-21,5.08,5.15,4.82,3.84,32592.96282446371
2023-07-22,5.08,5.15,,,
2023-07-23,5.08,5.15,,,
2023-07-24,5.08,5.15,4.81,3.86,32597.76903719363
2023-07-25,5.08,5.15,4.85,3.91,32651.223755977608
2023-07-26,5.08,5.15,4.82,3.86,32634.8467027441
2023-07-27,5.33,5.4,4.91,4.01,32659.37869124941
2023-07-28,5.33,5.4,4.87,3.96,32657.12059649801
2023-07-29,5.33,5.4,,,
2023-07-30,5.33,5.4,,,
2023-07-31,5.33,5.4,4.88,3.97,32608.58507266614
2023-08-01,5.33,5.4,4.92,4.05,32587.56898250521
2023-08-02,5.33,5.4,4.88,4.08,32599.35135444913
2023-08-03,5.33,5.4,4.9,4.2,32604.327644488698
2023-08-04,5.33,5.4,4.78,4.05,32603.14607512953
2023-08-05,5.33,5.4,,,
2023-08-06,5.33,5.4,,,
2023-08-07,5.33,5.4,4.76,4.09,32611.306799308237
2023-08-08,5.33,5.4,4.74,4.02,32644.13686463677
2023-08-09,5.33,5.4,4.79,4.0,32620.93032783411
2023-08-10,5.33,5.4,4.82,4.09,32658.06300661057
2023-08-11,5.33,5.4,4.89,4.16,32658.60822024314
2023-08-12,5.33,5.4,,,
2023-08-13,5.33,5.4,,,
2023-08-14,5.33,5.4,4.96,4.19,32663.53044976877
2023-08-15,5.33,5.4,4.92,4.21,32679.941424168588
2023-08-16,5.33,5.4,4.97,4.28,32661.57824967703
2023-08-17,5.33,5.4,4.94,4.3,32703.69254463003
2023-08-18,5.33,5.4,4.92,4.26,32704.41495424948
2023-08-19,5.33,5.4,,,
2023-08-20,5.33,5.4,,,
2023-08-21,5.33,5.4,4.97,4.34,32710.63446312112
2023-08-22,5.33,5.4,5.02,4.34,32759.30728014699
2023-08-23,5.33,5.4,4.95,4.19,32740.372767613622
2023-08-24,5.33,5.4,4.98,4.23,32777.87972840551
2023-08-25,5.33,5.4,5.03,4.25,32810.22354614686
2023-08-26,5.33,5.4,,,
2023-08-27,5.33,5.4,,,
2023-08-28,5.33,5.4,4.98,4.2,32814.44300556485
2023-08-29,5.33,5.4,4.87,4.12,32856.45901661195
2023-08-30,5.33,5.4,4.9,4.12,32854.452857620105
2023-08-31,5.33,5.4,4.85,4.09,32914.14936376095
2023-09-01,5.33,5.4,4.87,4.18,32841.51633905453
2023-09-02,5.33,5.4,,,
2023-09-03,5.33,5.4,,,
2023-09-04,5.33,5.4,,,
2023-09-05,5.33,5.4,4.94,4.27,32890.66521770583
2023-09-06,5.33,5.4,5.01,4.3,32903.15369868677
2023-09-07,5.33,5.4,4.94,4.27,32935.6504835477
2023-09-08,5.33,5.4,4.98,4.26,32940.66120352187
2023-09-09,5.33,5.4,,,
2023-09-10,5.33,5.4,,,
2023-09-11,5.33,5.4,4.97,4.29,32940.62959282466
2023-09-12,5.33,5.4,4.98,4.27,32979.92161671266
2023-09-13,5.33,5.4,4.96,4.25,32959.50515357702
2023-09-14,5.33,5.4,5.0,4.29,32988.632843664105
2023-09-15,5.33,5.4,5.02,4.33,33044.85873046804
2023-09-16,5.33,5.4,,,
2023-09-17,5.33,5.4,,,
2023-09-18,5.33,5.4,5.05,4.32,33053.9508377209
2023-09-19,5.33,5.4,5.08,4.37,33091.84411081565
2023-09-20,5.33,5.4,5.12,4.35,33070.80384348464
2023-09-21,5.33,5.4,5.12,4.49,33100.40835747181
2023-09-22,5.33,5.4,5.1,4.44,33101.9658029004
2023-09-23,5.33,5.4,,,
2023-09-24,5.33,5.4,,,
2023-09-25,5.33,5.4,5.09,4.55,33112.06039195029
2023-09-26,5.33,5.4,5.04,4.56,33146.40899453236
2023-09-27,5.33,5.4,5.1,4.61,33126.91147137581
2023-09-28,5.33,5.4,5.04,4.59,33126.47637693736
2023-09-29,5.33,5.4,5.03,4.59,33167.33404472316
2023-09-30,5.33,5.4,,,
2023-10-01,5.33,5.4,,,
2023-10-02,5.33,5.4,5.12,4.69,33442.14861961743
2023-10-03,5.33,5.4,5.15,4.81,33474.9048680263
2023-10-04,5.33,5.4,5.05,4.73,33477.96004780547
2023-10-05,5.33,5.4,5.03,4.72,33513.38251266351
2023-10-06,5.33,5.4,5.08,4.78,33510.83360123021
2023-10-07,5.33,5.4,,,
2023-10-08,5.33,5.4,,,
2023-10-09,5.33,5.4,,,
2023-10-10,5.33,5.4,4.96,4.66,33550.23930590284
2023-10-11,5.33,5.4,4.99,4.58,33537.13787941041
2023-10-12,5.33,5.4,5.06,4.7,33523.06467401235
2023-10-13,5.33,5.4,5.04,4.63,33529.12825518848
2023-10-14,5.33,5.4,,,
2023-10-15,5.33,5.4,,,
2023-10-16,5.33,5.4,5.09,4.71,33590.30457329345
2023-10-17,5.33,5.4,5.19,4.83,33648.68685096749
2023-10-18,5.33,5.4,5.19,4.91,33629.18710562279
2023-10-19,5.33,5.4,5.14,4.98,33626.94397948512
2023-10-20,5.33,5.4,5.07,4.93,33627.27919434304
2023-10-21,5.33,5.4,,,
2023-10-22,5.33,5.4,,,
2023-10-23,5.33,5.4,5.05,4.86,33636.01378318572
2023-10-24,5.33,5.4,5.02,4.83,33684.21911186476
2023-10-25,5.33,5.4,5.08,4.95,33673.40904233843
2023-10-26,5.33,5.4,5.02,4.86,33675.9666903006
2023-10-27,5.33,5.4,4.99,4.84,33675.58399131032
2023-10-28,5.33,5.4,,,
2023-10-29,5.33,5.4,,,
2023-10-30,5.33,5.4,5.03,4.88,33675.4535811513
2023-10-31,5.33,5.4,5.07,4.88,33699.580339128486
2023-11-01,5.33,5.4,4.95,4.77,33637.96147473664
2023-11-02,5.33,5.4,4.98,4.67,33694.31044608058
2023-11-03,5.33,5.4,4.83,4.57,33677.79596832537
2023-11-04,5.33,5.4,,,
2023-11-05,5.33,5.4,,,
2023-11-06,5.33,5.4,4.93,4.67,33685.54902348244
2023-11-07,5.33,5.4,4.91,4.58,33723.12500288423
2023-11-08,5.33,5.4,4.93,4.49,33704.51930175833
2023-11-09,5.33,5.4,5.03,4.62,33700.702394486034
2023-11-10,5.33,5.4,5.04,4.61,33700.51904510891
2023-11-11,5.33,5.4,,,
2023-11-12,5.33,5.4,,,
2023-11-13,5.33,5.4,5.02,4.63,33704.35134429203
2023-11-14,5.33,5.4,4.8,4.44,33740.75894029814
2023-11-15,5.33,5.4,4.9,4.53,33702.80035675717
2023-11-16,5.33,5.4,4.83,4.45,33740.14030074507
2023-11-17,5.33,5.4,4.88,4.44,33746.1612048342
2023-11-18,5.33,5.4,,,
2023-11-19,5.33,5.4,,,
2023-11-20,5.33,5.4,4.89,4.42,33750.17694621859
2023-11-21,5.33,5.4,4.86,4.41,33786.477536673076
2023-11-22,5.33,5.4,4.89,4.42,33766.41895561484
2023-11-23,5.33,5.4,,,
2023-11-24,5.33,5.4,4.92,4.47,33827.28744189498
2023-11-25,5.33,5.4,,,
2023-11-26,5.33,5.4,,,
2023-11-27,5.33,5.4,4.84,4.39,33836.693993860354
2023-11-28,5.33,5.4,4.73,4.34,33851.85194294765
2023-11-29,5.33,5.4,4.64,4.27,33849.20225027084
2023-11-30,5.33,5.4,4.73,4.37,33878.6793675012
2023-12-01,5.33,5.4,4.56,4.22,33802.67790570557
2023-12-02,5.33,5.4,,,
2023-12-03,5.33,5.4,,,
2023-12-04,5.33,5.4,4.64,4.28,33814.6219765982
2023-12-05,5.33,5.4,4.57,4.18,33818.3761564462
2023-12-06,5.33,5.4,4.6,4.12,33818.11130539133
2023-12-07,5.33,5.4,4.58,4.14,33832.81571476009
2023-12-08,5.33,5.4,4.71,4.23,33847.36613396528
2023-12-09,5.33,5.4,,,
2023-12-10,5.33,5.4,,,
2023-12-11,5.33,5.4,4.71,4.23,33852.52859154639
2023-12-12,5.33,5.4,4.73,4.2,33851.32120528816
2023-12-13,5.33,5.4,4.46,4.04,33828.21058670342
2023-12-14,5.33,5.4,4.37,3.92,33840.40151822569
2023-12-15,5.33,5.4,4.44,3.91,33883.845835556036
2023-12-16,5.33,5.4,,,
2023-12-17,5.33,5.4,,,
2023-12-18,5.33,5.4,4.43,3.95,33891.28513471208
2023-12-19,5.33,5.4,4.41,3.93,33892.1154146591
2023-12-20,5.33,5.4,4.34,3.86,33870.52350470877
2023-12-21,5.33,5.4,4.33,3.89,33887.6660906584
2023-12-22,5.33,5.4,4.31,3.9,33901.01932888577
2023-12-23,5.33,5.4,,,
2023-12-24,5.33,5.4,,,
2023-12-25,5.33,5.4,,,
2023-12-26,5.33,5.4,4.26,3.89,33905.473436272376
2023-12-27,5.33,5.4,4.2,3.79,33896.08337824805
2023-12-28,5.33,5.4,4.26,3.84,33911.22772317048
2023-12-29,5.33,5.4,4.23,3.88,34001.49365556548
2023-12-30,5.33,5.4,,,
2023-12-31,5.33,5.4,,,
2024-01-01,5.33,5.4,,,
2024-01-02,5.33,5.4,4.33,3.95,33990.127522066825
2024-01-03,5.33,5.4,4.33,3.91,33994.21987256785
2024-01-04,5.33,5.4,4.38,3.99,34006.27093068556
2024-01-05,5.33,5.4,4.4,4.05,34009.690055595805
2024-01-06,5.33,5.4,,,
2024-01-07,5.33,5.4,,,
2024-01-08,5.33,5.4,4.36,4.01,34012.19887229196
2024-01-09,5.33,5.4,4.36,4.02,34024.77505858146
2024-01-10,5.33,5.4,4.37,4.04,34002.43887749081
2024-01-11,5.33,5.4,4.26,3.98,34058.513894474076
2024-01-12,5.33,5.4,4.14,3.96,34058.15780945117
2024-01-13,5.33,5.4,,,
2024-01-14,5.33,5.4,,,
2024-01-15,5.33,5.4,,,
2024-01-16,5.33,5.4,4.22,4.07,34061.55158217605
2024-01-17,5.33,5.4,4.34,4.1,34060.16344763043
2024-01-18,5.33,5.4,4.34,4.14,34069.90013175302
2024-01-19,5.33,5.4,4.39,4.15,34072.34203293915
2024-01-20,5.33,5.4,,,
2024-01-21,5.33,5.4,,,
2024-01-22,5.33,5.4,4.37,4.11,34076.67171771141
2024-01-23,5.33,5.4,4.31,4.14,34109.37837574403
2024-01-24,5.33,5.4,4.34,4.18,34088.37507699331
2024-01-25,5.33,5.4,4.28,4.14,34135.53048229188
2024-01-26,5.33,5.4,4.34,4.15,34135.45706163936
2024-01-27,5.33,5.4,,,
2024-01-28,5.33,5.4,,,
2024-01-29,5.33,5.4,4.29,4.08,34138.47249131002
2024-01-30,5.33,5.4,4.36,4.06,34172.82934146841
2024-01-31,5.33,5.4,4.27,3.99,34191.15040239364
2024-02-01,5.33,5.4,4.2,3.87,34155.01562966867
2024-02-02,5.33,5.4,4.36,4.03,34147.34762018687
2024-02-03,5.33,5.4,,,
2024-02-04,5.33,5.4,,,
2024-02-05,5.33,5.4,4.46,4.17,34153.97412946771
2024-02-06,5.33,5.4,4.39,4.09,34196.56464805577
2024-02-07,5.33,5.4,4.41,4.09,34197.59449234948
2024-02-08,5.33,5.4,4.46,4.15,34228.69914345334
2024-02-09,5.33,5.4,4.48,4.17,34228.17829634687
2024-02-10,5.33,5.4,,,
2024-02-11,5.33,5.4,,,
2024-02-12,5.33,5.4,4.46,4.17,34230.78346538328
2024-02-13,5.33,5.4,4.64,4.31,34269.06049391481
2024-02-14,5.33,5.4,4.56,4.27,34245.31523175202
2024-02-15,5.33,5.4,4.56,4.24,34266.06101265321
2024-02-16,5.33,5.4,4.64,4.3,34267.23073610838
2024-02-17,5.33,5.4,,,
2024-02-18,5.33,5.4,,,
2024-02-19,5.33,5.4,,,
2024-02-20,5.33,5.4,4.59,4.27,34305.12063165351
2024-02-21,5.33,5.4,4.64,4.32,34297.7679753392
2024-02-22,5.33,5.4,4.69,4.33,34332.00662632048
2024-02-23,5.33,5.4,4.67,4.26,34368.19837289916
2024-02-24,5.33,5.4,,,
2024-02-25,5.33,5.4,,,
2024-02-26,5.33,5.4,4.69,4.28,34376.31705203723
2024-02-27,5.33,5.4,4.7,4.31,34405.200371310355
2024-02-28,5.33,5.4,4.64,4.27,34382.14820756053
2024-02-29,5.33,5.4,4.64,4.25,34471.08323811175
2024-03-01,5.33,5.4,4.54,4.19,34393.2623990024
2024-03-02,5.33,5.4,,,
2024-03-03,5.33,5.4,,,
2024-03-04,5.33,5.4,4.61,4.22,34410.892192352054
2024-03-05,5.33,5.4,4.54,4.13,34438.95006796133
2024-03-06,5.33,5.4,4.55,4.11,34440.83195575654
2024-03-07,5.33,5.4,4.5,4.09,34461.40655973348
2024-03-08,5.33,5.4,4.48,4.09,34465.058258901445
2024-03-09,5.33,5.4,,,
2024-03-10,5.33,5.4,,,
2024-03-11,5.33,5.4,4.51,4.1,34471.4826655782
2024-03-12,5.33,5.4,4.58,4.16,34497.20382390022
2024-03-13,5.33,5.4,4.61,4.19,34475.87474340664
2024-03-14,5.33,5.4,4.68,4.29,34486.22002628595
2024-03-15,5.33,5.4,4.72,4.31,34542.83849726294
2024-03-16,5.33,5.4,,,
2024-03-17,5.33,5.4,,,
2024-03-18,5.33,5.4,4.73,4.34,34551.36324883989
2024-03-19,5.33,5.4,4.68,4.3,34582.30452489088
2024-03-20,5.33,5.4,4.59,4.27,34561.17366219419
2024-03-21,5.33,5.4,4.62,4.27,34578.03222150983
2024-03-22,5.33,5.4,4.59,4.22,34582.12126603357
2024-03-23,5.33,5.4,,,
2024-03-24,5.33,5.4,,,
2024-03-25,5.33,5.4,4.54,4.25,34598.18799136271
2024-03-26,5.33,5.4,4.56,4.24,34594.38887017566
2024-03-27,5.33,5.4,4.54,4.2,34573.19954584143
2024-03-28,5.33,5.4,4.59,4.2,34578.60915717932
2024-03-29,5.33,5.4,,,34586.53347934988
2024-03-30,5.33,5.4,,,
2024-03-31,5.33,5.4,,,
2024-04-01,5.33,5.4,4.72,4.33,34627.2013330641
2024-04-02,5.33,5.4,4.7,4.36,34622.29187005113
2024-04-03,5.33,5.4,4.68,4.36,34604.33779288531
2024-04-04,5.33,5.4,4.65,4.31,34598.96853494736
2024-04-05,5.33,5.4,4.73,4.39,34600.6434925851
2024-04-06,5.33,5.4,,,
2024-04-07,5.33,5.4,,,
2024-04-08,5.33,5.4,4.78,4.42,34608.41256064247
2024-04-09,5.33,5.4,4.74,4.36,34581.009999544534
2024-04-10,5.33,5.4,4.97,4.55,34561.01551695628
2024-04-11,5.33,5.4,4.93,4.56,34550.83661463168
2024-04-12,5.33,5.4,4.88,4.5,34553.21962564551
2024-04-13,5.33,5.4,,,
2024-04-14,5.33,5.4,,,
2024-04-15,5.33,5.4,4.93,4.63,34603.20283201075
2024-04-16,5.33,5.4,4.97,4.67,34591.00133087691
2024-04-17,5.33,5.4,4.93,4.59,34576.488508928924
2024-04-18,5.33,5.4,4.98,4.64,34583.09496554454
2024-04-19,5.33,5.4,4.97,4.62,34585.52818277546
2024-04-20,5.33,5.4,,,
2024-04-21,5.33,5.4,,,
2024-04-22,5.33,5.4,4.97,4.62,34591.77635425341
2024-04-23,5.33,5.4,4.86,4.61,34581.88224075307
2024-04-24,5.33,5.4,4.89,4.65,34571.62712211408
2024-04-25,5.33,5.4,4.96,4.7,34554.96902586811
2024-04-26,5.33,5.4,4.96,4.67,34558.41495709151
2024-04-27,5.33,5.4,,,
2024-04-28,5.33,5.4,,,
2024-04-29,5.33,5.4,4.97,4.63,34562.76012151806
2024-04-30,5.33,5.4,5.04,4.69,34616.99401625088
2024-05-01,5.33,5.4,4.96,4.63,34558.28620150424
2024-05-02,5.33,5.4,4.87,4.58,34563.3488182045
2024-05-03,5.33,5.4,4.81,4.5,34548.20628440641
2024-05-04,5.33,5.4,,,
2024-05-05,5.33,5.4,,,
2024-05-06,5.33,5.4,4.82,4.49,34560.84763982759
2024-05-07,5.33,5.4,4.82,4.47,34559.395239870326
2024-05-08,5.33,5.4,4.84,4.48,34541.727970599175
2024-05-09,5.33,5.4,4.8,4.45,34544.912251854534
2024-05-10,5.33,5.4,4.87,4.5,34544.59201760572
2024-05-11,5.33,5.4,,,
2024-05-12,5.33,5.4,,,
2024-05-13,5.33,5.4,4.85,4.48,34552.16211884787
2024-05-14,5.33,5.4,4.81,4.45,34572.50936983178
2024-05-15,5.33,5.4,4.73,4.36,34534.84545074716
2024-05-16,5.33,5.4,4.78,4.38,34552.93092374292
2024-05-17,5.33,5.4,4.83,4.42,34560.8973547777
2024-05-18,5.33,5.4,,,
2024-05-19,5.33,5.4,,,
2024-05-20,5.33,5.4,4.82,4.44,34569.11131192107
2024-05-21,5.33,5.4,4.82,4.41,34585.56019503684
2024-05-22,5.33,5.4,4.86,4.43,34568.25451401539
2024-05-23,5.33,5.4,4.91,4.47,34577.12896855163
2024-05-24,5.33,5.4,4.93,4.46,34587.98044410139
2024-05-25,5.33,5.4,,,
2024-05-26,5.33,5.4,,,
2024-05-27,5.33,5.4,,,
2024-05-28,5.33,5.4,4.94,4.54,34606.16791502593
2024-05-29,5.33,5.4,4.96,4.61,34621.65835545218
2024-05-30,5.33,5.4,4.92,4.55,34609.79681742765
2024-05-31,5.33,5.4,4.89,4.51,34667.11514240083
2024-06-01,5.33,5.4,,,
2024-06-02,5.33,5.4,,,
2024-06-03,5.33,5.4,4.82,4.41,34635.36414332814
2024-06-04,5.33,5.4,4.77,4.33,34655.635889090125
2024-06-05,5.33,5.4,4.72,4.29,34659.90103460569
2024-06-06,5.33,5.4,4.72,4.28,34670.63265426719
2024-06-07,5.33,5.4,4.87,4.43,34672.89204783253
2024-06-08,5.33,5.4,,,
2024-06-09,5.33,5.4,,,
2024-06-10,5.33,5.4,4.87,4.47,34709.42009717588
2024-06-11,5.33,5.4,4.81,4.39,34702.935789016265
2024-06-12,5.33,5.4,4.75,4.31,34681.313704677465
2024-06-13,5.33,5.4,4.68,4.24,34683.5806295577
2024-06-14,5.33,5.4,4.67,4.2,34681.08139813385
2024-06-15,5.33,5.4,,,
2024-06-16,5.33,5.4,,,
2024-06-17,5.33,5.4,4.75,4.28,34750.49882998755
2024-06-18,5.33,5.4,4.69,4.22,34734.1109069356
2024-06-19,5.33,5.4,,,
2024-06-20,5.33,5.4,4.7,4.25,34725.85032360822
2024-06-21,5.33,5.4,4.7,4.25,34733.747766164306
2024-06-22,5.33,5.4,,,
2024-06-23,5.33,5.4,,,
2024-06-24,5.33,5.4,4.71,4.25,34748.60246998614
2024-06-25,5.33,5.4,4.65,4.23,34748.39868845549
2024-06-26,5.33,5.4,4.71,4.32,34724.68926696311
2024-06-27,5.33,5.4,4.7,4.29,34722.77692724615
2024-06-28,5.33,5.4,4.71,4.36,34831.63443139347
2024-06-29,5.33,5.4,,,
2024-06-30,5.33,5.4,,,
2024-07-01,5.33,5.4,4.77,4.48,34841.0596287868
2024-07-02,5.33,5.4,4.74,4.43,34866.04043132731
2024-07-03,5.33,5.4,4.71,4.36,34847.568990054126
2024-07-04,5.33,5.4,,,
2024-07-05,5.33,5.4,4.6,4.28,34852.20128759504
2024-07-06,5.33,5.4,,,
2024-07-07,5.33,5.4,,,
2024-07-08,5.33,5.4,4.62,4.28,34857.3900598281
2024-07-09,5.33,5.4,4.62,4.3,34884.371510047604
2024-07-10,5.33,5.4,4.62,4.28,34861.32165868501
2024-07-11,5.33,5.4,4.5,4.2,34888.93954652591
2024-07-12,5.33,5.4,4.45,4.18,34889.21342696708
2024-07-13,5.33,5.4,,,
2024-07-14,5.33,5.4,,,
2024-07-15,5.33,5.4,4.44,4.23,34911.64755406435
2024-07-16,5.33,5.4,4.43,4.17,34940.154193610644
2024-07-17,5.33,5.4,4.42,4.16,34923.27712022695
2024-07-18,5.33,5.4,4.46,4.2,34945.96327840629
2024-07-19,5.33,5.4,4.49,4.25,34944.25183059292
2024-07-20,5.33,5.4,,,
2024-07-21,5.33,5.4,,,
2024-07-22,5.33,5.4,4.5,4.26,34950.13899713935
2024-07-23,5.33,5.4,4.4,4.25,34988.12132928552
2024-07-24,5.33,5.4,4.37,4.28,34969.57829946718
2024-07-25,5.33,5.4,4.41,4.27,34997.54050510333
2024-07-26,5.33,5.4,4.36,4.2,35001.278179208675
2024-07-27,5.33,5.4,,,
2024-07-28,5.33,5.4,,,
2024-07-29,5.33,5.4,4.36,4.17,35004.415930299
2024-07-30,5.33,5.4,4.35,4.15,35043.20997768727
2024-07-31,5.33,5.4,4.29,4.09,35104.770649301034
2024-08-01,5.33,5.4,4.16,3.99,35059.40234714152
2024-08-02,5.33,5.4,3.88,3.8,35051.42869455499
2024-08-03,5.33,5.4,,,
2024-08-04,5.33,5.4,,,
2024-08-05,5.33,5.4,3.89,3.78,35059.256376453144
2024-08-06,5.33,5.4,3.99,3.9,35085.78649584324
2024-08-07,5.33,5.4,4.0,3.96,35094.75634592031
2024-08-08,5.33,5.4,4.04,3.99,35123.32797802847
2024-08-09,5.33,5.4,4.05,3.94,35122.52713240643
2024-08-10,5.33,5.4,,,
2024-08-11,5.33,5.4,,,
2024-08-12,5.33,5.4,4.01,3.9,35126.85016173927
2024-08-13,5.33,5.4,3.93,3.85,35160.349582384675
2024-08-14,5.33,5.4,3.94,3.83,35137.624661984395
2024-08-15,5.33,5.4,4.08,3.92,35169.16377824035
2024-08-16,5.33,5.4,4.06,3.89,35167.228191213464
2024-08-17,5.33,5.4,,,
2024-08-18,5.33,5.4,,,
2024-08-19,5.33,5.4,4.06,3.86,35178.03411323807
2024-08-20,5.33,5.4,3.99,3.82,35215.90037009307
2024-08-21,5.33,5.4,3.92,3.79,35193.99927927378
2024-08-22,5.33,5.4,3.99,3.86,35210.35079954612
2024-08-23,5.33,5.4,3.9,3.81,35213.96710048515
2024-08-24,5.33,5.4,,,
2024-08-25,5.33,5.4,,,
2024-08-26,5.33,5.4,3.91,3.82,35225.18490118583
2024-08-27,5.33,5.4,3.83,3.83,35289.49200315499
2024-08-28,5.33,5.4,3.83,3.84,35269.69627086386
2024-08-29,5.33,5.4,3.87,3.87,35279.77614543429
2024-08-30,5.33,5.4,3.91,3.91,35256.056842790065
2024-08-31,5.33,5.4,,,
2024-09-01,5.33,5.4,,,
2024-09-02,5.33,5.4,,,
2024-09-03,5.33,5.4,3.88,3.84,35319.68664060998
2024-09-04,5.33,5.4,3.76,3.77,35343.82473801502
2024-09-05,5.33,5.4,3.75,3.73,35345.572154736146
2024-09-06,5.33,5.4,3.66,3.72,35343.086505566214
2024-09-07,5.33,5.4,,,
2024-09-08,5.33,5.4,,,
2024-09-09,5.33,5.4,3.68,3.7,35346.63227164661
2024-09-10,5.33,5.4,3.59,3.65,35331.161690593406
2024-09-11,5.33,5.4,3.62,3.65,35309.18461287
2024-09-12,5.33,5.4,3.64,3.68,35273.87975491738
2024-09-13,5.33,5.4,3.57,3.66,35268.78158936192
2024-09-14,5.33,5.4,,,
2024-09-15,5.33,5.4,,,
2024-09-16,5.33,5.4,3.56,3.63,35346.46956959774
2024-09-17,5.33,5.4,3.59,3.65,35350.8423107711
2024-09-18,5.33,5.4,3.61,3.7,35331.269621113075
2024-09-19,4.83,4.9,3.59,3.73,35327.64662283946
2024-09-20,4.83,4.9,3.55,3.73,35319.71073613206
2024-09-21,4.83,4.9,,,
2024-09-22,4.83,4.9,,,
2024-09-23,4.83,4.9,3.57,3.75,35324.63637934722
2024-09-24,4.83,4.9,3.49,3.74,35324.32547636835
2024-09-25,4.83,4.9,3.53,3.79,35303.965164452886
2024-09-26,4.83,4.9,3.6,3.79,35296.367284952255
2024-09-27,4.83,4.9,3.55,3.75,35321.33734440043
2024-09-28,4.83,4.9,,,
2024-09-29,4.83,4.9,,,
2024-09-30,4.83,4.9,3.66,3.81,35464.67392917169
2024-10-01,4.83,4.9,3.61,3.74,35668.947367182096
2024-10-02,4.83,4.9,3.63,3.79,35677.76060803545
2024-10-03,4.83,4.9,3.7,3.85,35677.7968425197
2024-10-04,4.83,4.9,3.93,3.98,35680.51481603292
2024-10-05,4.83,4.9,,,
2024-10-06,4.83,4.9,,,
2024-10-07,4.83,4.9,3.99,4.03,35682.6177987718
2024-10-08,4.83,4.9,3.98,4.04,35717.70566513267
2024-10-09,4.83,4.9,3.99,4.06,35693.841261552036
2024-10-10,4.83,4.9,3.98,4.09,35680.63408393218
2024-10-11,4.83,4.9,3.95,4.08,35707.319682513255
2024-10-12,4.83,4.9,,,
2024-10-13,4.83,4.9,,,
2024-10-14,4.83,4.9,,,
2024-10-15,4.83,4.9,3.95,4.03,35751.27180862545
2024-10-16,4.83,4.9,3.93,4.02,35743.51354746487
2024-10-17,4.83,4.9,3.96,4.09,35769.08447152438
2024-10-18,4.83,4.9,3.95,4.08,35769.73214750335
2024-10-19,4.83,4.9,,,
2024-10-20,4.83,4.9,,,
2024-10-21,4.83,4.9,4.02,4.19,35772.75021488662
2024-10-22,4.83,4.9,4.03,4.2,35802.82217383696
2024-10-23,4.83,4.9,4.07,4.24,35777.371535343635
2024-10-24,4.83,4.9,4.07,4.21,35809.1577511198
2024-10-25,4.83,4.9,4.11,4.25,35815.39255982353
2024-10-26,4.83,4.9,,,
2024-10-27,4.83,4.9,,,
2024-10-28,4.83,4.9,4.12,4.28,35817.406407906456
2024-10-29,4.83,4.9,4.11,4.28,35848.52151043702
2024-10-30,4.83,4.9,4.15,4.29,35847.01259006717
2024-10-31,4.83,4.9,4.16,4.28,35951.601173936026
2024-11-01,4.83,4.9,4.21,4.37,35866.603223541475
2024-11-02,4.83,4.9,,,
2024-11-03,4.83,4.9,,,
2024-11-04,4.83,4.9,4.17,4.31,35884.40101585436
2024-11-05,4.83,4.9,4.19,4.26,35911.10759819818
2024-11-06,4.83,4.9,4.27,4.42,35912.05854121885
2024-11-07,4.83,4.9,4.21,4.31,35943.55422029764
2024-11-08,4.58,4.65,4.26,4.3,35945.3963624752
2024-11-09,4.58,4.65,,,
2024-11-10,4.58,4.65,,,
2024-11-11,4.58,4.65,,,
2024-11-12,4.58,4.65,4.34,4.43,35963.76558429924
2024-11-13,4.58,4.65,4.27,4.44,35950.262427779686
2024-11-14,4.58,4.65,4.34,4.43,35965.53302460405
2024-11-15,4.58,4.65,4.31,4.43,35959.17698794011
2024-11-16,4.58,4.65,,,
2024-11-17,4.58,4.65,,,
2024-11-18,4.58,4.65,4.29,4.42,35963.97634272391
2024-11-19,4.58,4.65,4.27,4.39,35992.291043718855
2024-11-20,4.58,4.65,4.31,4.41,35973.9059781147
2024-11-21,4.58,4.65,4.34,4.43,36034.99458698197
2024-11-22,4.58,4.65,4.37,4.41,36047.523137936354
2024-11-23,4.58,4.65,,,
2024-11-24,4.58,4.65,,,
2024-11-25,4.58,4.65,4.21,4.27,36052.65089479476
2024-11-26,4.58,4.65,4.21,4.3,36113.57053580253
2024-11-27,4.58,4.65,4.19,4.25,36090.59722580443
2024-11-28,4.58,4.65,,,
2024-11-29,4.58,4.65,4.13,4.18,36087.362960612
2024-11-30,4.58,4.65,,,
2024-12-01,4.58,4.65,,,
2024-12-02,4.58,4.65,4.17,4.19,36171.18195528436
2024-12-03,4.58,4.65,4.17,4.23,36169.41386386688
2024-12-04,4.58,4.65,4.13,4.19,36170.51154743885
2024-12-05,4.58,4.65,4.15,4.17,36167.36493810844
2024-12-06,4.58,4.65,4.1,4.15,36166.03757045733
2024-12-07,4.58,4.65,,,
2024-12-08,4.58,4.65,,,
2024-12-09,4.58,4.65,4.13,4.2,36172.19527906294
2024-12-10,4.58,4.65,4.15,4.22,36163.44239622661
2024-12-11,4.58,4.65,4.15,4.26,36132.520515276534
2024-12-12,4.58,4.65,4.18,4.32,36133.46389863202
2024-12-13,4.58,4.65,4.25,4.4,36134.075633938686
2024-12-14,4.58,4.65,,,
2024-12-15,4.58,4.65,,,
2024-12-16,4.58,4.65,4.25,4.39,36192.895704983646
2024-12-17,4.58,4.65,4.25,4.4,36189.34582614062
2024-12-18,4.58,4.65,4.35,4.5,36167.60414995561
2024-12-19,4.33,4.4,4.32,4.57,36167.1244674929
2024-12-20,4.33,4.4,4.3,4.52,36161.62101544557
2024-12-21,4.33,4.4,,,
2024-12-22,4.33,4.4,,,
2024-12-23,4.33,4.4,4.3,4.59,36190.27655846662
2024-12-24,4.33,4.4,4.29,4.59,36146.8191843671
2024-12-25,4.33,4.4,,,
2024-12-26,4.33,4.4,4.3,4.58,36112.807709307606
2024-12-27,4.33,4.4,4.31,4.62,36144.18337564743
2024-12-28,4.33,4.4,,,
2024-12-29,4.33,4.4,,,
2024-12-30,4.33,4.4,4.24,4.55,36150.15723046004
2024-12-31,4.33,4.4,4.25,4.58,36218.605311689906
