date,y1m,y3m,y6m,y1y
2018-04-03,1.7,1.75,1.92,2.09
2018-04-04,1.67,1.71,1.9,2.07
2018-04-05,1.67,1.72,1.93,2.07
2018-04-06,1.68,1.73,1.91,2.06
2018-04-09,1.67,1.76,1.93,2.08
2018-04-10,1.63,1.74,1.93,2.09
2018-04-11,1.64,1.73,1.95,2.09
2018-04-12,1.65,1.75,1.95,2.11
2018-04-13,1.64,1.76,1.97,2.12
2018-04-16,1.64,1.79,1.98,2.12
2018-04-17,1.68,1.8,2.02,2.16
2018-04-18,1.67,1.81,2.01,2.17
2018-04-19,1.67,1.82,2.01,2.21
2018-04-20,1.65,1.81,2.01,2.22
2018-04-23,1.69,1.87,2.04,2.25
2018-04-24,1.7,1.87,2.05,2.25
2018-04-25,1.65,1.85,2.03,2.26
2018-04-26,1.62,1.82,2.02,2.25
2018-04-27,1.62,1.82,2.02,2.24
2018-04-30,1.65,1.87,2.04,2.24
2018-05-01,1.68,1.85,2.05,2.26
2018-05-02,1.69,1.84,2.03,2.24
2018-05-03,1.68,1.84,2.02,2.24
2018-05-04,1.67,1.84,2.03,2.24
2018-05-07,1.69,1.86,2.05,2.25
2018-05-08,1.69,1.87,2.05,2.26
2018-05-09,1.68,1.88,2.05,2.27
2018-05-10,1.69,1.9,2.05,2.27
2018-05-11,1.68,1.92,2.06,2.28
2018-05-14,1.7,1.93,2.09,2.28
2018-05-15,1.69,1.92,2.09,2.31
2018-05-16,1.69,1.92,2.09,2.32
2018-05-17,1.7,1.92,2.1,2.32
2018-05-18,1.68,1.91,2.09,2.32
2018-05-21,1.71,1.93,2.14,2.35
2018-05-22,1.73,1.93,2.13,2.34
2018-05-23,1.76,1.92,2.11,2.29
2018-05-24,1.74,1.91,2.09,2.28
2018-05-25,1.7,1.9,2.07,2.27
2018-05-29,1.77,1.93,2.06,2.17
2018-05-30,1.77,1.94,2.08,2.23
2018-05-31,1.76,1.93,2.08,2.23
2018-06-01,1.74,1.92,2.1,2.28
2018-06-04,1.77,1.94,2.13,2.3
2018-06-05,1.82,1.94,2.13,2.32
2018-06-06,1.81,1.95,2.13,2.32
2018-06-07,1.78,1.94,2.12,2.31
2018-06-08,1.78,1.93,2.12,2.3
2018-06-11,1.82,1.94,2.11,2.32
2018-06-12,1.81,1.92,2.1,2.31
2018-06-13,1.82,1.94,2.09,2.35
2018-06-14,1.81,1.94,2.07,2.35
2018-06-15,1.82,1.94,2.07,2.35
2018-06-18,1.84,1.94,2.13,2.35
2018-06-19,1.85,1.94,2.13,2.34
2018-06-20,1.85,1.94,2.14,2.36
2018-06-21,1.85,1.94,2.12,2.34
2018-06-22,1.83,1.93,2.11,2.33
2018-06-25,1.8,1.93,2.13,2.34
2018-06-26,1.79,1.93,2.14,2.33
2018-06-27,1.79,1.93,2.1,2.33
2018-06-28,1.76,1.93,2.11,2.33
2018-06-29,1.77,1.93,2.11,2.33
2018-07-02,1.9,1.98,2.14,2.34
2018-07-03,1.91,1.98,2.12,2.33
2018-07-05,1.87,1.96,2.11,2.32
2018-07-06,1.86,1.97,2.13,2.34
2018-07-09,1.87,1.98,2.15,2.34
2018-07-10,1.88,1.99,2.15,2.36
2018-07-11,1.89,1.97,2.14,2.36
2018-07-12,1.89,1.98,2.17,2.39
2018-07-13,1.87,1.98,2.16,2.37
2018-07-16,1.9,2.01,2.19,2.39
2018-07-17,1.93,2.02,2.19,2.39
2018-07-18,1.9,2.0,2.17,2.43
2018-07-19,1.89,2.0,2.16,2.4
2018-07-20,1.86,1.99,2.16,2.41
2018-07-23,1.88,1.99,2.19,2.42
2018-07-24,1.92,2.02,2.19,2.42
2018-07-25,1.9,2.01,2.2,2.42
2018-07-26,1.89,1.99,2.19,2.41
2018-07-27,1.9,2.0,2.2,2.43
2018-07-30,1.91,2.04,2.21,2.43
2018-07-31,1.94,2.03,2.21,2.44
2018-08-01,1.93,2.03,2.22,2.45
2018-08-02,1.89,2.02,2.22,2.45
2018-08-03,1.9,2.01,2.23,2.43
2018-08-06,1.92,2.05,2.23,2.44
2018-08-07,1.96,2.06,2.23,2.45
2018-08-08,1.93,2.06,2.24,2.44
2018-08-09,1.91,2.06,2.25,2.44
2018-08-10,1.92,2.05,2.23,2.42
2018-08-13,1.93,2.06,2.22,2.42
2018-08-14,1.96,2.08,2.25,2.44
2018-08-15,1.96,2.07,2.23,2.45
2018-08-16,1.96,2.07,2.24,2.45
2018-08-17,1.95,2.05,2.24,2.44
2018-08-20,1.93,2.06,2.25,2.43
2018-08-21,1.94,2.08,2.25,2.45
2018-08-22,1.95,2.09,2.24,2.43
2018-08-23,1.94,2.08,2.23,2.43
2018-08-24,1.95,2.09,2.25,2.44
2018-08-27,1.96,2.12,2.25,2.47
2018-08-28,1.96,2.13,2.28,2.47
2018-08-29,1.97,2.13,2.28,2.48
2018-08-30,1.97,2.11,2.28,2.47
2018-08-31,1.95,2.11,2.28,2.46
2018-09-04,2.0,2.13,2.29,2.49
2018-09-05,2.0,2.14,2.3,2.49
2018-09-06,1.98,2.13,2.3,2.5
2018-09-07,1.98,2.14,2.3,2.53
2018-09-10,1.98,2.14,2.32,2.54
2018-09-11,2.02,2.15,2.31,2.55
2018-09-12,2.01,2.16,2.33,2.56
2018-09-13,2.01,2.15,2.33,2.55
2018-09-14,2.02,2.16,2.33,2.56
2018-09-17,2.02,2.16,2.35,2.57
2018-09-18,2.05,2.17,2.36,2.58
2018-09-19,2.03,2.16,2.36,2.58
2018-09-20,2.03,2.17,2.37,2.58
2018-09-21,2.05,2.18,2.38,2.58
2018-09-24,2.07,2.22,2.38,2.6
2018-09-25,2.12,2.21,2.38,2.59
2018-09-26,2.11,2.2,2.37,2.58
2018-09-27,2.1,2.18,2.37,2.58
2018-09-28,2.12,2.19,2.36,2.59
2018-10-01,2.13,2.23,2.4,2.6
2018-10-02,2.14,2.23,2.41,2.61
2018-10-03,2.15,2.23,2.41,2.62
2018-10-04,2.16,2.22,2.42,2.63
2018-10-05,2.15,2.23,2.41,2.64
2018-10-09,2.17,2.25,2.46,2.65
2018-10-10,2.18,2.27,2.45,2.67
2018-10-11,2.14,2.27,2.44,2.66
2018-10-12,2.14,2.28,2.44,2.66
2018-10-15,2.17,2.31,2.47,2.67
2018-10-16,2.19,2.3,2.46,2.66
2018-10-17,2.2,2.31,2.47,2.66
2018-10-18,2.19,2.32,2.47,2.67
2018-10-19,2.19,2.31,2.48,2.67
2018-10-22,2.18,2.34,2.49,2.68
2018-10-23,2.21,2.33,2.48,2.67
2018-10-24,2.2,2.34,2.47,2.64
2018-10-25,2.19,2.34,2.47,2.66
2018-10-26,2.16,2.33,2.47,2.63
2018-10-29,2.17,2.34,2.49,2.64
2018-10-30,2.21,2.33,2.48,2.66
2018-10-31,2.2,2.34,2.49,2.69
2018-11-01,2.21,2.32,2.49,2.67
2018-11-02,2.19,2.33,2.5,2.7
2018-11-05,2.2,2.36,2.51,2.71
2018-11-06,2.23,2.35,2.52,2.72
2018-11-07,2.23,2.37,2.51,2.74
2018-11-08,2.21,2.35,2.52,2.74
2018-11-09,2.21,2.36,2.52,2.73
2018-11-13,2.24,2.38,2.53,2.72
2018-11-14,2.24,2.38,2.52,2.71
2018-11-15,2.2,2.37,2.51,2.7
2018-11-16,2.21,2.36,2.5,2.68
2018-11-19,2.23,2.38,2.52,2.66
2018-11-20,2.23,2.39,2.51,2.67
2018-11-21,2.25,2.41,2.52,2.67
2018-11-23,2.25,2.41,2.52,2.67
2018-11-26,2.24,2.41,2.54,2.7
2018-11-27,2.31,2.41,2.53,2.7
2018-11-28,2.31,2.4,2.53,2.69
2018-11-29,2.31,2.37,2.52,2.69
2018-11-30,2.31,2.37,2.52,2.7
2018-12-03,2.3,2.38,2.56,2.72
2018-12-04,2.37,2.42,2.58,2.71
2018-12-06,2.36,2.41,2.56,2.7
2018-12-07,2.32,2.4,2.54,2.68
2018-12-10,2.32,2.41,2.54,2.69
2018-12-11,2.28,2.41,2.55,2.7
2018-12-12,2.3,2.43,2.56,2.7
2018-12-13,2.36,2.43,2.56,2.69
2018-12-14,2.36,2.42,2.56,2.68
2018-12-17,2.36,2.4,2.54,2.66
2018-12-18,2.35,2.39,2.53,2.64
2018-12-19,2.35,2.4,2.54,2.62
2018-12-20,2.42,2.39,2.55,2.64
2018-12-21,2.41,2.39,2.54,2.62
2018-12-24,2.42,2.45,2.52,2.61
2018-12-26,2.41,2.44,2.54,2.61
2018-12-27,2.43,2.41,2.49,2.58
2018-12-28,2.39,2.4,2.48,2.57
2018-12-31,2.44,2.45,2.56,2.63
2019-01-02,2.4,2.42,2.51,2.6
2019-01-03,2.42,2.41,2.47,2.5
2019-01-04,2.4,2.42,2.51,2.57
2019-01-07,2.42,2.45,2.54,2.58
2019-01-08,2.4,2.46,2.54,2.6
2019-01-09,2.4,2.45,2.52,2.59
2019-01-10,2.42,2.43,2.51,2.59
2019-01-11,2.41,2.43,2.5,2.58
2019-01-14,2.42,2.45,2.52,2.57
2019-01-15,2.41,2.45,2.52,2.57
2019-01-16,2.41,2.43,2.49,2.57
2019-01-17,2.41,2.42,2.5,2.57
2019-01-18,2.4,2.41,2.5,2.6
2019-01-22,2.38,2.43,2.51,2.59
2019-01-23,2.37,2.41,2.51,2.59
2019-01-24,2.38,2.37,2.5,2.58
2019-01-25,2.36,2.39,2.51,2.6
2019-01-28,2.39,2.42,2.51,2.6
2019-01-29,2.39,2.42,2.51,2.6
2019-01-30,2.4,2.42,2.5,2.57
2019-01-31,2.42,2.41,2.46,2.55
2019-02-01,2.41,2.4,2.46,2.56
2019-02-04,2.41,2.42,2.49,2.57
2019-02-05,2.39,2.42,2.5,2.56
2019-02-06,2.4,2.42,2.5,2.56
2019-02-07,2.43,2.42,2.49,2.55
2019-02-08,2.43,2.43,2.49,2.54
2019-02-11,2.44,2.45,2.51,2.55
2019-02-12,2.42,2.43,2.5,2.55
2019-02-13,2.42,2.44,2.51,2.55
2019-02-14,2.45,2.43,2.51,2.53
2019-02-15,2.43,2.43,2.5,2.55
2019-02-19,2.44,2.45,2.52,2.54
2019-02-20,2.41,2.45,2.51,2.54
2019-02-21,2.43,2.45,2.51,2.55
2019-02-22,2.43,2.46,2.51,2.55
2019-02-25,2.44,2.47,2.51,2.56
2019-02-26,2.43,2.45,2.51,2.55
2019-02-27,2.43,2.45,2.52,2.54
2019-02-28,2.44,2.45,2.5,2.54
2019-03-01,2.44,2.44,2.52,2.55
2019-03-04,2.45,2.46,2.54,2.54
2019-03-05,2.44,2.46,2.53,2.54
2019-03-06,2.43,2.47,2.53,2.54
2019-03-07,2.45,2.45,2.52,2.52
2019-03-08,2.45,2.46,2.52,2.53
2019-03-11,2.44,2.46,2.54,2.53
2019-03-12,2.44,2.46,2.53,2.52
2019-03-13,2.43,2.45,2.53,2.53
2019-03-14,2.48,2.45,2.52,2.52
2019-03-15,2.46,2.45,2.52,2.52
2019-03-18,2.47,2.44,2.51,2.52
2019-03-19,2.46,2.46,2.52,2.5
2019-03-20,2.45,2.48,2.49,2.47
2019-03-21,2.51,2.49,2.5,2.48
2019-03-22,2.49,2.46,2.48,2.45
2019-03-25,2.47,2.46,2.49,2.41
2019-03-26,2.46,2.46,2.49,2.44
2019-03-27,2.45,2.44,2.46,2.4
2019-03-28,2.44,2.43,2.44,2.4
2019-03-29,2.43,2.4,2.44,2.4
2019-04-01,2.42,2.43,2.46,2.41
2019-04-02,2.43,2.42,2.45,2.41
2019-04-03,2.42,2.44,2.45,2.41
2019-04-04,2.43,2.44,2.46,2.41
2019-04-05,2.42,2.44,2.46,2.43
2019-04-08,2.43,2.43,2.48,2.43
2019-04-09,2.42,2.42,2.46,2.42
2019-04-10,2.4,2.43,2.46,2.41
2019-04-11,2.42,2.43,2.46,2.44
2019-04-12,2.41,2.44,2.47,2.44
2019-04-15,2.42,2.43,2.46,2.43
2019-04-16,2.43,2.43,2.47,2.45
2019-04-17,2.43,2.44,2.47,2.44
2019-04-18,2.44,2.42,2.47,2.44
2019-04-22,2.44,2.44,2.47,2.46
2019-04-23,2.43,2.45,2.46,2.43
2019-04-24,2.42,2.44,2.46,2.42
2019-04-25,2.43,2.43,2.46,2.42
2019-04-26,2.42,2.42,2.46,2.41
2019-04-29,2.45,2.44,2.47,2.42
2019-04-30,2.43,2.43,2.46,2.39
2019-05-01,2.42,2.43,2.44,2.39
2019-05-02,2.44,2.47,2.46,2.41
2019-05-03,2.42,2.43,2.46,2.41
2019-05-06,2.43,2.44,2.46,2.39
2019-05-07,2.44,2.43,2.46,2.37
2019-05-08,2.42,2.43,2.45,2.37
2019-05-09,2.43,2.43,2.46,2.36
2019-05-10,2.42,2.43,2.45,2.36
2019-05-13,2.41,2.41,2.42,2.32
2019-05-14,2.41,2.41,2.43,2.32
2019-05-15,2.4,2.42,2.43,2.3
2019-05-16,2.4,2.4,2.43,2.33
2019-05-17,2.39,2.39,2.42,2.33
2019-05-20,2.39,2.39,2.42,2.34
2019-05-21,2.37,2.39,2.42,2.36
2019-05-22,2.36,2.38,2.41,2.37
2019-05-23,2.38,2.37,2.4,2.32
2019-05-24,2.37,2.35,2.39,2.33
2019-05-28,2.35,2.37,2.38,2.31
2019-05-29,2.35,2.37,2.38,2.3
2019-05-30,2.37,2.38,2.4,2.29
2019-05-31,2.35,2.35,2.35,2.21
2019-06-03,2.36,2.35,2.31,2.11
2019-06-04,2.34,2.35,2.29,2.11
2019-06-05,2.31,2.35,2.25,2.04
2019-06-06,2.32,2.33,2.22,2.02
2019-06-07,2.3,2.28,2.15,1.97
2019-06-10,2.3,2.29,2.21,2.03
2019-06-11,2.27,2.27,2.21,2.05
2019-06-12,2.19,2.24,2.2,2.02
2019-06-13,2.24,2.19,2.18,2.0
2019-06-14,2.23,2.2,2.18,2.0
2019-06-17,2.22,2.23,2.2,2.03
2019-06-18,2.18,2.22,2.2,2.04
2019-06-19,2.14,2.18,2.11,1.96
2019-06-20,2.17,2.14,2.04,1.91
2019-06-21,2.16,2.11,2.05,1.95
2019-06-24,2.12,2.13,2.1,1.92
2019-06-25,2.11,2.12,2.1,1.93
2019-06-26,2.11,2.15,2.12,1.96
2019-06-27,2.19,2.14,2.12,1.93
2019-06-28,2.18,2.12,2.09,1.92
2019-07-01,2.17,2.21,2.1,1.94
2019-07-02,2.21,2.2,2.09,1.91
2019-07-03,2.25,2.21,2.08,1.91
2019-07-05,2.26,2.23,2.14,1.98
2019-07-08,2.23,2.26,2.14,1.99
2019-07-09,2.22,2.26,2.15,2.0
2019-07-10,2.18,2.2,2.07,1.93
2019-07-11,2.17,2.17,2.08,1.97
2019-07-12,2.16,2.14,2.07,1.96
2019-07-15,2.17,2.16,2.06,1.95
2019-07-16,2.16,2.15,2.06,2.0
2019-07-17,2.13,2.14,2.04,1.95
2019-07-18,2.11,2.05,2.01,1.9
2019-07-19,2.11,2.06,2.03,1.94
2019-07-22,2.13,2.09,2.08,1.95
2019-07-23,2.12,2.06,2.09,1.97
2019-07-24,2.1,2.1,2.08,1.98
2019-07-25,2.16,2.1,2.08,1.99
2019-07-26,2.13,2.12,2.1,2.0
2019-07-29,2.12,2.12,2.1,1.98
2019-07-30,2.07,2.08,2.07,1.97
2019-07-31,2.01,2.08,2.1,2.0
2019-08-01,2.11,2.07,2.04,1.88
2019-08-02,2.11,2.06,2.02,1.85
2019-08-05,2.07,2.05,1.99,1.78
2019-08-06,2.05,2.05,2.0,1.8
2019-08-07,2.02,2.02,1.95,1.75
2019-08-08,2.09,2.02,1.96,1.79
2019-08-09,2.05,2.0,1.95,1.78
2019-08-12,2.09,2.0,1.94,1.75
2019-08-13,2.05,2.0,1.96,1.86
2019-08-14,1.98,1.96,1.92,1.79
2019-08-15,2.08,1.91,1.86,1.72
2019-08-16,2.05,1.87,1.85,1.71
2019-08-19,2.06,1.94,1.9,1.75
2019-08-20,2.05,1.94,1.89,1.72
2019-08-21,2.03,1.97,1.9,1.77
2019-08-22,2.1,2.0,1.91,1.79
2019-08-23,2.07,1.97,1.87,1.73
2019-08-26,2.09,2.01,1.9,1.75
2019-08-27,2.07,1.98,1.94,1.77
2019-08-28,2.07,1.99,1.89,1.74
2019-08-29,2.1,1.99,1.89,1.75
2019-08-30,2.1,1.99,1.89,1.76
2019-09-03,2.06,1.98,1.88,1.72
2019-09-04,2.05,1.97,1.87,1.69
2019-09-05,2.05,1.97,1.88,1.73
2019-09-06,2.05,1.96,1.88,1.73
2019-09-09,2.04,1.96,1.87,1.74
2019-09-10,2.04,1.95,1.89,1.81
2019-09-11,2.01,1.96,1.88,1.79
2019-09-12,1.99,1.95,1.9,1.82
2019-09-13,1.99,1.96,1.92,1.88
2019-09-16,2.08,1.99,1.93,1.86
2019-09-17,2.1,1.99,1.93,1.87
2019-09-18,1.94,1.95,1.91,1.87
2019-09-19,2.01,1.93,1.92,1.88
2019-09-20,1.95,1.91,1.91,1.84
2019-09-23,1.94,1.94,1.93,1.81
2019-09-24,1.9,1.92,1.91,1.78
2019-09-25,1.8,1.89,1.9,1.82
2019-09-26,1.91,1.83,1.88,1.79
2019-09-27,1.9,1.8,1.85,1.74
2019-09-30,1.91,1.88,1.83,1.75
2019-10-01,1.79,1.82,1.81,1.73
2019-10-02,1.75,1.79,1.75,1.67
2019-10-03,1.78,1.7,1.66,1.58
2019-10-04,1.73,1.71,1.65,1.58
2019-10-07,1.76,1.75,1.73,1.64
2019-10-08,1.69,1.72,1.69,1.62
2019-10-09,1.69,1.69,1.69,1.59
2019-10-10,1.74,1.68,1.68,1.63
2019-10-11,1.76,1.68,1.68,1.67
2019-10-15,1.74,1.67,1.67,1.65
2019-10-16,1.71,1.66,1.64,1.59
2019-10-17,1.74,1.66,1.63,1.59
2019-10-18,1.75,1.66,1.63,1.58
2019-10-21,1.76,1.67,1.65,1.59
2019-10-22,1.75,1.65,1.64,1.59
2019-10-23,1.74,1.65,1.64,1.58
2019-10-24,1.75,1.67,1.65,1.59
2019-10-25,1.73,1.66,1.66,1.6
2019-10-28,1.74,1.65,1.65,1.6
2019-10-29,1.66,1.63,1.64,1.59
2019-10-30,1.61,1.62,1.62,1.59
2019-10-31,1.59,1.54,1.57,1.53
2019-11-01,1.58,1.52,1.55,1.53
2019-11-04,1.58,1.53,1.57,1.56
2019-11-05,1.56,1.56,1.58,1.62
2019-11-06,1.55,1.56,1.57,1.58
2019-11-07,1.57,1.56,1.58,1.58
2019-11-08,1.56,1.55,1.58,1.58
2019-11-12,1.56,1.59,1.59,1.58
2019-11-13,1.56,1.57,1.59,1.57
2019-11-14,1.59,1.57,1.58,1.55
2019-11-15,1.59,1.57,1.59,1.54
2019-11-18,1.59,1.57,1.58,1.54
2019-11-19,1.58,1.57,1.58,1.54
2019-11-20,1.57,1.57,1.58,1.54
2019-11-21,1.57,1.58,1.59,1.55
2019-11-22,1.58,1.58,1.59,1.56
2019-11-25,1.6,1.61,1.61,1.58
2019-11-26,1.63,1.6,1.62,1.59
2019-11-27,1.65,1.62,1.63,1.6
2019-11-29,1.62,1.59,1.63,1.6
2019-12-02,1.6,1.6,1.62,1.6
2019-12-03,1.56,1.57,1.57,1.57
2019-12-04,1.59,1.55,1.56,1.56
2019-12-05,1.52,1.54,1.55,1.56
2019-12-06,1.52,1.53,1.56,1.57
2019-12-09,1.54,1.54,1.58,1.56
2019-12-10,1.53,1.56,1.57,1.56
2019-12-11,1.54,1.57,1.58,1.55
2019-12-12,1.57,1.56,1.57,1.55
2019-12-13,1.55,1.57,1.56,1.54
2019-12-16,1.57,1.57,1.58,1.54
2019-12-17,1.56,1.56,1.58,1.53
2019-12-18,1.56,1.56,1.58,1.54
2019-12-19,1.54,1.57,1.57,1.52
2019-12-20,1.57,1.58,1.58,1.52
2019-12-23,1.57,1.59,1.6,1.53
2019-12-24,1.55,1.58,1.61,1.53
2019-12-26,1.59,1.58,1.61,1.53
2019-12-27,1.56,1.57,1.59,1.51
2019-12-30,1.51,1.57,1.6,1.57
2019-12-31,1.48,1.55,1.6,1.59
2020-01-02,1.53,1.54,1.57,1.56
2020-01-03,1.52,1.52,1.55,1.55
2020-01-06,1.54,1.56,1.56,1.54
2020-01-07,1.52,1.54,1.56,1.53
2020-01-08,1.5,1.54,1.56,1.55
2020-01-09,1.53,1.54,1.56,1.54
2020-01-10,1.52,1.54,1.55,1.53
2020-01-13,1.54,1.57,1.57,1.53
2020-01-14,1.53,1.57,1.57,1.53
2020-01-15,1.53,1.57,1.58,1.54
2020-01-16,1.54,1.55,1.56,1.54
2020-01-17,1.54,1.56,1.57,1.56
2020-01-21,1.52,1.56,1.57,1.54
2020-01-22,1.52,1.55,1.56,1.55
2020-01-23,1.55,1.55,1.56,1.55
2020-01-24,1.54,1.54,1.55,1.55
2020-01-27,1.53,1.55,1.57,1.53
2020-01-28,1.53,1.57,1.58,1.53
2020-01-29,1.52,1.56,1.57,1.51
2020-01-30,1.59,1.57,1.57,1.48
2020-01-31,1.56,1.55,1.54,1.45
2020-02-03,1.56,1.57,1.56,1.46
2020-02-04,1.55,1.57,1.57,1.48
2020-02-05,1.55,1.57,1.57,1.49
2020-02-06,1.59,1.57,1.58,1.51
2020-02-07,1.57,1.56,1.57,1.49
2020-02-10,1.58,1.58,1.58,1.45
2020-02-11,1.57,1.57,1.55,1.48
2020-02-12,1.57,1.58,1.56,1.49
2020-02-13,1.59,1.59,1.56,1.48
2020-02-14,1.6,1.58,1.56,1.49
2020-02-18,1.61,1.58,1.56,1.47
2020-02-19,1.61,1.58,1.56,1.47
2020-02-20,1.61,1.58,1.55,1.46
2020-02-21,1.6,1.56,1.53,1.43
2020-02-24,1.6,1.53,1.49,1.35
2020-02-25,1.59,1.53,1.47,1.3
2020-02-26,1.59,1.53,1.42,1.26
2020-02-27,1.56,1.45,1.33,1.18
2020-02-28,1.45,1.27,1.11,0.97
2020-03-02,1.41,1.13,0.95,0.89
2020-03-03,1.11,0.95,0.83,0.73
2020-03-04,1.0,0.72,0.68,0.59
2020-03-05,0.92,0.62,0.53,0.48
2020-03-06,0.79,0.45,0.41,0.39
2020-03-09,0.57,0.33,0.27,0.31
2020-03-10,0.57,0.44,0.43,0.43
2020-03-11,0.42,0.42,0.4,0.4
2020-03-12,0.41,0.33,0.37,0.39
2020-03-13,0.33,0.28,0.38,0.38
2020-03-16,0.25,0.24,0.29,0.29
2020-03-17,0.12,0.19,0.24,0.3
2020-03-18,0.04,0.02,0.08,0.21
2020-03-19,0.04,0.04,0.06,0.2
2020-03-20,0.04,0.05,0.05,0.15
2020-03-23,0.01,0.02,0.08,0.17
2020-03-24,0.01,0.01,0.09,0.25
2020-03-25,0.0,0.0,0.07,0.19
2020-03-26,0.01,0.0,0.04,0.13
2020-03-27,0.01,0.03,0.02,0.11
2020-03-30,0.04,0.12,0.12,0.14
2020-03-31,0.05,0.11,0.15,0.17
2020-04-01,0.03,0.09,0.14,0.16
2020-04-02,0.09,0.09,0.15,0.14
2020-04-03,0.09,0.1,0.15,0.15
2020-04-06,0.09,0.15,0.17,0.2
2020-04-07,0.1,0.14,0.2,0.2
2020-04-08,0.14,0.22,0.24,0.23
2020-04-09,0.2,0.25,0.24,0.25
2020-04-13,0.17,0.26,0.27,0.27
2020-04-14,0.17,0.2,0.24,0.25
2020-04-15,0.14,0.14,0.19,0.19
2020-04-16,0.14,0.14,0.18,0.17
2020-04-17,0.12,0.12,0.16,0.16
2020-04-20,0.1,0.12,0.15,0.15
2020-04-21,0.08,0.11,0.14,0.17
2020-04-22,0.09,0.12,0.14,0.16
2020-04-23,0.09,0.11,0.14,0.17
2020-04-24,0.1,0.12,0.14,0.18
2020-04-27,0.09,0.12,0.15,0.17
2020-04-28,0.08,0.11,0.13,0.16
2020-04-29,0.1,0.1,0.12,0.18
2020-04-30,0.1,0.09,0.11,0.16
2020-05-01,0.1,0.12,0.12,0.17
2020-05-04,0.1,0.13,0.14,0.16
2020-05-05,0.09,0.13,0.15,0.16
2020-05-06,0.08,0.12,0.16,0.16
2020-05-07,0.1,0.11,0.14,0.15
2020-05-08,0.1,0.12,0.15,0.15
2020-05-11,0.09,0.12,0.16,0.16
2020-05-12,0.1,0.13,0.16,0.16
2020-05-13,0.1,0.13,0.15,0.15
2020-05-14,0.09,0.12,0.15,0.15
2020-05-15,0.09,0.12,0.15,0.15
2020-05-18,0.1,0.13,0.15,0.17
2020-05-19,0.09,0.13,0.15,0.16
2020-05-20,0.08,0.12,0.14,0.16
2020-05-21,0.09,0.12,0.14,0.16
2020-05-22,0.09,0.12,0.16,0.17
2020-05-26,0.1,0.14,0.17,0.17
2020-05-27,0.11,0.15,0.17,0.18
2020-05-28,0.14,0.15,0.18,0.17
2020-05-29,0.13,0.14,0.18,0.17
2020-06-01,0.12,0.14,0.18,0.17
2020-06-02,0.12,0.15,0.18,0.17
2020-06-03,0.12,0.16,0.19,0.17
2020-06-04,0.13,0.15,0.18,0.17
2020-06-05,0.13,0.15,0.18,0.18
2020-06-08,0.15,0.17,0.19,0.19
2020-06-09,0.14,0.19,0.19,0.19
2020-06-10,0.13,0.17,0.19,0.18
2020-06-11,0.14,0.17,0.18,0.19
2020-06-12,0.14,0.16,0.18,0.18
2020-06-15,0.15,0.18,0.19,0.17
2020-06-16,0.14,0.17,0.19,0.18
2020-06-17,0.13,0.17,0.18,0.19
2020-06-18,0.13,0.16,0.17,0.19
2020-06-19,0.13,0.15,0.17,0.18
2020-06-22,0.14,0.16,0.18,0.17
2020-06-23,0.12,0.16,0.17,0.18
2020-06-24,0.11,0.15,0.17,0.17
2020-06-25,0.13,0.16,0.17,0.17
2020-06-26,0.12,0.14,0.17,0.17
2020-06-29,0.11,0.14,0.18,0.16
2020-06-30,0.13,0.16,0.18,0.16
2020-07-01,0.12,0.14,0.17,0.16
2020-07-02,0.13,0.14,0.16,0.16
2020-07-06,0.12,0.15,0.16,0.16
2020-07-07,0.12,0.15,0.17,0.15
2020-07-08,0.11,0.15,0.17,0.15
2020-07-09,0.11,0.13,0.16,0.15
2020-07-10,0.1,0.13,0.15,0.15
2020-07-13,0.11,0.14,0.15,0.16
2020-07-14,0.11,0.15,0.14,0.17
2020-07-15,0.12,0.16,0.15,0.15
2020-07-16,0.12,0.11,0.13,0.14
2020-07-17,0.11,0.11,0.13,0.14
2020-07-20,0.11,0.13,0.14,0.14
2020-07-21,0.09,0.13,0.13,0.15
2020-07-22,0.09,0.13,0.14,0.14
2020-07-23,0.09,0.12,0.13,0.14
2020-07-24,0.1,0.11,0.14,0.16
2020-07-27,0.1,0.11,0.14,0.14
2020-07-28,0.09,0.11,0.12,0.14
2020-07-29,0.09,0.11,0.12,0.13
2020-07-30,0.1,0.09,0.11,0.11
2020-07-31,0.09,0.09,0.1,0.11
2020-08-03,0.09,0.1,0.11,0.12
2020-08-04,0.09,0.09,0.11,0.14
2020-08-05,0.08,0.1,0.12,0.12
2020-08-06,0.07,0.1,0.11,0.14
2020-08-07,0.08,0.1,0.12,0.14
2020-08-10,0.09,0.11,0.13,0.13
2020-08-11,0.08,0.11,0.12,0.15
2020-08-12,0.08,0.11,0.12,0.13
2020-08-13,0.08,0.1,0.12,0.14
2020-08-14,0.09,0.1,0.12,0.13
2020-08-17,0.09,0.1,0.12,0.13
2020-08-18,0.08,0.09,0.13,0.13
2020-08-19,0.07,0.11,0.12,0.13
2020-08-20,0.08,0.11,0.13,0.12
2020-08-21,0.07,0.1,0.12,0.13
2020-08-24,0.09,0.12,0.12,0.14
2020-08-25,0.08,0.11,0.12,0.13
2020-08-26,0.08,0.11,0.12,0.12
2020-08-27,0.09,0.11,0.11,0.13
2020-08-28,0.09,0.1,0.11,0.12
2020-08-31,0.08,0.11,0.13,0.12
2020-09-01,0.09,0.12,0.13,0.12
2020-09-02,0.1,0.12,0.12,0.13
2020-09-03,0.1,0.11,0.12,0.12
2020-09-04,0.09,0.11,0.12,0.13
2020-09-08,0.1,0.13,0.14,0.15
2020-09-09,0.1,0.12,0.14,0.14
2020-09-10,0.1,0.12,0.12,0.15
2020-09-11,0.1,0.11,0.12,0.13
2020-09-14,0.1,0.11,0.13,0.14
2020-09-15,0.09,0.11,0.12,0.13
2020-09-16,0.08,0.12,0.12,0.12
2020-09-17,0.09,0.09,0.11,0.12
2020-09-18,0.09,0.1,0.12,0.13
2020-09-21,0.09,0.1,0.11,0.12
2020-09-22,0.08,0.1,0.11,0.12
2020-09-23,0.08,0.11,0.11,0.13
2020-09-24,0.08,0.1,0.11,0.12
2020-09-25,0.08,0.1,0.11,0.12
2020-09-28,0.09,0.11,0.11,0.12
2020-09-29,0.07,0.09,0.11,0.12
2020-09-30,0.08,0.1,0.11,0.12
2020-10-01,0.09,0.09,0.1,0.12
2020-10-02,0.1,0.09,0.11,0.12
2020-10-05,0.09,0.1,0.11,0.12
2020-10-06,0.08,0.1,0.11,0.14
2020-10-07,0.08,0.1,0.12,0.13
2020-10-08,0.09,0.09,0.12,0.13
2020-10-09,0.1,0.1,0.12,0.15
2020-10-13,0.09,0.11,0.12,0.13
2020-10-14,0.1,0.12,0.12,0.13
2020-10-15,0.1,0.11,0.12,0.12
2020-10-16,0.09,0.11,0.12,0.12
2020-10-19,0.09,0.11,0.11,0.13
2020-10-20,0.08,0.1,0.12,0.13
2020-10-21,0.08,0.1,0.12,0.13
2020-10-22,0.09,0.09,0.11,0.13
2020-10-23,0.08,0.1,0.11,0.12
2020-10-26,0.08,0.11,0.12,0.12
2020-10-27,0.08,0.1,0.11,0.12
2020-10-28,0.07,0.1,0.11,0.12
2020-10-29,0.08,0.09,0.1,0.12
2020-10-30,0.08,0.09,0.11,0.13
2020-11-02,0.09,0.09,0.11,0.13
2020-11-03,0.09,0.1,0.12,0.14
2020-11-04,0.08,0.1,0.1,0.12
2020-11-05,0.09,0.1,0.1,0.12
2020-11-06,0.1,0.1,0.11,0.12
2020-11-09,0.1,0.11,0.11,0.12
2020-11-10,0.09,0.1,0.11,0.12
2020-11-12,0.1,0.1,0.1,0.13
2020-11-13,0.1,0.09,0.1,0.12
2020-11-16,0.09,0.09,0.12,0.12
2020-11-17,0.08,0.09,0.1,0.12
2020-11-18,0.07,0.09,0.1,0.11
2020-11-19,0.08,0.07,0.1,0.11
2020-11-20,0.09,0.07,0.1,0.11
2020-11-23,0.08,0.08,0.08,0.1
2020-11-24,0.08,0.09,0.1,0.11
2020-11-25,0.07,0.09,0.09,0.11
2020-11-27,0.09,0.09,0.1,0.11
2020-11-30,0.08,0.08,0.09,0.11
2020-12-01,0.07,0.09,0.1,0.12
2020-12-02,0.07,0.09,0.1,0.11
2020-12-03,0.08,0.08,0.09,0.1
2020-12-04,0.07,0.09,0.1,0.11
2020-12-07,0.09,0.08,0.1,0.1
2020-12-08,0.08,0.09,0.09,0.1
2020-12-09,0.07,0.08,0.09,0.1
2020-12-10,0.07,0.08,0.09,0.1
2020-12-11,0.08,0.08,0.08,0.1
2020-12-14,0.07,0.09,0.08,0.1
2020-12-15,0.07,0.08,0.08,0.09
2020-12-16,0.08,0.09,0.09,0.09
2020-12-17,0.08,0.08,0.09,0.09
2020-12-18,0.08,0.08,0.09,0.09
2020-12-21,0.08,0.09,0.09,0.09
2020-12-22,0.07,0.09,0.09,0.09
2020-12-23,0.07,0.09,0.09,0.09
2020-12-24,0.09,0.09,0.09,0.1
2020-12-28,0.09,0.11,0.11,0.11
2020-12-29,0.08,0.1,0.12,0.11
2020-12-30,0.06,0.08,0.09,0.12
2020-12-31,0.08,0.09,0.09,0.1
2021-01-04,0.09,0.09,0.09,0.1
2021-01-05,0.08,0.09,0.09,0.1
2021-01-06,0.09,0.09,0.09,0.11
2021-01-07,0.09,0.09,0.09,0.11
2021-01-08,0.08,0.08,0.09,0.1
2021-01-11,0.09,0.08,0.1,0.1
2021-01-12,0.09,0.09,0.09,0.11
2021-01-13,0.09,0.09,0.1,0.12
2021-01-14,0.09,0.09,0.09,0.1
2021-01-15,0.08,0.09,0.1,0.1
2021-01-19,0.07,0.09,0.11,0.1
2021-01-20,0.08,0.08,0.1,0.1
2021-01-21,0.07,0.09,0.09,0.1
2021-01-22,0.07,0.08,0.1,0.1
2021-01-25,0.07,0.09,0.09,0.1
2021-01-26,0.05,0.07,0.09,0.09
2021-01-27,0.05,0.08,0.09,0.09
2021-01-28,0.05,0.07,0.08,0.08
2021-01-29,0.07,0.06,0.07,0.1
2021-02-01,0.06,0.07,0.08,0.08
2021-02-02,0.04,0.07,0.08,0.08
2021-02-03,0.03,0.04,0.06,0.08
2021-02-04,0.03,0.04,0.06,0.07
2021-02-05,0.02,0.03,0.05,0.06
2021-02-08,0.04,0.05,0.05,0.07
2021-02-09,0.04,0.04,0.06,0.07
2021-02-10,0.05,0.05,0.06,0.07
2021-02-11,0.05,0.05,0.06,0.07
2021-02-12,0.03,0.04,0.05,0.06
2021-02-16,0.03,0.04,0.06,0.08
2021-02-17,0.03,0.04,0.06,0.07
2021-02-18,0.03,0.03,0.04,0.06
2021-02-19,0.03,0.04,0.06,0.07
2021-02-22,0.03,0.03,0.04,0.06
2021-02-23,0.03,0.04,0.05,0.08
2021-02-24,0.03,0.03,0.05,0.08
2021-02-25,0.04,0.04,0.06,0.09
2021-02-26,0.04,0.04,0.05,0.08
2021-03-01,0.03,0.05,0.07,0.08
2021-03-02,0.04,0.04,0.06,0.08
2021-03-03,0.04,0.05,0.07,0.08
2021-03-04,0.03,0.04,0.07,0.08
2021-03-05,0.04,0.04,0.07,0.08
2021-03-08,0.04,0.05,0.06,0.09
2021-03-09,0.04,0.05,0.07,0.1
2021-03-10,0.03,0.04,0.06,0.08
2021-03-11,0.04,0.04,0.05,0.08
2021-03-12,0.03,0.04,0.06,0.09
2021-03-15,0.02,0.04,0.06,0.08
2021-03-16,0.01,0.02,0.06,0.07
2021-03-17,0.01,0.02,0.05,0.07
2021-03-18,0.01,0.01,0.03,0.08
2021-03-19,0.01,0.01,0.03,0.07
2021-03-22,0.02,0.03,0.05,0.06
2021-03-23,0.02,0.01,0.04,0.08
2021-03-24,0.02,0.02,0.04,0.07
2021-03-25,0.02,0.02,0.04,0.07
2021-03-26,0.02,0.02,0.04,0.06
2021-03-29,0.02,0.03,0.04,0.06
2021-03-30,0.01,0.02,0.04,0.06
2021-03-31,0.01,0.03,0.05,0.07
2021-04-01,0.02,0.02,0.04,0.06
2021-04-02,0.02,0.02,0.04,0.07
2021-04-05,0.03,0.03,0.04,0.06
2021-04-06,0.02,0.02,0.04,0.06
2021-04-07,0.01,0.02,0.04,0.06
2021-04-08,0.02,0.01,0.04,0.05
2021-04-09,0.02,0.02,0.03,0.06
2021-04-12,0.02,0.02,0.04,0.06
2021-04-13,0.03,0.03,0.05,0.06
2021-04-14,0.02,0.02,0.04,0.06
2021-04-15,0.02,0.02,0.04,0.06
2021-04-16,0.02,0.02,0.04,0.06
2021-04-19,0.01,0.02,0.04,0.08
2021-04-20,0.01,0.03,0.04,0.07
2021-04-21,0.0,0.03,0.04,0.07
2021-04-22,0.02,0.03,0.04,0.06
2021-04-23,0.01,0.03,0.03,0.07
2021-04-26,0.02,0.03,0.04,0.06
2021-04-27,0.01,0.01,0.04,0.06
2021-04-28,0.01,0.01,0.04,0.05
2021-04-29,0.01,0.01,0.04,0.05
2021-04-30,0.01,0.01,0.03,0.05
2021-05-03,0.02,0.04,0.04,0.06
2021-05-04,0.01,0.02,0.04,0.06
2021-05-05,0.01,0.02,0.04,0.06
2021-05-06,0.01,0.02,0.04,0.05
2021-05-07,0.01,0.02,0.04,0.05
2021-05-10,0.02,0.02,0.04,0.05
2021-05-11,0.01,0.01,0.04,0.05
2021-05-12,0.01,0.02,0.04,0.05
2021-05-13,0.0,0.02,0.03,0.05
2021-05-14,0.01,0.01,0.03,0.06
2021-05-17,0.0,0.02,0.04,0.06
2021-05-18,0.0,0.02,0.03,0.06
2021-05-19,0.0,0.01,0.03,0.05
2021-05-20,0.01,0.01,0.03,0.05
2021-05-21,0.0,0.01,0.02,0.04
2021-05-24,0.01,0.02,0.03,0.04
2021-05-25,0.01,0.02,0.04,0.04
2021-05-26,0.0,0.02,0.04,0.04
2021-05-27,0.0,0.02,0.04,0.04
2021-05-28,0.01,0.01,0.03,0.05
2021-06-01,0.01,0.02,0.04,0.04
2021-06-02,0.01,0.02,0.04,0.05
2021-06-03,0.0,0.02,0.04,0.04
2021-06-04,0.01,0.02,0.04,0.05
2021-06-07,0.01,0.02,0.04,0.05
2021-06-08,0.01,0.02,0.04,0.05
2021-06-09,0.01,0.03,0.04,0.05
2021-06-10,0.01,0.03,0.04,0.05
2021-06-11,0.01,0.03,0.04,0.05
2021-06-14,0.01,0.03,0.05,0.05
2021-06-15,0.02,0.03,0.05,0.08
2021-06-16,0.04,0.04,0.06,0.08
2021-06-17,0.05,0.04,0.06,0.08
2021-06-18,0.05,0.05,0.06,0.09
2021-06-21,0.04,0.05,0.06,0.09
2021-06-22,0.04,0.04,0.06,0.09
2021-06-23,0.04,0.05,0.05,0.08
2021-06-24,0.05,0.05,0.05,0.08
2021-06-25,0.05,0.06,0.06,0.09
2021-06-28,0.04,0.05,0.06,0.08
2021-06-29,0.04,0.04,0.06,0.08
2021-06-30,0.05,0.05,0.06,0.07
2021-07-01,0.05,0.05,0.05,0.09
2021-07-02,0.05,0.05,0.05,0.08
2021-07-06,0.05,0.05,0.06,0.07
2021-07-07,0.05,0.05,0.05,0.08
2021-07-08,0.06,0.06,0.06,0.07
2021-07-09,0.06,0.06,0.05,0.08
2021-07-12,0.05,0.05,0.06,0.08
2021-07-13,0.05,0.05,0.06,0.08
2021-07-14,0.06,0.06,0.05,0.08
2021-07-15,0.05,0.05,0.05,0.07
2021-07-16,0.05,0.05,0.05,0.08
2021-07-19,0.05,0.05,0.06,0.07
2021-07-20,0.05,0.05,0.06,0.08
2021-07-21,0.04,0.05,0.05,0.07
2021-07-22,0.04,0.05,0.05,0.07
2021-07-23,0.05,0.05,0.05,0.07
2021-07-26,0.05,0.05,0.06,0.08
2021-07-27,0.04,0.05,0.05,0.07
2021-07-28,0.04,0.05,0.05,0.07
2021-07-29,0.05,0.06,0.05,0.08
2021-07-30,0.05,0.06,0.05,0.07
2021-08-02,0.05,0.05,0.06,0.07
2021-08-03,0.05,0.05,0.06,0.07
2021-08-04,0.05,0.05,0.05,0.07
2021-08-05,0.05,0.05,0.06,0.08
2021-08-06,0.04,0.06,0.06,0.09
2021-08-09,0.04,0.06,0.06,0.08
2021-08-10,0.05,0.05,0.05,0.08
2021-08-11,0.05,0.05,0.06,0.08
2021-08-12,0.05,0.06,0.06,0.09
2021-08-13,0.04,0.06,0.05,0.08
2021-08-16,0.04,0.06,0.05,0.08
2021-08-17,0.03,0.07,0.06,0.07
2021-08-18,0.03,0.07,0.05,0.07
2021-08-19,0.04,0.06,0.05,0.06
2021-08-20,0.04,0.05,0.05,0.06
2021-08-23,0.04,0.05,0.06,0.07
2021-08-24,0.03,0.05,0.05,0.06
2021-08-25,0.04,0.06,0.06,0.07
2021-08-26,0.04,0.05,0.06,0.07
2021-08-27,0.04,0.05,0.05,0.07
2021-08-30,0.04,0.05,0.05,0.08
2021-08-31,0.03,0.04,0.06,0.07
2021-09-01,0.04,0.05,0.06,0.07
2021-09-02,0.05,0.05,0.06,0.07
2021-09-03,0.04,0.05,0.05,0.08
2021-09-07,0.04,0.05,0.06,0.08
2021-09-08,0.05,0.05,0.06,0.08
2021-09-09,0.07,0.04,0.05,0.07
2021-09-10,0.06,0.05,0.06,0.08
2021-09-13,0.06,0.06,0.06,0.07
2021-09-14,0.05,0.04,0.05,0.07
2021-09-15,0.04,0.04,0.05,0.07
2021-09-16,0.06,0.04,0.05,0.07
2021-09-17,0.06,0.04,0.05,0.07
2021-09-20,0.06,0.04,0.05,0.07
2021-09-21,0.05,0.03,0.04,0.07
2021-09-22,0.04,0.03,0.05,0.08
2021-09-23,0.05,0.03,0.04,0.08
2021-09-24,0.06,0.03,0.05,0.08
2021-09-27,0.06,0.04,0.05,0.09
2021-09-28,0.07,0.04,0.06,0.09
2021-09-29,0.05,0.04,0.05,0.09
2021-09-30,0.07,0.04,0.05,0.09
2021-10-01,0.08,0.04,0.05,0.09
2021-10-04,0.09,0.04,0.06,0.09
2021-10-05,0.1,0.04,0.06,0.09
2021-10-06,0.06,0.04,0.06,0.1
2021-10-07,0.03,0.05,0.06,0.1
2021-10-08,0.02,0.05,0.07,0.09
2021-10-12,0.03,0.06,0.06,0.1
2021-10-13,0.03,0.05,0.06,0.11
2021-10-14,0.05,0.05,0.06,0.1
2021-10-15,0.04,0.05,0.06,0.12
2021-10-18,0.05,0.06,0.06,0.11
2021-10-19,0.06,0.05,0.06,0.11
2021-10-20,0.06,0.05,0.06,0.1
2021-10-21,0.06,0.06,0.06,0.12
2021-10-22,0.05,0.06,0.07,0.13
2021-10-25,0.07,0.06,0.06,0.14
2021-10-26,0.06,0.06,0.06,0.14
2021-10-27,0.06,0.06,0.07,0.12
2021-10-28,0.06,0.06,0.06,0.15
2021-10-29,0.06,0.05,0.07,0.15
2021-11-01,0.05,0.05,0.06,0.15
2021-11-02,0.05,0.05,0.07,0.15
2021-11-03,0.05,0.05,0.07,0.17
2021-11-04,0.05,0.04,0.07,0.14
2021-11-05,0.05,0.05,0.07,0.14
2021-11-08,0.04,0.06,0.07,0.16
2021-11-09,0.04,0.04,0.06,0.14
2021-11-10,0.06,0.05,0.07,0.17
2021-11-12,0.05,0.05,0.07,0.17
2021-11-15,0.06,0.05,0.06,0.18
2021-11-16,0.06,0.05,0.07,0.17
2021-11-17,0.06,0.05,0.06,0.18
2021-11-18,0.12,0.05,0.06,0.18
2021-11-19,0.11,0.05,0.06,0.18
2021-11-22,0.07,0.05,0.07,0.2
2021-11-23,0.06,0.06,0.07,0.21
2021-11-24,0.14,0.06,0.1,0.24
2021-11-26,0.11,0.06,0.1,0.2
2021-11-29,0.07,0.06,0.1,0.21
2021-11-30,0.11,0.05,0.1,0.24
2021-12-01,0.09,0.06,0.1,0.25
2021-12-02,0.05,0.05,0.09,0.27
2021-12-03,0.04,0.06,0.09,0.26
2021-12-06,0.05,0.05,0.12,0.28
2021-12-07,0.05,0.06,0.15,0.31
2021-12-08,0.04,0.07,0.13,0.29
2021-12-09,0.03,0.06,0.12,0.28
2021-12-10,0.03,0.06,0.13,0.27
2021-12-13,0.01,0.05,0.11,0.27
2021-12-14,0.02,0.05,0.13,0.26
2021-12-15,0.03,0.05,0.13,0.29
2021-12-16,0.04,0.05,0.13,0.26
2021-12-17,0.03,0.05,0.13,0.27
2021-12-20,0.03,0.07,0.16,0.27
2021-12-21,0.03,0.07,0.16,0.29
2021-12-22,0.03,0.08,0.16,0.28
2021-12-23,0.04,0.07,0.18,0.31
2021-12-27,0.04,0.06,0.21,0.33
2021-12-28,0.03,0.06,0.2,0.39
2021-12-29,0.01,0.05,0.19,0.38
2021-12-30,0.06,0.05,0.19,0.38
2021-12-31,0.06,0.06,0.19,0.39
2022-01-03,0.05,0.08,0.22,0.4
2022-01-04,0.06,0.08,0.22,0.38
2022-01-05,0.05,0.09,0.22,0.41
2022-01-06,0.04,0.1,0.23,0.45
2022-01-07,0.05,0.1,0.24,0.43
2022-01-10,0.05,0.13,0.28,0.46
2022-01-11,0.04,0.11,0.28,0.46
2022-01-12,0.04,0.12,0.27,0.48
2022-01-13,0.05,0.12,0.28,0.47
2022-01-14,0.05,0.13,0.3,0.51
2022-01-18,0.05,0.16,0.37,0.58
2022-01-19,0.05,0.17,0.36,0.57
2022-01-20,0.05,0.17,0.36,0.6
2022-01-21,0.05,0.17,0.35,0.58
2022-01-24,0.05,0.19,0.39,0.58
2022-01-25,0.05,0.19,0.39,0.65
2022-01-26,0.06,0.19,0.4,0.7
2022-01-27,0.04,0.2,0.43,0.75
2022-01-28,0.04,0.19,0.43,0.75
2022-01-31,0.03,0.22,0.49,0.78
2022-02-01,0.04,0.19,0.48,0.78
2022-02-02,0.04,0.19,0.45,0.76
2022-02-03,0.03,0.2,0.48,0.78
2022-02-04,0.05,0.23,0.56,0.89
2022-02-07,0.03,0.27,0.58,0.88
2022-02-08,0.03,0.25,0.59,0.91
2022-02-09,0.04,0.26,0.57,0.91
2022-02-10,0.05,0.4,0.74,1.14
2022-02-11,0.03,0.36,0.71,1.07
2022-02-14,0.03,0.43,0.76,1.13
2022-02-15,0.02,0.4,0.72,1.11
2022-02-16,0.03,0.38,0.67,1.09
2022-02-17,0.06,0.36,0.65,1.05
2022-02-18,0.03,0.35,0.65,1.03
2022-02-22,0.03,0.37,0.73,1.17
2022-02-23,0.02,0.34,0.74,1.16
2022-02-24,0.05,0.32,0.65,1.08
2022-02-25,0.03,0.33,0.71,1.13
2022-02-28,0.06,0.35,0.69,1.01
2022-03-01,0.11,0.32,0.6,0.91
2022-03-02,0.13,0.34,0.68,1.06
2022-03-03,0.19,0.38,0.69,1.08
2022-03-04,0.15,0.34,0.69,1.05
2022-03-07,0.17,0.38,0.75,1.07
2022-03-08,0.16,0.36,0.72,1.12
2022-03-09,0.18,0.38,0.75,1.15
2022-03-10,0.19,0.39,0.75,1.19
2022-03-11,0.17,0.4,0.78,1.22
2022-03-14,0.23,0.45,0.86,1.28
2022-03-15,0.22,0.46,0.86,1.28
2022-03-16,0.24,0.44,0.86,1.35
2022-03-17,0.2,0.4,0.81,1.3
2022-03-18,0.19,0.42,0.83,1.29
2022-03-21,0.22,0.54,0.95,1.4
2022-03-22,0.2,0.51,0.96,1.59
2022-03-23,0.15,0.5,0.93,1.52
2022-03-24,0.16,0.52,0.96,1.55
2022-03-25,0.17,0.55,1.01,1.67
2022-03-28,0.19,0.59,1.08,1.69
2022-03-29,0.18,0.55,1.06,1.67
2022-03-30,0.16,0.55,1.04,1.64
2022-03-31,0.17,0.52,1.06,1.63
2022-04-01,0.15,0.53,1.09,1.72
2022-04-04,0.18,0.66,1.14,1.72
2022-04-05,0.18,0.65,1.13,1.77
2022-04-06,0.21,0.67,1.15,1.79
2022-04-07,0.21,0.68,1.15,1.78
2022-04-08,0.2,0.7,1.19,1.81
2022-04-11,0.22,0.77,1.23,1.85
2022-04-12,0.21,0.74,1.2,1.77
2022-04-13,0.26,0.75,1.2,1.78
2022-04-14,0.37,0.79,1.25,1.84
2022-04-18,0.38,0.81,1.27,1.84
2022-04-19,0.37,0.81,1.28,1.94
2022-04-20,0.35,0.82,1.29,1.93
2022-04-21,0.5,0.83,1.32,2.01
2022-04-22,0.46,0.83,1.34,2.06
2022-04-25,0.4,0.91,1.42,2.03
2022-04-26,0.38,0.83,1.4,1.99
2022-04-27,0.37,0.82,1.39,1.97
2022-04-28,0.37,0.82,1.38,2.04
2022-04-29,0.37,0.85,1.41,2.1
2022-05-02,0.41,0.9,1.49,2.1
2022-05-03,0.48,0.91,1.45,2.16
2022-05-04,0.49,0.89,1.44,2.07
2022-05-05,0.49,0.85,1.37,2.08
2022-05-06,0.48,0.85,1.41,2.08
2022-05-09,0.51,0.92,1.43,1.99
2022-05-10,0.57,0.89,1.44,2.01
2022-05-11,0.59,0.91,1.43,1.99
2022-05-12,0.61,0.96,1.44,1.96
2022-05-13,0.67,1.03,1.47,2.04
2022-05-16,0.64,1.07,1.54,2.07
2022-05-17,0.61,1.06,1.57,2.16
2022-05-18,0.56,1.03,1.56,2.16
2022-05-19,0.65,1.05,1.52,2.11
2022-05-20,0.63,1.03,1.51,2.07
2022-05-23,0.55,1.07,1.57,2.09
2022-05-24,0.55,1.06,1.53,2.02
2022-05-25,0.58,1.06,1.52,2.01
2022-05-26,0.71,1.07,1.52,1.99
2022-05-27,0.69,1.08,1.54,2.01
2022-05-31,0.73,1.16,1.64,2.08
2022-06-01,0.77,1.15,1.63,2.16
2022-06-02,0.85,1.17,1.64,2.15
2022-06-03,0.87,1.21,1.68,2.18
2022-06-06,0.88,1.26,1.74,2.23
2022-06-07,0.87,1.26,1.75,2.26
2022-06-08,0.89,1.28,1.77,2.29
2022-06-09,1.05,1.3,1.81,2.35
2022-06-10,1.1,1.39,1.98,2.58
2022-06-13,1.13,1.73,2.25,2.89
2022-06-14,1.19,1.83,2.43,3.15
2022-06-15,1.21,1.74,2.32,2.93
2022-06-16,1.19,1.59,2.24,2.88
2022-06-17,1.15,1.63,2.25,2.86
2022-06-21,1.08,1.7,2.46,2.92
2022-06-22,0.98,1.61,2.4,2.79
2022-06-23,1.12,1.65,2.44,2.78
2022-06-24,1.19,1.73,2.51,2.83
2022-06-27,1.16,1.79,2.56,2.89
2022-06-28,1.12,1.79,2.55,2.88
2022-06-29,1.12,1.78,2.55,2.88
2022-06-30,1.28,1.72,2.51,2.8
2022-07-01,1.27,1.73,2.52,2.79
2022-07-05,1.33,1.9,2.59,2.77
2022-07-06,1.36,1.9,2.62,2.82
2022-07-07,1.55,1.95,2.64,2.87
2022-07-08,1.57,1.98,2.68,2.96
2022-07-11,1.58,2.18,2.79,2.97
2022-07-12,1.63,2.22,2.78,3.07
2022-07-13,1.78,2.39,2.96,3.21
2022-07-14,1.99,2.4,2.93,3.16
2022-07-15,1.98,2.37,2.94,3.12
2022-07-18,1.96,2.5,3.02,3.13
2022-07-19,1.93,2.52,3.06,3.18
2022-07-20,1.92,2.51,3.04,3.18
2022-07-21,2.15,2.48,3.0,3.11
2022-07-22,2.15,2.49,2.97,3.01
2022-07-25,2.14,2.62,3.06,3.07
2022-07-26,2.17,2.55,3.01,3.06
2022-07-27,2.14,2.44,2.93,3.0
2022-07-28,2.2,2.42,2.9,2.93
2022-07-29,2.22,2.41,2.91,2.98
2022-08-01,2.22,2.56,2.96,2.98
2022-08-02,2.22,2.56,3.0,3.09
2022-08-03,2.2,2.52,3.0,3.14
2022-08-04,2.19,2.5,2.98,3.11
2022-08-05,2.21,2.58,3.1,3.29
2022-08-08,2.23,2.65,3.15,3.3
2022-08-09,2.23,2.67,3.16,3.33
2022-08-10,2.24,2.65,3.13,3.26
2022-08-11,2.24,2.62,3.08,3.25
2022-08-12,2.23,2.63,3.13,3.26
2022-08-15,2.27,2.72,3.13,3.23
2022-08-16,2.26,2.7,3.12,3.26
2022-08-17,2.22,2.68,3.15,3.27
2022-08-18,2.23,2.71,3.12,3.24
2022-08-19,2.23,2.74,3.16,3.26
2022-08-22,2.27,2.82,3.23,3.32
2022-08-23,2.28,2.8,3.21,3.29
2022-08-24,2.29,2.82,3.28,3.35
2022-08-25,2.42,2.88,3.25,3.33
2022-08-26,2.39,2.89,3.26,3.36
2022-08-29,2.45,2.97,3.32,3.43
2022-08-30,2.43,2.97,3.31,3.48
2022-08-31,2.4,2.96,3.32,3.5
2022-09-01,2.53,2.97,3.34,3.51
2022-09-02,2.49,2.94,3.33,3.47
2022-09-06,2.44,3.04,3.4,3.61
2022-09-07,2.3,3.07,3.42,3.6
2022-09-08,2.57,3.06,3.44,3.6
2022-09-09,2.57,3.08,3.52,3.67
2022-09-12,2.62,3.17,3.56,3.7
2022-09-13,2.55,3.28,3.75,3.92
2022-09-14,2.54,3.24,3.76,3.95
2022-09-15,2.76,3.22,3.78,4.0
2022-09-16,2.68,3.2,3.77,3.96
2022-09-19,2.62,3.37,3.87,4.05
2022-09-20,2.57,3.35,3.86,4.03
2022-09-21,2.59,3.31,3.86,4.08
2022-09-22,2.73,3.29,3.87,4.08
2022-09-23,2.67,3.24,3.85,4.15
2022-09-26,2.73,3.39,3.95,4.17
2022-09-27,2.71,3.35,3.91,4.16
2022-09-28,2.63,3.4,3.87,3.99
2022-09-29,2.78,3.36,3.87,3.98
2022-09-30,2.79,3.33,3.92,4.05
2022-10-03,2.87,3.46,3.97,4.01
2022-10-04,2.91,3.45,3.98,4.15
2022-10-05,2.89,3.46,4.0,4.14
2022-10-06,3.05,3.46,4.04,4.19
2022-10-07,3.03,3.45,4.09,4.24
2022-10-11,3.07,3.67,4.17,4.28
2022-10-12,3.07,3.7,4.16,4.28
2022-10-13,3.35,3.79,4.3,4.46
2022-10-14,3.3,3.81,4.31,4.5
2022-10-17,3.3,3.97,4.38,4.5
2022-10-18,3.25,4.04,4.39,4.5
2022-10-19,3.31,4.07,4.45,4.6
2022-10-20,3.58,4.09,4.48,4.66
2022-10-21,3.55,4.09,4.43,4.58
2022-10-24,3.57,4.16,4.52,4.61
2022-10-25,3.56,4.14,4.5,4.6
2022-10-26,3.54,4.11,4.47,4.54
2022-10-27,3.76,4.13,4.44,4.5
2022-10-28,3.75,4.18,4.51,4.55
2022-10-31,3.73,4.22,4.57,4.66
2022-11-01,3.72,4.23,4.58,4.75
2022-11-02,3.7,4.22,4.57,4.76
2022-11-03,3.75,4.25,4.57,4.78
2022-11-04,3.73,4.21,4.55,4.76
2022-11-07,3.78,4.29,4.62,4.8
2022-11-08,3.66,4.28,4.6,4.77
2022-11-09,3.65,4.29,4.59,4.75
2022-11-10,3.71,4.28,4.52,4.59
2022-11-14,3.72,4.34,4.55,4.63
2022-11-15,3.77,4.31,4.54,4.6
2022-11-16,3.81,4.32,4.54,4.62
2022-11-17,3.93,4.32,4.57,4.68
2022-11-18,3.93,4.34,4.61,4.74
2022-11-21,3.97,4.41,4.65,4.75
2022-11-22,3.97,4.4,4.68,4.79
2022-11-23,4.12,4.4,4.67,4.75
2022-11-25,4.16,4.41,4.67,4.76
2022-11-28,4.11,4.41,4.72,4.76
2022-11-29,4.08,4.38,4.72,4.78
2022-11-30,4.07,4.37,4.7,4.74
2022-12-01,4.04,4.33,4.65,4.66
2022-12-02,3.91,4.34,4.65,4.69
2022-12-05,3.93,4.36,4.73,4.77
2022-12-06,3.87,4.37,4.74,4.73
2022-12-07,3.79,4.29,4.72,4.67
2022-12-08,3.75,4.28,4.71,4.71
2022-12-09,3.81,4.31,4.72,4.72
2022-12-12,3.86,4.38,4.78,4.75
2022-12-13,3.89,4.35,4.7,4.64
2022-12-14,3.91,4.33,4.68,4.64
2022-12-15,3.95,4.34,4.7,4.65
2022-12-16,3.94,4.31,4.68,4.61
2022-12-19,3.95,4.37,4.71,4.64
2022-12-20,3.89,4.35,4.7,4.64
2022-12-21,3.9,4.33,4.67,4.6
2022-12-22,3.8,4.35,4.66,4.64
2022-12-23,3.8,4.34,4.67,4.66
2022-12-27,3.87,4.46,4.76,4.75
2022-12-28,3.86,4.46,4.75,4.71
2022-12-29,4.04,4.45,4.73,4.71
2022-12-30,4.12,4.42,4.76,4.73
2023-01-03,4.17,4.53,4.77,4.72
2023-01-04,4.2,4.55,4.77,4.71
2023-01-05,4.3,4.66,4.81,4.78
2023-01-06,4.32,4.67,4.79,4.71
2023-01-09,4.37,4.7,4.83,4.69
2023-01-10,4.41,4.73,4.85,4.74
2023-01-11,4.42,4.72,4.84,4.73
2023-01-12,4.57,4.66,4.76,4.66
2023-01-13,4.58,4.67,4.77,4.69
2023-01-17,4.6,4.71,4.82,4.67
2023-01-18,4.59,4.69,4.79,4.63
2023-01-19,4.69,4.71,4.79,4.65
2023-01-20,4.69,4.72,4.8,4.68
2023-01-23,4.69,4.73,4.82,4.7
2023-01-24,4.7,4.72,4.84,4.7
2023-01-25,4.67,4.72,4.79,4.67
2023-01-26,4.61,4.71,4.79,4.68
2023-01-27,4.61,4.73,4.81,4.68
2023-01-30,4.6,4.72,4.82,4.71
2023-01-31,4.58,4.7,4.8,4.68
2023-02-01,4.59,4.66,4.79,4.66
2023-02-02,4.62,4.66,4.76,4.64
2023-02-03,4.61,4.7,4.82,4.79
2023-02-06,4.61,4.71,4.89,4.85
2023-02-07,4.62,4.71,4.89,4.88
2023-02-08,4.64,4.72,4.88,4.87
2023-02-09,4.66,4.77,4.9,4.88
2023-02-10,4.66,4.79,4.89,4.89
2023-02-13,4.66,4.81,4.99,4.91
2023-02-14,4.63,4.8,4.98,4.99
2023-02-15,4.64,4.79,4.97,4.96
2023-02-16,4.66,4.84,4.98,4.99
2023-02-17,4.64,4.84,4.99,5.0
2023-02-21,4.63,4.86,5.07,5.07
2023-02-22,4.62,4.84,5.08,5.07
2023-02-23,4.66,4.84,5.05,5.03
2023-02-24,4.68,4.86,5.06,5.05
2023-02-27,4.67,4.89,5.18,5.03
2023-02-28,4.65,4.88,5.17,5.02
2023-03-01,4.67,4.9,5.2,5.06
2023-03-02,4.75,4.91,5.18,5.04
2023-03-03,4.75,4.91,5.18,5.03
2023-03-06,4.75,4.93,5.22,5.05
2023-03-07,4.8,5.04,5.32,5.22
2023-03-08,4.77,5.06,5.34,5.25
2023-03-09,4.83,5.05,5.32,5.18
2023-03-10,4.81,5.01,5.17,4.9
2023-03-13,4.62,4.87,4.81,4.3
2023-03-14,4.47,4.88,4.93,4.45
2023-03-15,4.23,4.75,4.73,4.19
2023-03-16,4.22,4.74,4.94,4.49
2023-03-17,4.31,4.52,4.71,4.26
2023-03-20,4.34,4.81,4.8,4.34
2023-03-21,4.07,4.78,4.96,4.68
2023-03-22,4.16,4.79,4.95,4.56
2023-03-23,4.26,4.73,4.8,4.38
2023-03-24,4.28,4.74,4.76,4.32
2023-03-27,4.22,4.91,4.86,4.51
2023-03-28,4.24,4.8,4.9,4.55
2023-03-29,4.34,4.8,4.92,4.59
2023-03-30,4.74,4.97,4.92,4.63
2023-03-31,4.74,4.85,4.94,4.64
2023-04-03,4.7,4.9,4.88,4.6
2023-04-04,4.66,4.88,4.8,4.5
2023-04-05,4.62,4.86,4.82,4.43
2023-04-06,4.57,4.91,4.93,4.51
2023-04-07,4.56,4.95,4.95,4.61
2023-04-10,4.53,5.08,4.98,4.65
2023-04-11,4.27,5.04,4.99,4.67
2023-04-12,4.27,5.02,4.98,4.64
2023-04-13,4.08,5.1,4.95,4.66
2023-04-14,4.29,5.14,5.03,4.77
2023-04-17,4.09,5.21,5.07,4.8
2023-04-18,3.89,5.2,5.09,4.81
2023-04-19,3.95,5.16,5.1,4.84
2023-04-20,3.4,5.12,5.06,4.77
2023-04-21,3.36,5.14,5.07,4.78
2023-04-24,3.54,5.2,5.06,4.76
2023-04-25,4.11,5.12,4.98,4.6
2023-04-26,3.91,5.16,5.0,4.64
2023-04-27,4.27,5.18,5.05,4.78
2023-04-28,4.35,5.1,5.06,4.8
2023-05-01,4.49,5.27,5.14,4.86
2023-05-02,4.56,5.24,5.06,4.74
2023-05-03,4.7,5.26,5.08,4.7
2023-05-04,5.76,5.26,5.04,4.59
2023-05-05,5.59,5.26,5.13,4.73
2023-05-08,5.51,5.31,5.14,4.79
2023-05-09,5.56,5.29,5.18,4.81
2023-05-10,5.5,5.24,5.13,4.7
2023-05-11,5.81,5.2,5.14,4.7
2023-05-12,5.79,5.25,5.16,4.75
2023-05-15,5.64,5.21,5.24,4.73
2023-05-16,5.58,5.23,5.26,4.88
2023-05-17,5.5,5.26,5.3,4.92
2023-05-18,5.59,5.31,5.38,5.02
2023-05-19,5.62,5.29,5.36,5.02
2023-05-22,5.69,5.4,5.43,5.07
2023-05-23,5.67,5.34,5.39,5.06
2023-05-24,5.73,5.37,5.42,5.12
2023-05-25,5.95,5.38,5.46,5.24
2023-05-26,6.02,5.34,5.44,5.25
2023-05-30,5.31,5.55,5.52,5.22
2023-05-31,5.28,5.52,5.46,5.18
2023-06-01,5.3,5.5,5.44,5.11
2023-06-02,5.28,5.5,5.5,5.22
2023-06-05,5.25,5.46,5.46,5.17
2023-06-06,5.15,5.44,5.44,5.2
2023-06-07,5.07,5.42,5.43,5.16
2023-06-08,5.25,5.38,5.39,5.12
2023-06-09,5.25,5.37,5.39,5.17
2023-06-12,5.24,5.4,5.38,5.18
2023-06-13,5.19,5.36,5.36,5.26
2023-06-14,5.18,5.36,5.36,5.27
2023-06-15,5.18,5.33,5.33,5.21
2023-06-16,5.18,5.34,5.35,5.24
2023-06-20,5.17,5.39,5.41,5.24
2023-06-21,5.16,5.4,5.41,5.25
2023-06-22,5.18,5.4,5.41,5.29
2023-06-23,5.17,5.41,5.41,5.25
2023-06-26,5.17,5.5,5.45,5.27
2023-06-27,5.17,5.44,5.46,5.33
2023-06-28,5.17,5.44,5.47,5.32
2023-06-29,5.25,5.46,5.5,5.41
2023-06-30,5.24,5.43,5.47,5.4
2023-07-03,5.27,5.44,5.53,5.43
2023-07-05,5.28,5.44,5.52,5.4
2023-07-06,5.32,5.46,5.54,5.44
2023-07-07,5.32,5.46,5.53,5.41
2023-07-10,5.34,5.48,5.54,5.38
2023-07-11,5.35,5.49,5.55,5.44
2023-07-12,5.36,5.47,5.53,5.35
2023-07-13,5.37,5.47,5.49,5.27
2023-07-14,5.37,5.49,5.52,5.34
2023-07-17,5.37,5.49,5.52,5.33
2023-07-18,5.37,5.49,5.51,5.32
2023-07-19,5.37,5.49,5.51,5.32
2023-07-20,5.44,5.49,5.52,5.35
2023-07-21,5.43,5.5,5.53,5.35
2023-07-24,5.44,5.51,5.55,5.38
2023-07-25,5.46,5.51,5.57,5.38
2023-07-26,5.46,5.51,5.55,5.37
2023-07-27,5.47,5.51,5.56,5.4
2023-07-28,5.47,5.52,5.54,5.37
2023-07-31,5.48,5.55,5.53,5.37
2023-08-01,5.49,5.54,5.54,5.38
2023-08-02,5.48,5.53,5.52,5.36
2023-08-03,5.54,5.54,5.52,5.37
2023-08-04,5.54,5.54,5.5,5.33
2023-08-07,5.54,5.56,5.53,5.3
2023-08-08,5.54,5.57,5.53,5.35
2023-08-09,5.51,5.55,5.54,5.35
2023-08-10,5.55,5.54,5.52,5.33
2023-08-11,5.54,5.54,5.52,5.36
2023-08-14,5.55,5.56,5.56,5.37
2023-08-15,5.53,5.56,5.55,5.36
2023-08-16,5.52,5.56,5.54,5.37
2023-08-17,5.55,5.56,5.53,5.36
2023-08-18,5.53,5.55,5.52,5.35
2023-08-21,5.55,5.57,5.58,5.37
2023-08-22,5.54,5.57,5.57,5.39
2023-08-23,5.54,5.57,5.55,5.35
2023-08-24,5.55,5.58,5.59,5.39
2023-08-25,5.56,5.61,5.61,5.44
2023-08-28,5.56,5.58,5.56,5.44
2023-08-29,5.54,5.56,5.52,5.37
2023-08-30,5.55,5.56,5.51,5.39
2023-08-31,5.52,5.56,5.48,5.37
2023-09-01,5.51,5.53,5.47,5.36
2023-09-05,5.51,5.55,5.51,5.42
2023-09-06,5.52,5.55,5.52,5.44
2023-09-07,5.52,5.53,5.5,5.4
2023-09-08,5.52,5.55,5.49,5.42
2023-09-11,5.52,5.55,5.51,5.4
2023-09-12,5.52,5.56,5.53,5.42
2023-09-13,5.53,5.55,5.51,5.42
2023-09-14,5.52,5.55,5.5,5.42
2023-09-15,5.51,5.56,5.49,5.43
2023-09-18,5.53,5.55,5.51,5.44
2023-09-19,5.53,5.54,5.51,5.45
2023-09-20,5.53,5.56,5.51,5.47
2023-09-21,5.52,5.57,5.52,5.46
2023-09-22,5.52,5.56,5.52,5.46
2023-09-25,5.54,5.58,5.52,5.45
2023-09-26,5.54,5.58,5.53,5.45
2023-09-27,5.54,5.58,5.53,5.49
2023-09-28,5.56,5.56,5.53,5.46
2023-09-29,5.55,5.55,5.53,5.46
2023-10-02,5.56,5.62,5.58,5.49
2023-10-03,5.55,5.62,5.58,5.49
2023-10-04,5.56,5.61,5.57,5.42
2023-10-05,5.57,5.61,5.56,5.39
2023-10-06,5.59,5.63,5.59,5.43
2023-10-10,5.6,5.61,5.57,5.37
2023-10-11,5.58,5.61,5.56,5.38
2023-10-12,5.61,5.63,5.58,5.43
2023-10-13,5.6,5.62,5.57,5.41
2023-10-16,5.57,5.61,5.58,5.42
2023-10-17,5.58,5.62,5.6,5.48
2023-10-18,5.57,5.61,5.58,5.47
2023-10-19,5.58,5.6,5.56,5.44
2023-10-20,5.56,5.58,5.54,5.41
2023-10-23,5.57,5.58,5.56,5.42
2023-10-24,5.57,5.58,5.57,5.41
2023-10-25,5.56,5.59,5.57,5.43
2023-10-26,5.57,5.59,5.55,5.39
2023-10-27,5.57,5.59,5.55,5.39
2023-10-30,5.56,5.6,5.53,5.41
2023-10-31,5.56,5.59,5.54,5.44
2023-11-01,5.56,5.57,5.51,5.37
2023-11-02,5.52,5.54,5.5,5.38
2023-11-03,5.53,5.53,5.45,5.29
2023-11-06,5.53,5.56,5.47,5.33
2023-11-07,5.53,5.55,5.47,5.33
2023-11-08,5.52,5.54,5.46,5.34
2023-11-09,5.53,5.54,5.46,5.39
2023-11-10,5.53,5.53,5.46,5.38
2023-11-13,5.53,5.55,5.48,5.37
2023-11-14,5.52,5.52,5.41,5.24
2023-11-15,5.52,5.53,5.41,5.27
2023-11-16,5.53,5.51,5.38,5.23
2023-11-17,5.52,5.5,5.39,5.24
2023-11-20,5.53,5.54,5.43,5.25
2023-11-21,5.52,5.53,5.42,5.24
2023-11-22,5.54,5.54,5.42,5.26
2023-11-24,5.55,5.54,5.45,5.27
2023-11-27,5.54,5.49,5.45,5.24
2023-11-28,5.53,5.47,5.42,5.21
2023-11-29,5.53,5.45,5.38,5.12
2023-11-30,5.56,5.45,5.38,5.16
2023-12-01,5.55,5.43,5.33,5.05
2023-12-04,5.55,5.46,5.41,5.1
2023-12-05,5.54,5.45,5.37,5.06
2023-12-06,5.54,5.45,5.38,5.07
2023-12-07,5.53,5.44,5.36,5.05
2023-12-08,5.54,5.44,5.39,5.13
2023-12-11,5.55,5.47,5.4,5.14
2023-12-12,5.53,5.46,5.41,5.14
2023-12-13,5.52,5.44,5.33,4.94
2023-12-14,5.54,5.43,5.31,4.9
2023-12-15,5.54,5.44,5.33,4.95
2023-12-18,5.52,5.46,5.36,4.95
2023-12-19,5.51,5.43,5.35,4.93
2023-12-20,5.5,5.44,5.33,4.88
2023-12-21,5.54,5.42,5.31,4.84
2023-12-22,5.54,5.44,5.31,4.82
2023-12-26,5.53,5.45,5.28,4.83
2023-12-27,5.55,5.44,5.26,4.79
2023-12-28,5.57,5.45,5.28,4.82
2023-12-29,5.6,5.4,5.26,4.79
2024-01-02,5.55,5.46,5.24,4.8
2024-01-03,5.54,5.48,5.25,4.81
2024-01-04,5.56,5.48,5.25,4.85
2024-01-05,5.54,5.47,5.24,4.84
2024-01-08,5.54,5.49,5.24,4.82
2024-01-09,5.53,5.47,5.24,4.82
2024-01-10,5.53,5.46,5.23,4.82
2024-01-11,5.54,5.46,5.22,4.75
2024-01-12,5.55,5.45,5.16,4.65
2024-01-16,5.54,5.45,5.18,4.7
2024-01-17,5.54,5.47,5.2,4.8
2024-01-18,5.53,5.45,5.2,4.8
2024-01-19,5.54,5.45,5.21,4.84
2024-01-22,5.53,5.46,5.22,4.83
2024-01-23,5.53,5.45,5.21,4.81
2024-01-24,5.52,5.44,5.22,4.83
2024-01-25,5.54,5.44,5.19,4.76
2024-01-26,5.54,5.44,5.19,4.78
2024-01-29,5.53,5.42,5.19,4.76
2024-01-30,5.53,5.42,5.19,4.8
2024-01-31,5.53,5.42,5.18,4.73
2024-02-01,5.49,5.42,5.15,4.68
2024-02-02,5.49,5.43,5.22,4.81
2024-02-05,5.49,5.42,5.25,4.87
2024-02-06,5.48,5.44,5.23,4.82
2024-02-07,5.47,5.43,5.23,4.83
2024-02-08,5.49,5.44,5.24,4.83
2024-02-09,5.49,5.44,5.26,4.86
2024-02-12,5.49,5.43,5.27,4.87
2024-02-13,5.48,5.45,5.32,4.99
2024-02-14,5.48,5.43,5.31,4.94
2024-02-15,5.49,5.43,5.3,4.93
2024-02-16,5.48,5.44,5.31,4.98
2024-02-20,5.49,5.44,5.32,4.97
2024-02-21,5.5,5.44,5.32,4.98
2024-02-22,5.49,5.45,5.32,5.02
2024-02-23,5.49,5.46,5.32,5.0
2024-02-26,5.5,5.47,5.34,5.03
2024-02-27,5.5,5.45,5.33,5.03
2024-02-28,5.5,5.45,5.31,5.0
2024-02-29,5.53,5.45,5.3,5.01
2024-03-01,5.54,5.42,5.27,4.94
2024-03-04,5.51,5.48,5.37,4.98
2024-03-05,5.5,5.47,5.35,4.94
2024-03-06,5.5,5.47,5.35,4.95
2024-03-07,5.51,5.47,5.34,4.93
2024-03-08,5.51,5.46,5.34,4.92
2024-03-11,5.5,5.48,5.35,4.95
2024-03-12,5.52,5.48,5.37,5.0
2024-03-13,5.52,5.48,5.37,5.01
2024-03-14,5.52,5.48,5.38,5.04
2024-03-15,5.52,5.48,5.38,5.05
2024-03-18,5.52,5.48,5.39,5.06
2024-03-19,5.52,5.48,5.39,5.06
2024-03-20,5.5,5.47,5.36,5.01
2024-03-21,5.51,5.48,5.36,5.01
2024-03-22,5.51,5.46,5.34,4.98
2024-03-25,5.51,5.46,5.36,5.0
2024-03-26,5.5,5.46,5.36,5.0
2024-03-27,5.5,5.45,5.36,4.99
2024-03-28,5.49,5.46,5.38,5.03
2024-04-01,5.49,5.44,5.36,5.06
2024-04-02,5.49,5.42,5.34,5.05
2024-04-03,5.47,5.42,5.33,5.03
2024-04-04,5.47,5.41,5.32,5.0
2024-04-05,5.47,5.43,5.34,5.05
2024-04-08,5.48,5.43,5.35,5.07
2024-04-09,5.48,5.43,5.34,5.03
2024-04-10,5.49,5.45,5.4,5.19
2024-04-11,5.48,5.45,5.38,5.17
2024-04-12,5.48,5.45,5.36,5.13
2024-04-15,5.49,5.45,5.38,5.16
2024-04-16,5.49,5.45,5.39,5.18
2024-04-17,5.49,5.45,5.38,5.16
2024-04-18,5.49,5.46,5.39,5.18
2024-04-19,5.49,5.45,5.39,5.17
2024-04-22,5.49,5.42,5.39,5.16
2024-04-23,5.49,5.45,5.39,5.14
2024-04-24,5.49,5.46,5.4,5.17
2024-04-25,5.48,5.47,5.41,5.21
2024-04-26,5.48,5.46,5.4,5.21
2024-04-29,5.48,5.45,5.43,5.2
2024-04-30,5.48,5.46,5.44,5.25
2024-05-01,5.47,5.46,5.43,5.21
2024-05-02,5.51,5.46,5.42,5.16
2024-05-03,5.51,5.45,5.41,5.12
2024-05-06,5.51,5.45,5.42,5.12
2024-05-07,5.51,5.45,5.41,5.13
2024-05-08,5.51,5.45,5.41,5.13
2024-05-09,5.51,5.46,5.41,5.12
2024-05-10,5.51,5.47,5.43,5.17
2024-05-13,5.5,5.45,5.43,5.16
2024-05-14,5.5,5.44,5.43,5.16
2024-05-15,5.49,5.45,5.4,5.1
2024-05-16,5.51,5.45,5.41,5.13
2024-05-17,5.5,5.46,5.41,5.14
2024-05-20,5.5,5.45,5.43,5.15
2024-05-21,5.5,5.45,5.42,5.14
2024-05-22,5.49,5.45,5.43,5.16
2024-05-23,5.51,5.46,5.44,5.2
2024-05-24,5.56,5.46,5.44,5.21
2024-05-28,5.5,5.46,5.43,5.21
2024-05-29,5.5,5.46,5.43,5.22
2024-05-30,5.48,5.46,5.42,5.19
2024-05-31,5.48,5.46,5.42,5.18
2024-06-03,5.49,5.52,5.39,5.14
2024-06-04,5.48,5.52,5.38,5.11
2024-06-05,5.48,5.51,5.37,5.08
2024-06-06,5.48,5.51,5.36,5.08
2024-06-07,5.47,5.52,5.4,5.17
2024-06-10,5.47,5.52,5.4,5.16
2024-06-11,5.46,5.52,5.39,5.17
2024-06-12,5.47,5.51,5.38,5.13
2024-06-13,5.47,5.51,5.36,5.07
2024-06-14,5.47,5.51,5.36,5.07
2024-06-17,5.45,5.52,5.39,5.11
2024-06-18,5.4,5.5,5.37,5.09
2024-06-20,5.42,5.5,5.37,5.1
2024-06-21,5.42,5.49,5.36,5.1
2024-06-24,5.42,5.5,5.37,5.1
2024-06-25,5.43,5.49,5.37,5.1
2024-06-26,5.44,5.5,5.36,5.13
2024-06-27,5.48,5.49,5.35,5.1
2024-06-28,5.47,5.48,5.33,5.09
2024-07-01,5.48,5.47,5.37,5.1
2024-07-02,5.48,5.47,5.36,5.07
2024-07-03,5.49,5.47,5.36,5.04
2024-07-05,5.48,5.46,5.34,4.98
2024-07-08,5.48,5.46,5.33,4.99
2024-07-09,5.45,5.46,5.34,5.02
2024-07-10,5.46,5.46,5.33,5.01
2024-07-11,5.48,5.44,5.25,4.91
2024-07-12,5.47,5.43,5.23,4.87
2024-07-15,5.48,5.43,5.23,4.85
2024-07-16,5.48,5.43,5.23,4.85
2024-07-17,5.47,5.43,5.23,4.85
2024-07-18,5.48,5.43,5.23,4.86
2024-07-19,5.48,5.43,5.24,4.87
2024-07-22,5.49,5.43,5.24,4.88
2024-07-23,5.49,5.41,5.22,4.85
2024-07-24,5.5,5.4,5.19,4.82
2024-07-25,5.49,5.39,5.19,4.83
2024-07-26,5.49,5.38,5.18,4.79
2024-07-29,5.5,5.41,5.18,4.79
2024-07-30,5.5,5.4,5.16,4.78
2024-07-31,5.49,5.41,5.14,4.73
2024-08-01,5.55,5.37,5.08,4.62
2024-08-02,5.54,5.29,4.88,4.33
2024-08-05,5.52,5.35,4.91,4.34
2024-08-06,5.5,5.34,5.0,4.46
2024-08-07,5.5,5.34,4.99,4.45
2024-08-08,5.55,5.34,5.01,4.48
2024-08-09,5.54,5.33,5.02,4.5
2024-08-12,5.53,5.33,5.02,4.47
2024-08-13,5.48,5.32,4.97,4.4
2024-08-14,5.49,5.32,5.0,4.42
2024-08-15,5.53,5.34,5.04,4.52
2024-08-16,5.53,5.33,5.02,4.49
2024-08-19,5.51,5.31,5.0,4.48
2024-08-20,5.48,5.29,4.97,4.43
2024-08-21,5.45,5.26,4.92,4.36
2024-08-22,5.51,5.28,4.96,4.43
2024-08-23,5.51,5.25,4.92,4.36
2024-08-26,5.49,5.24,4.91,4.38
2024-08-27,5.49,5.23,4.89,4.34
2024-08-28,5.47,5.21,4.87,4.36
2024-08-29,5.4,5.22,4.89,4.38
2024-08-30,5.41,5.21,4.89,4.38
2024-09-03,5.38,5.19,4.8,4.35
2024-09-04,5.33,5.18,4.74,4.23
2024-09-05,5.3,5.15,4.73,4.21
2024-09-06,5.28,5.13,4.69,4.1
2024-09-09,5.25,5.11,4.68,4.12
2024-09-10,5.18,5.06,4.65,4.07
2024-09-11,5.21,5.1,4.72,4.12
2024-09-12,5.18,5.06,4.68,4.09
2024-09-13,5.15,4.97,4.6,4.0
2024-09-16,5.11,4.96,4.55,3.96
2024-09-17,5.05,4.95,4.55,3.99
2024-09-18,4.91,4.84,4.5,3.95
2024-09-19,4.89,4.8,4.46,3.93
2024-09-20,4.87,4.75,4.43,3.92
2024-09-23,4.85,4.72,4.4,3.91
2024-09-24,4.78,4.69,4.36,3.88
2024-09-25,4.79,4.69,4.36,3.89
2024-09-26,4.9,4.68,4.38,3.96
2024-09-27,4.9,4.68,4.35,3.9
2024-09-30,4.93,4.73,4.38,3.98
2024-10-01,4.96,4.71,4.36,3.96
2024-10-02,4.92,4.69,4.36,3.97
2024-10-03,4.99,4.68,4.37,4.02
2024-10-04,5.01,4.73,4.45,4.2
2024-10-07,5.0,4.77,4.45,4.24
2024-10-08,4.96,4.75,4.44,4.21
2024-10-09,4.93,4.75,4.46,4.24
2024-10-10,4.98,4.75,4.45,4.22
2024-10-11,4.97,4.73,4.44,4.18
2024-10-15,4.93,4.73,4.42,4.18
2024-10-16,4.91,4.72,4.42,4.17
2024-10-17,4.93,4.74,4.45,4.21
2024-10-18,4.92,4.73,4.45,4.19
2024-10-21,4.92,4.73,4.47,4.24
2024-10-22,4.89,4.72,4.47,4.24
2024-10-23,4.88,4.73,4.48,4.27
2024-10-24,4.87,4.7,4.48,4.25
2024-10-25,4.89,4.73,4.51,4.29
2024-10-28,4.88,4.7,4.46,4.28
2024-10-29,4.88,4.7,4.45,4.29
2024-10-30,4.87,4.67,4.44,4.28
2024-10-31,4.76,4.64,4.43,4.27
2024-11-01,4.75,4.61,4.42,4.28
2024-11-04,4.75,4.65,4.39,4.25
2024-11-05,4.72,4.64,4.39,4.27
2024-11-06,4.68,4.64,4.41,4.31
2024-11-07,4.69,4.63,4.4,4.28
2024-11-08,4.7,4.63,4.42,4.32
2024-11-12,4.7,4.63,4.45,4.38
2024-11-13,4.69,4.6,4.4,4.31
2024-11-14,4.7,4.61,4.43,4.36
2024-11-15,4.7,4.6,4.44,4.34
2024-11-18,4.7,4.63,4.44,4.33
2024-11-19,4.67,4.62,4.44,4.34
2024-11-20,4.68,4.62,4.44,4.37
2024-11-21,4.72,4.63,4.45,4.39
2024-11-22,4.72,4.63,4.46,4.42
2024-11-25,4.74,4.62,4.46,4.37
2024-11-26,4.74,4.61,4.45,4.37
2024-11-27,4.76,4.6,4.43,4.34
2024-11-29,4.76,4.58,4.42,4.3
2024-12-02,4.75,4.51,4.43,4.3
2024-12-03,4.66,4.49,4.4,4.27
2024-12-04,4.65,4.47,4.38,4.23
2024-12-05,4.59,4.46,4.38,4.23
2024-12-06,4.57,4.42,4.34,4.19
2024-12-09,4.56,4.42,4.34,4.2
2024-12-10,4.53,4.41,4.35,4.22
2024-12-11,4.49,4.38,4.32,4.21
2024-12-12,4.43,4.35,4.31,4.22
2024-12-13,4.43,4.34,4.32,4.24
2024-12-16,4.43,4.37,4.3,4.24
2024-12-17,4.46,4.38,4.3,4.25
2024-12-18,4.44,4.36,4.3,4.3
2024-12-19,4.42,4.35,4.29,4.28
2024-12-20,4.43,4.34,4.29,4.27
2024-12-23,4.44,4.36,4.3,4.26
2024-12-24,4.44,4.4,4.3,4.24
2024-12-26,4.45,4.35,4.31,4.23
2024-12-27,4.44,4.31,4.29,4.2
2024-12-30,4.43,4.37,4.25,4.17
2024-12-31,4.4,4.37,4.24,4.16
