cik,opmargin_change_rank
0000001800,453
0000002098,768
0000002488,2538
0000002969,311
0000003197,146
0000003453,1549
0000003545,623
0000003570,1967
0000004127,2597
0000004281,1107
0000004904,1712
0000005981,386
0000006176,116
0000006201,716
0000006281,2510
0000006951,2561
0000006955,130
0000007431,741
0000007536,996
0000007623,56
0000008063,2166
0000008146,73
0000008858,1012
0000009092,1423
0000009326,424
0000010048,858
0000010329,1291
0000010456,1273
0000010795,1454
0000012040,1372
0000012208,1222
0000012239,707
0000012927,2196
0000013156,2285
0000014177,688
0000014846,2372
0000014930,111
0000015357,647
0000015615,1109
0000016040,444
0000016058,1996
0000016160,1315
0000016732,660
0000017843,1137
0000018230,104
0000018255,1044
0000018498,1048
0000018926,160
0000019584,611
0000019745,1711
0000019871,140
0000020212,2292
0000021344,664
0000021665,448
0000022701,1650
0000023194,806
0000023197,2579
0000023217,666
0000023795,2364
0000024741,1161
0000025232,2366
0000025445,775
0000025743,289
0000026058,2544
0000026172,124
0000026324,85
0000026780,2186
0000027419,1409
0000027430,1648
0000027904,720
0000027996,908
0000028823,100
0000029002,2534
0000029332,1251
0000029534,1329
0000029905,112
0000029989,2067
0000030305,2167
0000030697,1466
0000031107,773
0000031235,1168
0000031462,421
0000031791,1281
0000033185,1986
0000033213,795
0000033488,1129
0000033533,2520
0000034067,1415
0000034285,1899
0000034903,2345
0000036840,2407
0000037472,1090
0000037785,483
0000037996,2169
0000038264,2750
0000038725,2572
0000038777,1524
0000039911,1038
0000040533,2190
0000040570,1632
0000040704,691
0000041719,1248
0000042888,118
0000043196,182
0000045876,1316
0000045919,2071
0000046080,1100
0000046129,1275
0000046619,2173
0000046765,843
0000047111,655
0000047217,110
0000048287,1445
0000048898,2566
0000049071,1425
0000049826,91
0000050493,1243
0000050725,764
0000050863,2613
0000051253,336
0000052827,2430
0000053456,1671
0000054187,1621
0000055135,2055
0000055242,61
0000055785,1223
0000056047,1542
0000056978,2480
0000057515,676
0000059255,446
0000059527,98
0000060519,1518
0000060667,1261
0000060714,373
0000061004,2620
0000061986,105
0000062234,1446
0000062709,1187
0000062996,756
0000063276,1344
0000063330,1690
0000063754,678
0000063908,1367
0000064040,1902
0000064463,2729
0000064803,2665
0000065596,1759
0000065770,2625
0000065984,1750
0000066004,1688
0000066382,1077
0000066570,1226
0000066740,1215
0000067716,2449
0000067887,84
0000068505,2588
0000068622,203
0000069422,1567
0000069488,732
0000069633,2615
0000070145,1738
0000070318,583
0000070487,1041
0000070866,96
0000071557,169
0000071691,910
0000071829,2064
0000072162,407
0000072205,1402
0000072331,79
0000072444,321
0000072573,1169
0000072741,1682
0000073290,485
0000073756,828
0000074046,1170
0000074208,2346
0000074303,466
0000075252,1022
0000075288,1432
0000075677,1383
0000076282,761
0000076334,760
0000076605,2194
0000077360,99
0000077476,663
0000077543,2323
0000078128,1752
0000078239,1050
0000078890,280
0000079661,1523
0000079879,427
0000080035,1147
0000080172,769
0000080420,2578
0000080424,436
0000081061,1284
0000081362,1352
0000082020,2453
0000082473,2404
0000083246,1517
0000084748,384
0000084839,2050
0000085535,2392
0000087802,895
0000088000,1672
0000088121,933
0000088205,82
0000088941,2595
0000089089,1151
0000089439,1120
0000090168,2155
0000091142,2580
0000091388,673
0000091440,765
0000091767,1290
0000092122,1724
0000092380,710
0000093314,233
0000093389,2180
0000094049,473
0000094845,1374
0000095029,780
0000095953,433
0000096021,949
0000096271,1721
0000096536,83
0000096869,1093
0000096943,1536
0000097134,131
0000097210,1056
0000097216,138
0000097476,2533
0000097745,1266
0000098222,1562
0000098362,87
0000098677,674
0000099780,2171
0000100122,1747
0000100378,64
0000100493,662
0000100517,715
0000100591,1306
0000100726,1171
0000100885,1309
0000101538,1816
0000101594,877
0000101829,2181
0000101984,2576
0000102729,751
0000102752,979
0000103595,1296
0000103730,2548
0000104169,1347
0000104918,1664
0000105016,1019
0000105132,419
0000105319,1280
0000105418,1241
0000105634,1396
0000105744,793
0000105770,1154
0000106040,72
0000106532,940
0000106535,2360
0000106640,2592
0000107263,1652
0000107687,2187
0000107815,1729
0000107833,1726
0000108516,1183
0000108985,1733
0000109177,2541
0000109563,1017
0000110471,1465
0000202058,1242
0000205402,1001
0000215466,2770
0000216228,128
0000216877,1166
0000275053,406
0000275880,2034
0000276720,1553
0000277135,1003
0000277509,2178
0000277638,547
0000277948,1184
0000278165,2128
0000310142,414
0000310764,1238
0000312257,935
0000313616,1265
0000313927,428
0000314203,2765
0000314227,376
0000314808,860
0000315213,2020
0000315293,1089
0000315374,1152
0000315958,2080
0000317540,668
0000318154,355
0000318300,1055
0000318833,1317
0000320121,1800
0000320193,86
0000350698,1773
0000350894,1560
0000351998,1786
0000352541,1723
0000352915,605
0000352955,883
0000352991,1582
0000354707,1718
0000354950,1267
0000354963,190
0000355811,2206
0000355948,964
0000356037,1957
0000356309,1731
0000700923,1110
0000701719,2651
0000701985,2656
0000702165,1496
0000703351,1385
0000703604,1029
0000704440,1156
0000704532,1515
0000706698,1377
0000707549,78
0000708821,63
0000709005,1373
0000711377,450
0000711404,1574
0000712034,914
0000714256,1149
0000715787,1365
0000715957,1732
0000716133,186
0000716634,1218
0000716643,1114
0000717423,831
0000717605,413
0000717954,1148
0000718332,937
0000718937,870
0000719135,1037
0000719733,2570
0000719955,1525
0000720154,1058
0000720515,1674
0000721693,222
0000722313,2509
0000722572,2611
0000723125,2488
0000723254,1334
0000723531,1007
0000725394,2211
0000727273,2241
0000727346,2426
0000727510,374
0000728385,1080
0000728391,1662
0000729580,2583
0000730349,690
0000730464,896
0000731766,1388
0000731802,1653
0000732712,177
0000732717,172
0000732834,894
0000733590,2424
0000737758,93
0000744218,2796
0000744825,582
0000745308,1593
0000745732,1054
0000746514,1658
0000746515,276
0000746598,1209
0000746838,1950
0000747540,1033
0000748268,640
0000749251,971
0000750004,2108
0000751365,1498
0000751978,2507
0000752714,2058
0000755001,1719
0000761648,2436
0000763744,2184
0000764065,2774
0000764180,1074
0000764622,1656
0000764630,2751
0000766421,722
0000766792,148
0000766829,1713
0000769397,1836
0000769520,120
0000771266,2635
0000771497,2024
0000771999,1663
0000773840,2185
0000775158,2216
0000778164,389
0000779152,1997
0000779544,1194
0000780571,1303
0000783325,1717
0000784199,1203
0000784539,993
0000784977,1749
0000785786,2465
0000787250,1647
0000788329,1155
0000788784,1665
0000788816,1722
0000788920,1433
0000788965,1762
0000789019,1998
0000789460,942
0000789570,1487
0000789933,1175
0000790051,736
0000790526,597
0000790816,2425
0000791908,494
0000791963,1628
0000792987,126
0000793074,1277
0000793171,504
0000793306,797
0000793524,2458
0000793952,2225
0000794367,1332
0000795403,748
0000796343,2021
0000796505,2606
0000798081,1079
0000798354,2122
0000798359,2429
0000798783,2390
0000799233,1193
0000799288,1308
0000799292,2325
0000801337,1460
0000802481,689
0000803578,230
0000804328,2600
0000805928,1307
0000807863,68
0000807882,1470
0000810136,2599
0000810332,723
0000811156,1730
0000811222,627
0000811596,1143
0000811641,388
0000812011,2295
0000812074,1254
0000813298,1065
0000813672,2015
0000813716,652
0000814453,735
0000814547,1870
0000814586,658
0000814676,1407
0000815097,1531
0000815556,1228
0000816761,2150
0000817720,2531
0000818479,1504
0000818686,398
0000819793,1450
0000820313,2547
0000821130,151
0000821189,807
0000821483,808
0000822370,432
0000822818,1693
0000823277,950
0000823768,1684
0000825542,405
0000827052,1784
0000827099,1619
0000827187,1505
0000828146,45
0000829224,1327
0000829323,2212
0000831259,2772
0000831641,960
0000832101,77
0000832428,181
0000832988,2681
0000833640,2593
0000835011,1824
0000836157,134
0000837465,1132
0000838875,661
0000839087,1289
0000842023,369
0000842162,2183
0000842633,763
0000843006,997
0000844059,1645
0000844985,1118
0000845819,156
0000846913,141
0000849145,2081
0000849146,445
0000849395,1178
0000851205,1104
0000851310,2524
0000851520,1035
0000851968,1416
0000853816,1282
0000854775,101
0000855658,2518
0000856982,1276
0000856984,1502
0000857005,1944
0000858470,836
0000858877,74
0000860731,2002
0000861459,1113
0000861884,999
0000862651,2235
0000862861,1630
0000863110,1683
0000863436,2559
0000864749,1191
0000865752,672
0000866273,1339
0000866729,915
0000866787,1775
0000866829,841
0000867038,801
0000867840,932
0000868278,331
0000868780,2218
0000868857,988
0000871763,2022
0000872589,439
0000872912,1490
0000873303,319
0000874015,325
0000874238,1096
0000874396,771
0000874499,789
0000874716,425
0000875320,359
0000875355,1677
0000875582,749
0000875657,2601
0000876167,1916
0000876343,464
0000876523,2653
0000876883,2056
0000877212,106
0000879101,2361
0000879169,966
0000879407,527
0000879526,2258
0000879585,168
0000880117,680
0000880266,88
0000880631,1541
0000880984,1126
0000882095,396
0000882508,2535
0000882835,1292
0000883107,459
0000883237,1606
0000883241,2142
0000883569,1121
0000883902,779
0000883984,1262
0000884144,1854
0000884614,1676
0000884624,1063
0000884887,1513
0000885245,1039
0000885307,1293
0000885508,641
0000885568,1714
0000885590,502
0000885639,1363
0000885725,1232
0000885978,614
0000886128,2624
0000886163,308
0000886206,994
0000886346,108
0000886744,335
0000887359,368
0000887396,878
0000887596,1395
0000887733,934
0000887905,2437
0000887936,986
0000888981,1568
0000889348,2147
0000889900,829
0000890564,2069
0000891014,333
0000891103,1894
0000891482,1428
0000891532,1792
0000892553,781
0000893538,876
0000894405,1323
0000894556,553
0000894627,874
0000894871,202
0000895126,787
0000895417,2388
0000895419,2497
0000895447,1088
0000896156,1337
0000896264,431
0000896429,137
0000896622,739
0000896878,2042
0000897077,115
0000897448,360
0000897723,2575
0000898173,1769
0000898293,2563
0000898437,1338
0000899460,488
0000899629,2336
0000899751,1349
0000899923,430
0000901491,1406
0000903129,2210
0000906553,1501
0000906709,324
0000907254,2393
0000908255,2174
0000908315,2683
0000908937,171
0000909724,1485
0000909832,1343
0000910329,683
0000910406,648
0000910606,2387
0000910638,1802
0000911147,1413
0000911177,1695
0000912061,952
0000912093,2542
0000912562,1493
0000912615,1057
0000912728,272
0000912766,901
0000913142,1213
0000913241,1414
0000913277,1172
0000914156,1288
0000914208,1565
0000914475,351
0000915840,2326
0000915912,2382
0000915913,362
0000916076,2454
0000916365,1256
0000916540,651
0000917251,2365
0000917520,1130
0000918541,69
0000918965,1021
0000919012,1026
0000920148,596
0000920371,757
0000920522,2434
0000921082,2396
0000921299,297
0000921582,1458
0000921638,2348
0000922224,1702
0000922358,2686
0000922621,1101
0000923120,2220
0000923601,2253
0000923796,2320
0000924168,2498
0000924719,1447
0000926282,2536
0000926326,50
0000926423,1116
0000927003,2530
0000927066,600
0000928054,417
0000928340,1728
0000929008,1009
0000929351,1530
0000930420,2019
0000931015,2192
0000931148,2603
0000932021,2628
0000932696,2669
0000933034,2205
0000933036,1989
0000933972,2626
0000933974,149
0000934549,2439
0000934612,1247
0000935036,2052
0000935419,1497
0000935703,1304
0000936395,2512
0000936468,2208
0000937556,1324
0000939767,382
0000940944,1421
0000943452,2198
0000943819,1217
0000944075,76
0000944695,1278
0000944809,395
0000945114,1011
0000945841,1014
0000945983,1028
0000946563,1605
0000946644,24
0000948320,622
0000948708,1799
0000949157,928
0000949870,703
0001000228,1018
0001000623,889
0001000694,513
0001000697,1596
0001000753,2028
0001001115,1295
0001001233,705
0001001250,440
0001001316,377
0001001614,847
0001001838,2773
0001002590,2654
0001002638,2041
0001002910,1660
0001003078,1013
0001004724,1590
0001004980,1685
0001005101,2699
0001005210,2659
0001005284,2607
0001005757,1977
0001006028,354
0001006045,1302
0001006281,310
0001006655,846
0001006837,754
0001007019,679
0001007587,165
0001009829,1236
0001009891,2182
0001010086,506
0001012019,1772
0001013237,2074
0001013488,1426
0001013857,2141
0001013871,1754
0001013880,2037
0001013934,893
0001014473,1988
0001014739,608
0001014763,2799
0001016281,1230
0001017303,54
0001017655,1975
0001018164,989
0001018724,2663
0001018840,1061
0001018963,1185
0001019849,1777
0001020214,1087
0001020569,2359
0001020710,1023
0001020859,941
0001021561,931
0001021635,1736
0001021860,129
0001021917,638
0001022079,599
0001022321,1123
0001022505,2153
0001022652,2604
0001022671,1135
0001023024,397
0001023128,1778
0001023313,882
0001023459,1855
0001023994,2311
0001024305,465
0001024478,1196
0001024795,746
0001026655,742
0001027838,1158
0001029199,1436
0001030192,2768
0001030894,2555
0001031203,1770
0001031235,2419
0001031296,1704
0001031308,2051
0001032220,2018
0001034054,2402
0001034670,2204
0001034760,1955
0001034842,447
0001035201,1739
0001035267,1162
0001035983,1234
0001036044,38
0001037868,1260
0001037976,1589
0001038074,2516
0001038277,1670
0001039280,1898
0001039399,2532
0001039684,1703
0001040470,1620
0001040829,2378
0001040896,1823
0001040971,2381
0001041061,1376
0001041514,1348
0001041803,1335
0001041859,1108
0001041934,1202
0001042046,1297
0001042893,144
0001043277,279
0001043337,2214
0001043509,1776
0001043961,1403
0001044777,2104
0001045450,2405
0001045609,2350
0001045810,2505
0001046102,2001
0001046257,684
0001046311,1528
0001046568,888
0001047127,2537
0001047335,604
0001047340,1643
0001047862,1705
0001048268,1401
0001048286,1453
0001048477,474
0001048695,94
0001048911,718
0001049502,1216
0001049521,2515
0001049606,750
0001050377,1006
0001050446,2760
0001050797,1351
0001050915,1398
0001051470,2409
0001051512,155
0001051627,2486
0001052752,1508
0001053507,2414
0001053706,1318
0001054102,1390
0001054905,438
0001056288,1585
0001056358,404
0001056696,2043
0001056903,1706
0001057060,1781
0001057352,1903
0001057379,961
0001058090,1464
0001058290,2045
0001058623,197
0001059556,2006
0001060391,1696
0001060822,1326
0001060955,1020
0001061069,1667
0001061219,1679
0001061983,31
0001062231,2217
0001062822,231
0001063761,2421
0001064728,1484
0001065059,2456
0001065088,2098
0001065280,1455
0001065696,1032
0001066194,1871
0001066923,225
0001067294,1418
0001067701,2014
0001068148,762
0001068689,2203
0001069183,745
0001069202,114
0001069258,2202
0001069394,426
0001069533,1740
0001069878,1325
0001069899,410
0001070050,560
0001070081,509
0001070423,1397
0001070494,468
0001070750,2373
0001071739,1361
0001072379,227
0001072627,1255
0001075531,275
0001075736,193
0001076930,2584
0001078271,81
0001080014,467
0001080340,2375
0001080657,2403
0001081316,1697
0001081745,2135
0001081938,317
0001082554,463
0001083301,2740
0001083446,990
0001083490,2165
0001083522,644
0001084048,189
0001084267,217
0001084765,1805
0001084869,2642
0001084961,2706
0001084991,809
0001085277,284
0001085392,1678
0001086600,1535
0001087294,497
0001088034,1350
0001088413,147
0001088856,489
0001089063,2684
0001089819,1748
0001089872,1478
0001090396,2286
0001090727,1378
0001090872,1190
0001091667,180
0001092699,2061
0001093557,1115
0001093691,2481
0001094285,1246
0001095146,2716
0001095565,1940
0001095651,2408
0001095981,2263
0001096056,429
0001096275,2149
0001096343,1561
0001096752,461
0001097149,1271
0001097864,2491
0001098009,517
0001098972,314
0001099160,159
0001099219,1340
0001099369,2157
0001099590,2112
0001099800,1245
0001100682,965
0001101239,2363
0001101302,734
0001101433,2075
0001102238,1627
0001102993,1815
0001103982,669
0001104038,2725
0001104485,2775
0001104506,292
0001104657,766
0001106644,500
0001107843,1954
0001108109,601
0001108426,1692
0001108524,1980
0001109116,154
0001109242,1305
0001109262,282
0001109354,1364
0001109357,1709
0001109448,1543
0001110607,57
0001110803,1195
0001111485,1604
0001111711,1699
0001111741,2771
0001111928,2591
0001113169,1554
0001113232,139
0001114483,1410
0001114925,51
0001114936,223
0001114995,2602
0001116132,1393
0001116463,1580
0001116942,2565
0001117057,637
0001117171,2596
0001117297,1985
0001119643,551
0001120193,1546
0001120970,873
0001121484,107
0001121788,1200
0001122904,109
0001122976,371
0001123360,2146
0001123494,791
0001124105,505
0001124198,1127
0001124524,442
0001124796,2503
0001125345,299
0001125376,602
0001127475,744
0001127537,1224
0001128928,675
0001130310,1700
0001130464,1691
0001130713,2655
0001132105,2667
0001133062,2063
0001133311,2076
0001133421,1188
0001136869,1206
0001136893,2038
0001137091,136
0001137789,47
0001138118,1583
0001138476,615
0001138723,1488
0001139685,2250
0001140102,1947
0001140215,712
0001140536,1117
0001140859,946
0001141103,2054
0001141197,800
0001141284,2485
0001141391,1982
0001142417,175
0001142750,1892
0001144215,2556
0001144879,2162
0001144980,1779
0001145197,1263
0001145255,1588
0001145986,699
0001156039,1434
0001156041,2594
0001156375,1559
0001157408,897
0001157601,345
0001158114,2568
0001158172,2088
0001158449,1765
0001158463,721
0001158780,2303
0001159036,454
0001160420,323
0001160791,2764
0001162194,322
0001163609,692
0001163739,822
0001165002,1592
0001166003,277
0001166691,194
0001166708,1186
0001167419,2733
0001169138,2309
0001169445,2111
0001171155,274
0001171326,1300
0001171759,1417
0001173489,2036
0001173514,132
0001175454,1878
0001176334,958
0001177394,1005
0001177609,1177
0001177648,316
0001177702,1333
0001179929,1448
0001180262,943
0001185348,2709
0001190370,1527
0001192448,1144
0001193311,1687
0001196298,1489
0001200375,290
0001201792,886
0001206264,1103
0001210677,1896
0001210708,2083
0001211583,380
0001211805,1841
0001213037,2780
0001213809,270
0001217234,574
0001218683,2734
0001219601,767
0001224133,1934
0001224608,1301
0001227636,1119
0001227654,2447
0001228627,535
0001230058,698
0001230524,747
0001232524,338
0001232582,2431
0001235468,1961
0001235912,1036
0001236275,726
0001237831,1192
0001254699,2660
0001257640,457
0001260221,2189
0001261333,1913
0001261654,904
0001262039,80
0001262823,456
0001262976,911
0001265521,30
0001267565,394
0001269026,2232
0001270436,1514
0001271833,179
0001272842,2526
0001274494,2528
0001274737,591
0001275158,1249
0001275187,1358
0001276187,1716
0001278021,1566
0001278027,694
0001280058,1856
0001280263,2514
0001280452,2539
0001282224,1167
0001282637,435
0001282648,849
0001283699,188
0001285550,1205
0001285785,486
0001286139,2091
0001286613,890
0001286681,936
0001287098,891
0001287213,60
0001288403,799
0001288469,2493
0001288847,1875
0001289340,1545
0001289419,1547
0001289460,1408
0001289490,2417
0001289848,985
0001289945,199
0001290900,2163
0001294133,1319
0001295514,714
0001297184,477
0001297937,2279
0001297989,2004
0001297996,2367
0001299130,554
0001299969,1613
0001300514,1386
0001301787,1025
0001304161,953
0001306830,408
0001307748,2399
0001307954,452
0001308027,2460
0001308208,1412
0001308547,2394
0001309108,2048
0001309402,350
0001310383,2435
0001310630,5
0001311370,1552
0001314102,2762
0001314196,2197
0001314727,2511
0001315061,814
0001315098,1922
0001315257,1380
0001316835,1381
0001317630,1715
0001317685,92
0001317945,778
0001318008,1046
0001318220,1727
0001318484,1045
0001318605,2177
0001319161,2283
0001319947,1040
0001320350,925
0001320414,610
0001320760,976
0001320854,2219
0001321655,1811
0001321732,1342
0001323468,938
0001323885,1163
0001324404,356
0001324424,268
0001324759,526
0001325618,1165
0001325702,2590
0001325964,2445
0001326110,288
0001326200,1098
0001326205,532
0001326380,1153
0001326706,2265
0001326732,636
0001326801,2039
0001327567,143
0001327811,1849
0001327978,2362
0001328581,1031
0001329606,1681
0001332174,1579
0001332349,589
0001333274,1479
0001333493,1219
0001333822,2621
0001334036,740
0001334325,1102
0001334978,2089
0001335258,2299
0001336047,1694
0001336920,2040
0001337013,1199
0001337298,332
0001337634,2294
0001338474,824
0001339005,629
0001340476,2113
0001341439,1992
0001341766,665
0001342423,1853
0001342916,2767
0001342958,2560
0001345016,1141
0001345126,1283
0001347178,478
0001348362,2638
0001349436,803
0001349706,2605
0001350102,226
0001350593,752
0001351636,2151
0001352010,1995
0001352190,837
0001352952,20
0001354866,2585
0001355096,2673
0001355790,411
0001355839,1843
0001355848,1526
0001356090,235
0001356115,2415
0001356576,400
0001357615,1140
0001357671,2696
0001357874,11
0001360214,487
0001360442,1563
0001360565,1946
0001361538,1176
0001361658,1463
0001362004,983
0001362190,2118
0001362468,717
0001364397,827
0001364954,881
0001365135,2109
0001366868,157
0001367644,479
0001367993,1840
0001368265,923
0001368458,2672
0001368514,349
0001368757,2380
0001369290,1173
0001369568,392
0001370053,492
0001370450,984
0001370637,1818
0001370946,1438
0001371285,1313
0001371451,363
0001371489,973
0001372299,523
0001372612,1893
0001373715,2049
0001374567,1179
0001374881,1516
0001375365,67
0001376139,1360
0001376231,2226
0001376321,1767
0001376339,1624
0001376793,2743
0001377149,2525
0001377630,2126
0001378325,1744
0001378590,1874
0001378950,1764
0001380106,1507
0001381531,1510
0001382101,295
0001382574,17
0001383312,2035
0001383650,1763
0001384101,576
0001384195,1634
0001384905,1905
0001385157,991
0001385662,826
0001385818,498
0001385849,2442
0001386044,2695
0001386278,2712
0001386301,1923
0001386570,471
0001387467,2581
0001388295,2314
0001388658,1091
0001389170,1649
0001391135,499
0001392380,328
0001392694,173
0001393052,2017
0001393311,2389
0001393434,529
0001393584,1835
0001393781,42
0001393883,1791
0001394056,40
0001394638,859
0001395937,266
0001395942,1768
0001396009,2451
0001396536,2249
0001396814,402
0001397016,1394
0001397183,1820
0001397187,1482
0001398659,981
0001398733,294
0001398805,2495
0001399520,1341
0001400891,170
0001401257,89
0001401521,1336
0001401667,482
0001401914,22
0001402057,2678
0001402328,443
0001402436,2000
0001402829,1142
0001403161,1880
0001403568,2674
0001404655,1888
0001404804,2237
0001405495,2433
0001406666,166
0001407704,2335
0001408075,1495
0001408198,1942
0001408710,2564
0001409171,2676
0001409947,844
0001410098,437
0001410384,1847
0001410428,1603
0001410636,1701
0001411057,919
0001411207,2230
0001411579,1159
0001411690,1085
0001412408,1876
0001412502,2413
0001413329,1422
0001413447,2501
0001414382,26
0001414953,682
0001415404,163
0001417663,1557
0001417926,1442
0001418121,2398
0001418135,681
0001418819,192
0001419275,913
0001419612,2496
0001419793,39
0001419951,2259
0001420520,12
0001420800,1111
0001421517,70
0001422143,346
0001422892,256
0001422930,2110
0001423221,1345
0001423902,1737
0001424768,1086
0001424929,1801
0001425205,303
0001425287,872
0001425292,381
0001425355,2779
0001425450,1133
0001425627,2308
0001427570,2446
0001428336,1929
0001428439,164
0001429260,306
0001429393,2470
0001429764,2487
0001430306,329
0001432133,1999
0001433195,1932
0001433270,798
0001433551,830
0001433607,704
0001433660,49
0001434070,818
0001434316,462
0001434588,892
0001434621,2702
0001434728,1751
0001434868,347
0001435064,1617
0001436126,968
0001436208,1229
0001437107,204
0001437226,967
0001437402,364
0001437578,1047
0001437750,2795
0001437925,1897
0001438133,944
0001438231,1796
0001438423,2587
0001438472,1540
0001438533,348
0001438943,1806
0001439222,253
0001439264,2708
0001439288,71
0001439725,572
0001441236,1357
0001441683,1962
0001441816,1904
0001442145,1984
0001442236,1638
0001443863,557
0001445305,1821
0001446847,302
0001447028,236
0001447362,579
0001447669,1908
0001448431,1848
0001449349,534
0001449792,2608
0001450704,1659
0001451505,796
0001451809,2492
0001453593,1551
0001453687,2788
0001454938,1885
0001455863,2397
0001456189,2175
0001457919,852
0001459200,2030
0001459839,1146
0001460329,1925
0001462056,1850
0001462223,853
0001462418,2097
0001463000,1610
0001463101,2612
0001463972,2489
0001464521,1481
0001464790,926
0001466258,1328
0001466593,1698
0001467373,2009
0001467623,2072
0001467761,4
0001467858,2201
0001468327,2649
0001468328,603
0001468929,1476
0001469367,2504
0001469443,922
0001471727,700
0001473334,1575
0001473490,2640
0001474098,2358
0001474167,963
0001474432,53
0001474735,2552
0001474903,1987
0001476045,2423
0001476840,2065
0001477294,1220
0001477333,1976
0001477449,581
0001477720,1830
0001477815,1468
0001478242,992
0001478320,343
0001479615,21
0001479681,2032
0001481582,998
0001481792,912
0001482554,1809
0001484612,1440
0001484769,1322
0001484778,2680
0001486159,842
0001486957,119
0001487197,649
0001487952,2567
0001488139,1435
0001488917,1139
0001489393,412
0001489874,546
0001489993,955
0001490281,2103
0001490978,409
0001492422,326
0001492691,1391
0001493137,1136
0001493594,2545
0001493761,2616
0001494259,2115
0001494558,884
0001494582,1612
0001494891,1794
0001495231,2124
0001495320,1069
0001495932,1598
0001496443,1860
0001497645,2410
0001498828,2384
0001499200,1761
0001499832,198
0001500198,921
0001500217,2438
0001500412,2521
0001500435,1581
0001500881,2763
0001501585,2200
0001501697,287
0001501989,525
0001502292,1072
0001502557,2461
0001503274,1597
0001503802,340
0001504776,1287
0001505155,1844
0001505497,221
0001505952,1926
0001506293,2096
0001506307,1668
0001506492,1602
0001506929,7
0001507079,1270
0001507605,2741
0001510295,1312
0001510964,470
0001511737,2546
0001511820,1673
0001512673,2120
0001514183,2313
0001514416,2003
0001514443,2114
0001514705,1382
0001514991,195
0001515139,2301
0001515673,484
0001517022,490
0001517175,939
0001517228,2519
0001517302,1571
0001517375,1914
0001518461,2500
0001519061,418
0001519472,1084
0001519751,1437
0001520006,868
0001520118,2693
0001520262,481
0001520358,670
0001521036,460
0001521332,2209
0001522540,1831
0001522727,1708
0001522767,401
0001524025,977
0001524472,95
0001525221,719
0001525306,969
0001525769,1451
0001526113,2339
0001526520,2085
0001527352,2754
0001527541,2422
0001527702,178
0001527753,634
0001527762,2490
0001528287,1346
0001528356,1753
0001528396,1891
0001529113,539
0001529628,2448
0001529864,2710
0001530804,399
0001530950,667
0001530979,2685
0001531152,1354
0001531177,1070
0001532286,855
0001533758,162
0001533924,929
0001534154,646
0001534504,1124
0001534525,315
0001534675,1389
0001534708,2694
0001534969,2793
0001535955,555
0001537054,183
0001537435,145
0001538379,2125
0001539838,871
0001540684,23
0001541401,2376
0001542447,2357
0001543151,1930
0001544522,1966
0001546296,2239
0001546417,1392
0001546853,2131
0001547459,1272
0001549346,2145
0001549595,556
0001549966,1614
0001550913,2338
0001551152,434
0001551306,588
0001552000,1467
0001552033,2092
0001552275,1298
0001552797,1486
0001553079,2377
0001553788,2782
0001555017,784
0001555279,1359
0001556739,1927
0001557376,313
0001557746,304
0001557798,37
0001558569,2455
0001559053,228
0001559432,1787
0001559720,1972
0001559865,2093
0001560258,1231
0001560293,733
0001560327,2025
0001560385,158
0001561032,2411
0001561550,1953
0001561680,2327
0001561921,1235
0001562088,1917
0001562151,654
0001562733,491
0001563190,1622
0001563665,248
0001563922,1644
0001564408,1867
0001564902,2298
0001565687,2106
0001566011,1125
0001566044,307
0001566610,2698
0001566826,945
0001567683,1657
0001568100,1828
0001568385,1833
0001568651,1214
0001569187,1569
0001569345,1907
0001570562,366
0001570585,187
0001570827,1576
0001570937,1180
0001571123,1945
0001571949,1519
0001571996,65
0001573221,2647
0001574085,2368
0001574094,246
0001575515,1294
0001575828,823
0001575965,2349
0001576280,575
0001576427,2119
0001576873,2317
0001576942,2657
0001577445,2746
0001578732,1556
0001579091,1911
0001579157,1042
0001579214,2132
0001579241,2070
0001579428,365
0001579733,695
0001579877,2351
0001579878,2231
0001580560,1834
0001580670,2322
0001580808,62
0001580905,2324
0001581091,1646
0001581552,839
0001581760,2116
0001581990,1399
0001582961,2094
0001582982,2099
0001583107,337
0001583708,1866
0001584549,1609
0001585364,495
0001585389,2420
0001585521,1921
0001585608,260
0001585689,1411
0001587523,2527
0001588014,1990
0001588978,1258
0001589149,907
0001589150,510
0001589526,2179
0001590418,2477
0001590560,241
0001590584,1321
0001590714,423
0001590877,566
0001590895,1462
0001590955,1965
0001590976,2224
0001591698,1939
0001591890,2784
0001591956,2726
0001593001,8
0001593184,1812
0001593549,2268
0001594805,1936
0001595974,1912
0001596532,102
0001596961,1978
0001596993,1052
0001597033,1958
0001597672,1550
0001597846,1279
0001598665,1252
0001598981,2557
0001599117,211
0001599407,1073
0001599617,135
0001600222,899
0001600347,790
0001600620,353
0001600626,2340
0001600641,2644
0001600983,2483
0001601046,1122
0001601548,982
0001601830,544
0001603015,2044
0001603145,1053
0001604464,545
0001604665,378
0001604821,590
0001604868,1075
0001605331,2341
0001605888,1941
0001606163,1483
0001606268,1760
0001606498,1310
0001606757,2569
0001606909,1499
0001607962,2164
0001609151,1882
0001609253,2275
0001609550,1274
0001609711,1933
0001609804,451
0001610853,794
0001611046,1783
0001611052,1886
0001611115,580
0001611647,659
0001613780,887
0001614178,1924
0001615063,1837
0001615165,2005
0001616000,1441
0001616533,2549
0001616543,1707
0001616707,2652
0001616862,441
0001617406,1227
0001617553,1868
0001617640,1895
0001618732,1951
0001618755,1210
0001618756,1211
0001618835,538
0001619856,252
0001620393,2371
0001620533,1429
0001621434,820
0001621906,2761
0001622345,2482
0001622536,1492
0001623526,552
0001623925,1710
0001624326,16
0001624512,906
0001625278,1845
0001625297,352
0001625641,1862
0001625941,2395
0001626450,1865
0001627475,2090
0001628369,1595
0001628808,731
0001628908,1004
0001630627,1457
0001630805,758
0001631574,261
0001632970,2370
0001633369,2633
0001633917,2066
0001633931,1452
0001635077,2742
0001636222,1233
0001636422,2252
0001636519,2297
0001637147,1918
0001637207,2291
0001637757,1655
0001637873,1937
0001637880,1720
0001638290,2221
0001638826,1838
0001639068,1204
0001639300,1314
0001639438,1356
0001639691,1405
0001639723,1964
0001639825,1066
0001640147,1819
0001640266,543
0001640384,2731
0001640428,1883
0001640967,2343
0001641281,2785
0001641614,918
0001642380,2759
0001642896,1859
0001643154,1640
0001643303,2478
0001643615,974
0001643721,1027
0001643953,1370
0001644378,980
0001644903,449
0001645113,1533
0001645460,224
0001645590,44
0001645873,2416
0001646188,2473
0001647088,2095
0001647639,2711
0001648087,862
0001648960,2797
0001649744,1049
0001649904,330
0001650164,1935
0001650372,2073
0001650648,3
0001650664,251
0001650696,697
0001650729,1008
0001651308,358
0001651562,2105
0001651721,2356
0001652044,1960
0001652130,327
0001652535,2562
0001653087,558
0001653482,1863
0001653558,2046
0001653653,1491
0001655210,645
0001655759,536
0001655923,514
0001656472,379
0001657214,1798
0001657573,1881
0001657788,854
0001658247,15
0001658566,833
0001659166,1237
0001660134,1971
0001660280,1858
0001660334,334
0001660734,2342
0001661181,519
0001661458,2412
0001661779,2721
0001662579,501
0001662684,2468
0001662972,2344
0001662991,1938
0001664703,2506
0001664710,2794
0001665300,2213
0001665918,948
0001665988,1212
0001666071,2102
0001666134,1981
0001666138,2523
0001667011,2529
0001667313,1851
0001668010,2274
0001668243,301
0001668397,987
0001669779,1771
0001669811,1994
0001670076,727
0001670592,1269
0001671858,293
0001671927,372
0001671933,1993
0001672013,1201
0001673358,1387
0001673743,1889
0001674101,2551
0001674227,1807
0001674335,1083
0001674356,2457
0001674416,150
0001674632,1064
0001674862,956
0001674910,1368
0001674930,624
0001676047,1766
0001676163,900
0001676238,1846
0001677576,1594
0001679049,954
0001679268,805
0001679788,2727
0001680062,90
0001680247,838
0001680378,512
0001680873,947
0001681459,66
0001681622,2589
0001682149,639
0001682265,1600
0001682639,18
0001682745,269
0001682852,254
0001683606,1910
0001684144,247
0001687932,1474
0001688126,2331
0001688757,1016
0001689375,2634
0001690680,1573
0001690820,1774
0001692063,1331
0001692415,32
0001692427,840
0001692787,1746
0001692819,1591
0001692951,2432
0001693256,815
0001693317,2154
0001693736,1974
0001694028,817
0001694426,1431
0001695963,2722
0001696088,845
0001696556,685
0001697500,52
0001698514,812
0001698538,2355
0001698990,835
0001699031,561
0001699039,810
0001699136,142
0001699150,122
0001699350,1509
0001701108,2304
0001701758,1537
0001701963,2690
0001702744,724
0001702780,208
0001702924,706
0001703056,2011
0001703057,249
0001703956,1320
0001704292,480
0001704711,1099
0001704715,1182
0001704720,1444
0001705110,2133
0001705843,220
0001706946,2749
0001707910,902
0001707919,2240
0001707925,416
0001708035,383
0001708055,2121
0001708341,2282
0001709164,2550
0001709628,1355
0001709682,1931
0001709941,291
0001710155,1197
0001710340,367
0001710350,2739
0001710366,1131
0001711141,341
0001711269,1686
0001711279,390
0001711799,2352
0001711929,2369
0001712189,1586
0001712463,1181
0001712762,1788
0001713210,593
0001713407,2427
0001713445,1810
0001713683,2012
0001713863,1822
0001714562,2271
0001716166,1240
0001716621,516
0001716947,524
0001717115,1949
0001718224,1366
0001718227,1128
0001718500,458
0001718512,121
0001718939,1629
0001720116,1963
0001720420,2008
0001720592,1919
0001720635,103
0001720893,244
0001721484,300
0001722482,1375
0001722684,1471
0001722731,1793
0001723059,245
0001723128,387
0001724521,533
0001724965,869
0001725255,612
0001725430,1150
0001726445,1864
0001726711,2
0001726978,1068
0001728117,309
0001728688,2086
0001728951,2418
0001729149,609
0001729637,255
0001730168,2517
0001730430,393
0001730463,259
0001730773,729
0001731348,263
0001733998,1675
0001734722,1852
0001734750,542
0001735041,97
0001735438,2756
0001736297,2508
0001736730,258
0001737523,2462
0001737706,813
0001738177,2499
0001738827,811
0001739410,262
0001739445,755
0001739566,671
0001739940,1362
0001740332,1034
0001740604,2713
0001740742,2333
0001741489,957
0001743725,2060
0001743745,2334
0001743759,59
0001743881,339
0001743907,725
0001744489,2293
0001745999,240
0001746618,2679
0001747079,1160
0001748137,2619
0001748790,1225
0001748824,1577
0001749723,2140
0001750106,916
0001750155,1626
0001750704,2078
0001751008,1909
0001753162,1607
0001753539,2617
0001754170,970
0001754195,415
0001755101,549
0001755347,1558
0001755953,2691
0001756064,209
0001756262,1511
0001756390,422
0001757073,1207
0001757715,2778
0001758009,19
0001758021,737
0001758488,2289
0001758730,1532
0001758766,1829
0001759186,2622
0001759425,537
0001759509,1970
0001759631,239
0001759774,2354
0001759824,1030
0001760026,2682
0001760233,2658
0001760689,2614
0001760965,1157
0001761612,2692
0001762303,1060
0001763925,1539
0001764046,1872
0001766368,777
0001766400,606
0001766502,2662
0001767042,1661
0001767258,759
0001768224,568
0001768267,2156
0001769624,701
0001769628,2100
0001770501,528
0001770787,1082
0001771514,2383
0001771515,1520
0001771706,420
0001771910,403
0001772016,687
0001772177,1253
0001772720,1615
0001772921,1782
0001773751,625
0001774675,1948
0001775194,2752
0001776661,1956
0001776909,1555
0001777319,978
0001777393,2522
0001777835,2720
0001777921,1884
0001778129,1639
0001779128,578
0001779474,2107
0001780201,2648
0001781162,541
0001781335,2543
0001781755,1578
0001782107,2790
0001782170,1873
0001782430,2374
0001783180,133
0001783183,285
0001783328,564
0001784058,1756
0001784254,196
0001784440,2233
0001784535,1857
0001784570,2312
0001785056,2463
0001785279,563
0001785424,1901
0001786117,2347
0001786352,1877
0001786842,1264
0001787306,344
0001788060,2244
0001788230,2637
0001788451,1785
0001788882,1257
0001788999,1826
0001789029,848
0001789832,821
0001789940,1400
0001790169,2318
0001792044,320
0001792580,865
0001792781,1067
0001792789,2053
0001792849,856
0001793229,2059
0001793659,2281
0001794515,1959
0001794669,1973
0001794783,1092
0001795139,1641
0001795250,2273
0001795586,2707
0001796209,2010
0001799191,584
0001799448,214
0001800227,2136
0001800637,507
0001800667,1861
0001801169,1642
0001801170,1250
0001801368,2769
0001801602,1915
0001801661,1789
0001802156,2246
0001802255,2664
0001802457,2316
0001802665,475
0001802768,455
0001802974,548
0001803599,2079
0001803696,167
0001803737,586
0001803901,618
0001803914,2643
0001803977,2256
0001804176,975
0001804745,1095
0001805077,2464
0001805385,43
0001805521,216
0001805526,2748
0001805651,2148
0001805833,2251
0001806201,2715
0001806347,657
0001806837,2117
0001806952,2798
0001807166,550
0001807616,863
0001807887,2629
0001808665,518
0001808834,2007
0001809104,2084
0001809519,2101
0001809750,2016
0001809987,1371
0001810019,1943
0001810806,2193
0001811063,232
0001811074,2385
0001811210,2248
0001811935,2677
0001812360,909
0001812364,632
0001812477,2736
0001812727,1105
0001814114,2781
0001814287,1625
0001815442,318
0001816017,205
0001816431,2745
0001816581,41
0001816708,1512
0001816937,213
0001817004,1790
0001817358,2675
0001817760,2443
0001818093,1081
0001818331,628
0001818382,570
0001818383,1887
0001818643,834
0001818644,540
0001819142,2475
0001819253,472
0001819404,880
0001819438,2757
0001819493,1734
0001819516,708
0001819576,242
0001819790,342
0001819796,1548
0001819810,2243
0001819928,1920
0001819974,2540
0001819989,2738
0001819994,2144
0001820144,1906
0001820190,296
0001820721,2598
0001820872,281
0001820875,2254
0001820953,2703
0001821159,1051
0001821175,1803
0001821769,2627
0001821806,2646
0001822359,620
0001822462,530
0001822492,770
0001822791,2747
0001822928,2199
0001822966,2755
0001823239,312
0001823466,2261
0001823584,903
0001823587,1076
0001823878,2143
0001824893,250
0001824920,642
0001825024,1608
0001825079,36
0001825452,2139
0001826000,920
0001826011,2238
0001826397,2744
0001826470,2668
0001826600,1743
0001826660,55
0001826667,1534
0001826681,1755
0001826889,2645
0001827090,2129
0001828016,2138
0001828161,2610
0001828318,2467
0001828536,2476
0001828748,1758
0001828791,1952
0001828805,2623
0001828962,125
0001828972,191
0001829280,2160
0001829311,2791
0001829794,2792
0001829864,2047
0001830033,238
0001830043,1842
0001830072,1601
0001830081,2023
0001830214,520
0001831096,2172
0001831097,592
0001831651,2571
0001831868,631
0001831915,1443
0001832038,522
0001832161,6
0001832332,595
0001832466,1311
0001832483,28
0001832511,577
0001833197,738
0001833498,1623
0001833756,1221
0001833769,728
0001833835,2077
0001834376,616
0001834488,1879
0001834584,2687
0001834622,75
0001835022,508
0001835632,2574
0001835830,1869
0001836754,898
0001836833,2582
0001836875,2471
0001836981,2123
0001837014,1651
0001837240,58
0001837254,493
0001838163,13
0001838406,782
0001838615,1570
0001838987,1587
0001839285,1991
0001839341,2737
0001839530,2127
0001839839,776
0001840102,2130
0001840233,267
0001840317,14
0001840425,2264
0001840502,1825
0001840572,2290
0001840780,1506
0001840877,2689
0001841156,1969
0001841761,2650
0001841925,2554
0001841968,1503
0001842022,1689
0001842279,1742
0001842566,1900
0001842939,496
0001843656,2353
0001843724,286
0001843973,711
0001844392,621
0001844452,1424
0001844505,1239
0001844862,2632
0001844971,2717
0001845123,565
0001845257,585
0001845815,2029
0001846069,1813
0001846084,713
0001846253,643
0001846576,1244
0001847064,885
0001847367,2636
0001847590,995
0001847986,2609
0001848334,2466
0001848416,1637
0001849253,1138
0001849380,2337
0001849635,2786
0001849820,46
0001850902,370
0001851003,1979
0001851491,696
0001851961,2330
0001852244,271
0001852575,2379
0001852973,650
0001853070,917
0001853145,2057
0001853513,1097
0001853825,2176
0001853962,2766
0001854139,653
0001854445,2631
0001854963,2701
0001854964,2391
0001855447,2513
0001855457,184
0001855467,2630
0001855509,2222
0001855747,1839
0001856314,1890
0001856437,1043
0001856485,1473
0001856525,1010
0001856725,210
0001857086,1268
0001857154,1174
0001857475,1636
0001857816,2661
0001857853,2586
0001858685,375
0001859199,2257
0001860160,2229
0001860543,1439
0001860742,1106
0001861107,1480
0001861622,783
0001861795,2223
0001863990,785
0001864531,626
0001864943,753
0001865107,2666
0001865200,924
0001865506,879
0001865631,2328
0001865782,594
0001866175,802
0001866368,2062
0001866581,1427
0001866633,2027
0001866757,1330
0001866816,1564
0001867066,357
0001867096,361
0001868159,2401
0001868275,1633
0001868419,927
0001868726,476
0001869198,2288
0001870144,10
0001870600,1112
0001870940,607
0001871509,1459
0001871638,562
0001872525,1928
0001872789,1477
0001873213,875
0001873529,1584
0001873722,2783
0001873951,2026
0001874097,229
0001874178,2227
0001874315,2472
0001874875,2671
0001875444,1529
0001876042,2718
0001877322,127
0001877939,959
0001878848,2735
0001878897,1616
0001879016,298
0001879293,48
0001879726,33
0001880319,503
0001880343,2469
0001880613,2033
0001881487,850
0001882781,1
0001882850,2441
0001883085,2705
0001883313,2670
0001883685,2284
0001883814,1449
0001884164,1635
0001886362,27
0001886894,1808
0001887944,1094
0001888447,1725
0001891027,1814
0001891101,656
0001891856,1522
0001892316,630
0001892322,2245
0001892492,2732
0001893262,2428
0001894954,2618
0001895249,1461
0001895262,804
0001895618,219
0001897762,1015
0001898496,1968
0001898718,273
0001898766,243
0001898795,786
0001899287,2484
0001901203,686
0001901440,972
0001902314,2553
0001902733,1832
0001903508,1000
0001905956,2267
0001906324,469
0001907982,2474
0001909747,385
0001910139,2319
0001914496,2400
0001915657,1134
0001918080,2272
0001920406,2777
0001921865,305
0001921963,2188
0001922335,1797
0001922446,2278
0001923780,730
0001927958,2262
0001928446,864
0001929017,1631
0001929561,278
0001930313,619
0001932393,1379
0001933567,867
0001934245,1795
0001935799,1164
0001936258,264
0001936804,1078
0001937653,788
0001937891,962
0001937987,1024
0001938046,743
0001938109,2753
0001938338,200
0001940243,2639
0001941365,1469
0001943289,1599
0001943896,1817
0001944013,774
0001944048,391
0001944558,816
0001945619,2134
0001946563,515
0001946573,2776
0001947210,2300
0001947861,212
0001948455,1544
0001948864,1456
0001951667,2307
0001952073,2296
0001952853,2159
0001953988,2260
0001955520,2450
0001956741,2440
0001956744,2704
0001956955,2479
0001957132,2573
0001958086,825
0001958140,2270
0001959023,215
0001960355,2168
0001960847,1472
0001961847,2641
0001962481,702
0001963088,2724
0001963685,35
0001964738,1384
0001964789,2697
0001964979,1189
0001965040,567
0001965052,2714
0001967649,930
0001967680,1286
0001968487,1259
0001968915,2191
0001971213,174
0001972234,218
0001972529,1419
0001973062,571
0001973266,2287
0001974138,117
0001976900,951
0001978111,559
0001980088,866
0001981535,2758
0001981599,1680
0001981792,2406
0001983736,2269
0001984060,857
0001984086,25
0001985554,2234
0001990354,2013
0001992243,2494
0001993004,1741
0001994214,2302
0001994373,633
0001995807,2386
0001995920,1059
0001996192,283
0001996810,2558
0001997859,905
0001999001,2276
0001999261,1572
0002000178,2207
0002001184,587
0002001557,9
0002003750,2787
0002005951,1420
0002007596,1071
0002007825,2266
0002007855,1757
0002009312,2305
0002009684,2306
0002010982,1827
0002011134,2158
0002011208,521
0002011286,1983
0002011514,2332
0002011641,1002
0002012383,1500
0002013745,1538
0002013807,152
0002014596,598
0002015845,2321
0002016167,1804
0002017206,1198
0002017758,1618
0002018064,153
0002019410,569
0002020795,206
0002021728,2502
0002022308,1654
0002022626,237
0002023554,34
0002024306,2329
0002025410,2195
0002026053,1611
0002026478,161
0002028336,2031
0002028707,2459
0002029014,234
0002029118,709
0002030763,1669
0002030781,1780
0002030954,832
0002032341,2310
0002032545,2236
0002032609,511
0002032966,2068
0002033383,2247
0002033770,2789
0002034288,1735
0002035149,113
0002035832,257
0002035989,1208
0002038118,1666
0002039497,2723
0002040127,2170
0002041385,1353
0002041610,176
0002042022,2730
0002042694,677
0002046042,2719
0002046386,1369
0002048519,123
0002050338,1494
0002051380,2688
0002052568,1430
0002053641,1145
0002054696,2082
0002055592,2728
0002057381,635
0002057463,201
0002063196,2152
0002063863,207
0002064124,2700
0002064307,2452
0002064947,819
0002065708,2137
0002067129,1475
0002067767,2228
0002067876,185
0002068385,2315
0002068577,1404
0002069604,617
0002069785,1285
0002070849,573
0002071288,613
0002074176,851
0002076148,2277
0002077709,2242
0002078008,2215
0002078416,2280
0002079720,693
0002080126,2577
0002081043,861
0002083632,2087
0002085187,1521
0002086587,2255
0002088896,792
0002089661,1299
0002093101,265
0002093536,2161
0002097163,29
0002100782,531
0002101698,772
0002104052,1745
0002104204,1062
0002108121,2444
